Workbook

Sheet Liste
P1: Différence
A2: Colonne1 | B2: Prenom | C2: Nom | D2: Colonne2 | E2: Âge | F2: Colonne32 | G2: Lepool.com | H2: HM | I2: Pool Pro | J2: HN | K2: ESPN | L2: CBS | M2: Moyenne | N2: MJ | O2: Final | P2: Lepool.com2 | Q2: HM2 | R2: Pool Pro2 | S2: ESPN2 | T2: CBS2 | U2: Moyenne2
B3: Patrik | C3: Laine | D3: =Tableau1[[#This Row],[Prenom]]&" "&Tableau1[[#This Row],[Nom]] -> Patrik Laine | E3: =VLOOKUP(Tableau1[[#This Row],[Colonne2]],'BCP stats'!$C$6:$D$305,2,FALSE) -> 18 | G3: 60 | H3: 48 | J3: 46 | K3: 43 | L3: 37 | M3: =AVERAGE(Tableau1[[#This Row],[Lepool.com]:[CBS]]) -> 46.8 | N3: =VLOOKUP(Tableau1[[#This Row],[Colonne2]],Final!$B$3:$I$302,4,FALSE) -> 73 | O3: =VLOOKUP(Tableau1[[#This Row],[Colonne2]],Final!$B$3:$I$302,7,FALSE) -> 64 | P3: =Tableau1[[#This Row],[Final]]-Tableau1[[#This Row],[Lepool.com]] -> 4 | Q3: =Tableau1[[#This Row],[Final]]-Tableau1[[#This Row],[HM]] -> 16 | R3: =Tableau1[[#This Row],[Final]]-Tableau1[[#This Row],[Pool Pro]] -> 64 | S3: =Tableau1[[#This Row],[Final]]-Tableau1[[#This Row],[ESPN]] -> 21 | T3: =Tableau1[[#This Row],[Final]]-Tableau1[[#This Row],[CBS]] -> 27 | U3: =Tableau1[[#This Row],[Final]]-Tableau1[[#This Row],[Moyenne]] -> 17.2
B4: Mitchell | C4: Marner | D4: =Tableau1[[#This Row],[Prenom]]&" "&Tableau1[[#This Row],[Nom]] -> Mitchell Marner | E4: =VLOOKUP(Tableau1[[#This Row],[Colonne2]],'BCP stats'!$C$6:$D$305,2,FALSE) -> 19 | H4: 48 | J4: 49 | L4: 36 | M4: =AVERAGE(Tableau1[[#This Row],[Lepool.com]:[CBS]]) -> 44.333333 | N4: =VLOOKUP(Tableau1[[#This Row],[Colonne2]],Final!$B$3:$I$302,4,FALSE) -> 77 | O4: =VLOOKUP(Tableau1[[#This Row],[Colonne2]],Final!$B$3:$I$302,7,FALSE) -> 61 | P4: =Tableau1[[#This Row],[Final]]-Tableau1[[#This Row],[Lepool.com]] -> 61 | Q4: =Tableau1[[#This Row],[Final]]-Tableau1[[#This Row],[HM]] -> 13 | R4: =Tableau1[[#This Row],[Final]]-Tableau1[[#This Row],[Pool Pro]] -> 61 | S4: =Tableau1[[#This Row],[Final]]-Tableau1[[#This Row],[ESPN]] -> 61 | T4: =Tableau1[[#This Row],[Final]]-Tableau1[[#This Row],[CBS]] -> 25 | U4: =Tableau1[[#This Row],[Final]]-Tableau1[[#This Row],[Moyenne]] -> 16.666667
B5: Connor | C5: McDavid | D5: =Tableau1[[#This Row],[Prenom]]&" "&Tableau1[[#This Row],[Nom]] -> Connor McDavid | E5: =VLOOKUP(Tableau1[[#This Row],[Colonne2]],'BCP stats'!$C$6:$D$305,2,FALSE) -> 19 | G5: 90 | H5: 87 | I5: 85 | J5: 96 | K5: 84 | L5: 82 | M5: =AVERAGE(Tableau1[[#This Row],[Lepool.com]:[CBS]]) -> 87.333333 | N5: =VLOOKUP(Tableau1[[#This Row],[Colonne2]],Final!$B$3:$I$302,4,FALSE) -> 82 | O5: =VLOOKUP(Tableau1[[#This Row],[Colonne2]],Final!$B$3:$I$302,7,FALSE) -> 100 | P5: =Tableau1[[#This Row],[Final]]-Tableau1[[#This Row],[Lepool.com]] -> 10 | Q5: =Tableau1[[#This Row],[Final]]-Tableau1[[#This Row],[HM]] -> 13 | R5: =Tableau1[[#This Row],[Final]]-Tableau1[[#This Row],[Pool Pro]] -> 15 | S5: =Tableau1[[#This Row],[Final]]-Tableau1[[#This Row],[ESPN]] -> 16 | T5: =Tableau1[[#This Row],[Final]]-Tableau1[[#This Row],[CBS]] -> 18 | U5: =Tableau1[[#This Row],[Final]]-Tableau1[[#This Row],[Moyenne]] -> 12.666667
B6: Auston | C6: Matthews | D6: =Tableau1[[#This Row],[Prenom]]&" "&Tableau1[[#This Row],[Nom]] -> Auston Matthews | E6: =VLOOKUP(Tableau1[[#This Row],[Colonne2]],'BCP stats'!$C$6:$D$305,2,FALSE) -> 19 | G6: 67 | H6: 52 | J6: 65 | K6: 56 | L6: 37 | M6: =AVERAGE(Tableau1[[#This Row],[Lepool.com]:[CBS]]) -> 55.4 | N6: =VLOOKUP(Tableau1[[#This Row],[Colonne2]],Final!$B$3:$I$302,4,FALSE) -> 82 | O6: =VLOOKUP(Tableau1[[#This Row],[Colonne2]],Final!$B$3:$I$302,7,FALSE) -> 69 | P6: =Tableau1[[#This Row],[Final]]-Tableau1[[#This Row],[Lepool.com]] -> 2 | Q6: =Tableau1[[#This Row],[Final]]-Tableau1[[#This Row],[HM]] -> 17 | R6: =Tableau1[[#This Row],[Final]]-Tableau1[[#This Row],[Pool Pro]] -> 69 | S6: =Tableau1[[#This Row],[Final]]-Tableau1[[#This Row],[ESPN]] -> 13 | T6: =Tableau1[[#This Row],[Final]]-Tableau1[[#This Row],[CBS]] -> 32 | U6: =Tableau1[[#This Row],[Final]]-Tableau1[[#This Row],[Moyenne]] -> 13.6
B7: Dylan | C7: Larkin | D7: =Tableau1[[#This Row],[Prenom]]&" "&Tableau1[[#This Row],[Nom]] -> Dylan Larkin | E7: =VLOOKUP(Tableau1[[#This Row],[Colonne2]],'BCP stats'!$C$6:$D$305,2,FALSE) -> 20 | G7: 58 | H7: 52 | I7: 53 | J7: 55 | K7: 54 | L7: 47 | M7: =AVERAGE(Tableau1[[#This Row],[Lepool.com]:[CBS]]) -> 53.166667 | N7: =VLOOKUP(Tableau1[[#This Row],[Colonne2]],Final!$B$3:$I$302,4,FALSE) -> 80 | O7: =VLOOKUP(Tableau1[[#This Row],[Colonne2]],Final!$B$3:$I$302,7,FALSE) -> 32 | P7: =Tableau1[[#This Row],[Final]]-Tableau1[[#This Row],[Lepool.com]] -> -26 | Q7: =Tableau1[[#This Row],[Final]]-Tableau1[[#This Row],[HM]] -> -20 | R7: =Tableau1[[#This Row],[Final]]-Tableau1[[#This Row],[Pool Pro]] -> -21 | S7: =Tableau1[[#This Row],[Final]]-Tableau1[[#This Row],[ESPN]] -> -22 | T7: =Tableau1[[#This Row],[Final]]-Tableau1[[#This Row],[CBS]] -> -15 | U7: =Tableau1[[#This Row],[Final]]-Tableau1[[#This Row],[Moyenne]] -> -21.166667
B8: Sam | C8: Bennett | D8: =Tableau1[[#This Row],[Prenom]]&" "&Tableau1[[#This Row],[Nom]] -> Sam Bennett | E8: =VLOOKUP(Tableau1[[#This Row],[Colonne2]],'BCP stats'!$C$6:$D$305,2,FALSE) -> 20 | G8: 48 | H8: 46 | I8: 51 | J8: 54 | K8: 48 | L8: 36 | M8: =AVERAGE(Tableau1[[#This Row],[Lepool.com]:[CBS]]) -> 47.166667 | N8: =VLOOKUP(Tableau1[[#This Row],[Colonne2]],Final!$B$3:$I$302,4,FALSE) -> 81 | O8: =VLOOKUP(Tableau1[[#This Row],[Colonne2]],Final!$B$3:$I$302,7,FALSE) -> 26 | P8: =Tableau1[[#This Row],[Final]]-Tableau1[[#This Row],[Lepool.com]] -> -22 | Q8: =Tableau1[[#This Row],[Final]]-Tableau1[[#This Row],[HM]] -> -20 | R8: =Tableau1[[#This Row],[Final]]-Tableau1[[#This Row],[Pool Pro]] -> -25 | S8: =Tableau1[[#This Row],[Final]]-Tableau1[[#This Row],[ESPN]] -> -22 | T8: =Tableau1[[#This Row],[Final]]-Tableau1[[#This Row],[CBS]] -> -10 | U8: =Tableau1[[#This Row],[Final]]-Tableau1[[#This Row],[Moyenne]] -> -21.166667
B9: Robby | C9: Fabbri | D9: =Tableau1[[#This Row],[Prenom]]&" "&Tableau1[[#This Row],[Nom]] -> Robby Fabbri | E9: =VLOOKUP(Tableau1[[#This Row],[Colonne2]],'BCP stats'!$C$6:$D$305,2,FALSE) -> 20 | G9: 48 | H9: 48 | I9: 51 | J9: 54 | K9: 49 | L9: 50 | M9: =AVERAGE(Tableau1[[#This Row],[Lepool.com]:[CBS]]) -> 50 | N9: =VLOOKUP(Tableau1[[#This Row],[Colonne2]],Final!$B$3:$I$302,4,FALSE) -> 51 | O9: =VLOOKUP(Tableau1[[#This Row],[Colonne2]],Final!$B$3:$I$302,7,FALSE) -> 29 | P9: =Tableau1[[#This Row],[Final]]-Tableau1[[#This Row],[Lepool.com]] -> -19 | Q9: =Tableau1[[#This Row],[Final]]-Tableau1[[#This Row],[HM]] -> -19 | R9: =Tableau1[[#This Row],[Final]]-Tableau1[[#This Row],[Pool Pro]] -> -22 | S9: =Tableau1[[#This Row],[Final]]-Tableau1[[#This Row],[ESPN]] -> -20 | T9: =Tableau1[[#This Row],[Final]]-Tableau1[[#This Row],[CBS]] -> -21 | U9: =Tableau1[[#This Row],[Final]]-Tableau1[[#This Row],[Moyenne]] -> -21
B10: Jack | C10: Eichel | D10: =Tableau1[[#This Row],[Prenom]]&" "&Tableau1[[#This Row],[Nom]] -> Jack Eichel | E10: =VLOOKUP(Tableau1[[#This Row],[Colonne2]],'BCP stats'!$C$6:$D$305,2,FALSE) -> 20 | G10: 68 | H10: 65 | I10: 66 | J10: 63 | K10: 64 | L10: 54 | M10: =AVERAGE(Tableau1[[#This Row],[Lepool.com]:[CBS]]) -> 63.333333 | N10: =VLOOKUP(Tableau1[[#This Row],[Colonne2]],Final!$B$3:$I$302,4,FALSE) -> 61 | O10: =VLOOKUP(Tableau1[[#This Row],[Colonne2]],Final!$B$3:$I$302,7,FALSE) -> 57 | P10: =Tableau1[[#This Row],[Final]]-Tableau1[[#This Row],[Lepool.com]] -> -11 | Q10: =Tableau1[[#This Row],[Final]]-Tableau1[[#This Row],[HM]] -> -8 | R10: =Tableau1[[#This Row],[Final]]-Tableau1[[#This Row],[Pool Pro]] -> -9 | S10: =Tableau1[[#This Row],[Final]]-Tableau1[[#This Row],[ESPN]] -> -7 | T10: =Tableau1[[#This Row],[Final]]-Tableau1[[#This Row],[CBS]] -> 3 | U10: =Tableau1[[#This Row],[Final]]-Tableau1[[#This Row],[Moyenne]] -> -6.3333333
B11: Nikolaj | C11: Ehlers | D11: =Tableau1[[#This Row],[Prenom]]&" "&Tableau1[[#This Row],[Nom]] -> Nikolaj Ehlers | E11: =VLOOKUP(Tableau1[[#This Row],[Colonne2]],'BCP stats'!$C$6:$D$305,2,FALSE) -> 20 | G11: 50 | H11: 49 | I11: 46 | J11: 55 | K11: 48 | L11: 42 | M11: =AVERAGE(Tableau1[[#This Row],[Lepool.com]:[CBS]]) -> 48.333333 | N11: =VLOOKUP(Tableau1[[#This Row],[Colonne2]],Final!$B$3:$I$302,4,FALSE) -> 82 | O11: =VLOOKUP(Tableau1[[#This Row],[Colonne2]],Final!$B$3:$I$302,7,FALSE) -> 64 | P11: =Tableau1[[#This Row],[Final]]-Tableau1[[#This Row],[Lepool.com]] -> 14 | Q11: =Tableau1[[#This Row],[Final]]-Tableau1[[#This Row],[HM]] -> 15 | R11: =Tableau1[[#This Row],[Final]]-Tableau1[[#This Row],[Pool Pro]] -> 18 | S11: =Tableau1[[#This Row],[Final]]-Tableau1[[#This Row],[ESPN]] -> 16 | T11: =Tableau1[[#This Row],[Final]]-Tableau1[[#This Row],[CBS]] -> 22 | U11: =Tableau1[[#This Row],[Final]]-Tableau1[[#This Row],[Moyenne]] -> 15.666667
B12: William | C12: Nylander | D12: =Tableau1[[#This Row],[Prenom]]&" "&Tableau1[[#This Row],[Nom]] -> William Nylander | E12: =VLOOKUP(Tableau1[[#This Row],[Colonne2]],'BCP stats'!$C$6:$D$305,2,FALSE) -> 20 | H12: 41 | I12: 42 | J12: 42 | K12: 47 | L12: 52 | M12: =AVERAGE(Tableau1[[#This Row],[Lepool.com]:[CBS]]) -> 44.8 | N12: =VLOOKUP(Tableau1[[#This Row],[Colonne2]],Final!$B$3:$I$302,4,FALSE) -> 81 | O12: =VLOOKUP(Tableau1[[#This Row],[Colonne2]],Final!$B$3:$I$302,7,FALSE) -> 61 | P12: =Tableau1[[#This Row],[Final]]-Tableau1[[#This Row],[Lepool.com]] -> 61 | Q12: =Tableau1[[#This Row],[Final]]-Tableau1[[#This Row],[HM]] -> 20 | R12: =Tableau1[[#This Row],[Final]]-Tableau1[[#This Row],[Pool Pro]] -> 19 | S12: =Tableau1[[#This Row],[Final]]-Tableau1[[#This Row],[ESPN]] -> 14 | T12: =Tableau1[[#This Row],[Final]]-Tableau1[[#This Row],[CBS]] -> 9 | U12: =Tableau1[[#This Row],[Final]]-Tableau1[[#This Row],[Moyenne]] -> 16.2
B13: David | C13: Pastrnak | D13: =Tableau1[[#This Row],[Prenom]]&" "&Tableau1[[#This Row],[Nom]] -> David Pastrnak | E13: =VLOOKUP(Tableau1[[#This Row],[Colonne2]],'BCP stats'!$C$6:$D$305,2,FALSE) -> 20 | H13: 48 | I13: 47 | J13: 52 | K13: 43 | L13: 42 | M13: =AVERAGE(Tableau1[[#This Row],[Lepool.com]:[CBS]]) -> 46.4 | N13: =VLOOKUP(Tableau1[[#This Row],[Colonne2]],Final!$B$3:$I$302,4,FALSE) -> 75 | O13: =VLOOKUP(Tableau1[[#This Row],[Colonne2]],Final!$B$3:$I$302,7,FALSE) -> 70 | P13: =Tableau1[[#This Row],[Final]]-Tableau1[[#This Row],[Lepool.com]] -> 70 | Q13: =Tableau1[[#This Row],[Final]]-Tableau1[[#This Row],[HM]] -> 22 | R13: =Tableau1[[#This Row],[Final]]-Tableau1[[#This Row],[Pool Pro]] -> 23 | S13: =Tableau1[[#This Row],[Final]]-Tableau1[[#This Row],[ESPN]] -> 27 | T13: =Tableau1[[#This Row],[Final]]-Tableau1[[#This Row],[CBS]] -> 28 | U13: =Tableau1[[#This Row],[Final]]-Tableau1[[#This Row],[Moyenne]] -> 23.6
B14: Aleksander | C14: Barkov | D14: =Tableau1[[#This Row],[Prenom]]&" "&Tableau1[[#This Row],[Nom]] -> Aleksander Barkov | E14: =VLOOKUP(Tableau1[[#This Row],[Colonne2]],'BCP stats'!$C$6:$D$305,2,FALSE) -> 21 | G14: 73 | H14: 71 | I14: 66 | J14: 71 | K14: 59 | L14: 65 | M14: =AVERAGE(Tableau1[[#This Row],[Lepool.com]:[CBS]]) -> 67.5 | N14: =VLOOKUP(Tableau1[[#This Row],[Colonne2]],Final!$B$3:$I$302,4,FALSE) -> 61 | O14: =VLOOKUP(Tableau1[[#This Row],[Colonne2]],Final!$B$3:$I$302,7,FALSE) -> 52 | P14: =Tableau1[[#This Row],[Final]]-Tableau1[[#This Row],[Lepool.com]] -> -21 | Q14: =Tableau1[[#This Row],[Final]]-Tableau1[[#This Row],[HM]] -> -19 | R14: =Tableau1[[#This Row],[Final]]-Tableau1[[#This Row],[Pool Pro]] -> -14 | S14: =Tableau1[[#This Row],[Final]]-Tableau1[[#This Row],[ESPN]] -> -7 | T14: =Tableau1[[#This Row],[Final]]-Tableau1[[#This Row],[CBS]] -> -13 | U14: =Tableau1[[#This Row],[Final]]-Tableau1[[#This Row],[Moyenne]] -> -15.5
B15: Max | C15: Domi | D15: =Tableau1[[#This Row],[Prenom]]&" "&Tableau1[[#This Row],[Nom]] -> Max Domi | E15: =VLOOKUP(Tableau1[[#This Row],[Colonne2]],'BCP stats'!$C$6:$D$305,2,FALSE) -> 21 | G15: 61 | H15: 55 | I15: 61 | J15: 59 | K15: 58 | L15: 51 | M15: =AVERAGE(Tableau1[[#This Row],[Lepool.com]:[CBS]]) -> 57.5 | N15: =VLOOKUP(Tableau1[[#This Row],[Colonne2]],Final!$B$3:$I$302,4,FALSE) -> 59 | O15: =VLOOKUP(Tableau1[[#This Row],[Colonne2]],Final!$B$3:$I$302,7,FALSE) -> 38 | P15: =Tableau1[[#This Row],[Final]]-Tableau1[[#This Row],[Lepool.com]] -> -23 | Q15: =Tableau1[[#This Row],[Final]]-Tableau1[[#This Row],[HM]] -> -17 | R15: =Tableau1[[#This Row],[Final]]-Tableau1[[#This Row],[Pool Pro]] -> -23 | S15: =Tableau1[[#This Row],[Final]]-Tableau1[[#This Row],[ESPN]] -> -20 | T15: =Tableau1[[#This Row],[Final]]-Tableau1[[#This Row],[CBS]] -> -13 | U15: =Tableau1[[#This Row],[Final]]-Tableau1[[#This Row],[Moyenne]] -> -19.5
B16: Nathan | C16: MacKinnon | D16: =Tableau1[[#This Row],[Prenom]]&" "&Tableau1[[#This Row],[Nom]] -> Nathan MacKinnon | E16: =VLOOKUP(Tableau1[[#This Row],[Colonne2]],'BCP stats'!$C$6:$D$305,2,FALSE) -> 21 | G16: 64 | H16: 61 | I16: 62 | J16: 60 | K16: 53 | L16: 58 | M16: =AVERAGE(Tableau1[[#This Row],[Lepool.com]:[CBS]]) -> 59.666667 | N16: =VLOOKUP(Tableau1[[#This Row],[Colonne2]],Final!$B$3:$I$302,4,FALSE) -> 82 | O16: =VLOOKUP(Tableau1[[#This Row],[Colonne2]],Final!$B$3:$I$302,7,FALSE) -> 53 | P16: =Tableau1[[#This Row],[Final]]-Tableau1[[#This Row],[Lepool.com]] -> -11 | Q16: =Tableau1[[#This Row],[Final]]-Tableau1[[#This Row],[HM]] -> -8 | R16: =Tableau1[[#This Row],[Final]]-Tableau1[[#This Row],[Pool Pro]] -> -9 | S16: =Tableau1[[#This Row],[Final]]-Tableau1[[#This Row],[ESPN]] -> 0 | T16: =Tableau1[[#This Row],[Final]]-Tableau1[[#This Row],[CBS]] -> -5 | U16: =Tableau1[[#This Row],[Final]]-Tableau1[[#This Row],[Moyenne]] -> -6.6666667
B17: Jonathan | C17: Drouin | D17: =Tableau1[[#This Row],[Prenom]]&" "&Tableau1[[#This Row],[Nom]] -> Jonathan Drouin | E17: =VLOOKUP(Tableau1[[#This Row],[Colonne2]],'BCP stats'!$C$6:$D$305,2,FALSE) -> 21 | G17: 49 | H17: 59 | I17: 62 | J17: 63 | K17: 43 | L17: 60 | M17: =AVERAGE(Tableau1[[#This Row],[Lepool.com]:[CBS]]) -> 56 | N17: =VLOOKUP(Tableau1[[#This Row],[Colonne2]],Final!$B$3:$I$302,4,FALSE) -> 73 | O17: =VLOOKUP(Tableau1[[#This Row],[Colonne2]],Final!$B$3:$I$302,7,FALSE) -> 53 | P17: =Tableau1[[#This Row],[Final]]-Tableau1[[#This Row],[Lepool.com]] -> 4 | Q17: =Tableau1[[#This Row],[Final]]-Tableau1[[#This Row],[HM]] -> -6 | R17: =Tableau1[[#This Row],[Final]]-Tableau1[[#This Row],[Pool Pro]] -> -9 | S17: =Tableau1[[#This Row],[Final]]-Tableau1[[#This Row],[ESPN]] -> 10 | T17: =Tableau1[[#This Row],[Final]]-Tableau1[[#This Row],[CBS]] -> -7 | U17: =Tableau1[[#This Row],[Final]]-Tableau1[[#This Row],[Moyenne]] -> -3
B18: Sam | C18: Reinhart | D18: =Tableau1[[#This Row],[Prenom]]&" "&Tableau1[[#This Row],[Nom]] -> Sam Reinhart | E18: =VLOOKUP(Tableau1[[#This Row],[Colonne2]],'BCP stats'!$C$6:$D$305,2,FALSE) -> 21 | G18: 49 | H18: 50 | I18: 47 | J18: 58 | K18: 46 | L18: 41 | M18: =AVERAGE(Tableau1[[#This Row],[Lepool.com]:[CBS]]) -> 48.5 | N18: =VLOOKUP(Tableau1[[#This Row],[Colonne2]],Final!$B$3:$I$302,4,FALSE) -> 79 | O18: =VLOOKUP(Tableau1[[#This Row],[Colonne2]],Final!$B$3:$I$302,7,FALSE) -> 47 | P18: =Tableau1[[#This Row],[Final]]-Tableau1[[#This Row],[Lepool.com]] -> -2 | Q18: =Tableau1[[#This Row],[Final]]-Tableau1[[#This Row],[HM]] -> -3 | R18: =Tableau1[[#This Row],[Final]]-Tableau1[[#This Row],[Pool Pro]] -> 0 | S18: =Tableau1[[#This Row],[Final]]-Tableau1[[#This Row],[ESPN]] -> 1 | T18: =Tableau1[[#This Row],[Final]]-Tableau1[[#This Row],[CBS]] -> 6 | U18: =Tableau1[[#This Row],[Final]]-Tableau1[[#This Row],[Moyenne]] -> -1.5
B19: Bo | C19: Horvat | D19: =Tableau1[[#This Row],[Prenom]]&" "&Tableau1[[#This Row],[Nom]] -> Bo Horvat | E19: =VLOOKUP(Tableau1[[#This Row],[Colonne2]],'BCP stats'!$C$6:$D$305,2,FALSE) -> 21 | G19: 49 | H19: 44 | I19: 48 | J19: 53 | L19: 44 | M19: =AVERAGE(Tableau1[[#This Row],[Lepool.com]:[CBS]]) -> 47.6 | N19: =VLOOKUP(Tableau1[[#This Row],[Colonne2]],Final!$B$3:$I$302,4,FALSE) -> 81 | O19: =VLOOKUP(Tableau1[[#This Row],[Colonne2]],Final!$B$3:$I$302,7,FALSE) -> 52 | P19: =Tableau1[[#This Row],[Final]]-Tableau1[[#This Row],[Lepool.com]] -> 3 | Q19: =Tableau1[[#This Row],[Final]]-Tableau1[[#This Row],[HM]] -> 8 | R19: =Tableau1[[#This Row],[Final]]-Tableau1[[#This Row],[Pool Pro]] -> 4 | S19: =Tableau1[[#This Row],[Final]]-Tableau1[[#This Row],[ESPN]] -> 52 | T19: =Tableau1[[#This Row],[Final]]-Tableau1[[#This Row],[CBS]] -> 8 | U19: =Tableau1[[#This Row],[Final]]-Tableau1[[#This Row],[Moyenne]] -> 4.4
B20: Leon | C20: Draisaitl | D20: =Tableau1[[#This Row],[Prenom]]&" "&Tableau1[[#This Row],[Nom]] -> Leon Draisaitl | E20: =VLOOKUP(Tableau1[[#This Row],[Colonne2]],'BCP stats'!$C$6:$D$305,2,FALSE) -> 21 | G20: 53 | H20: 58 | I20: 60 | J20: 52 | K20: 56 | L20: 57 | M20: =AVERAGE(Tableau1[[#This Row],[Lepool.com]:[CBS]]) -> 56 | N20: =VLOOKUP(Tableau1[[#This Row],[Colonne2]],Final!$B$3:$I$302,4,FALSE) -> 82 | O20: =VLOOKUP(Tableau1[[#This Row],[Colonne2]],Final!$B$3:$I$302,7,FALSE) -> 77 | P20: =Tableau1[[#This Row],[Final]]-Tableau1[[#This Row],[Lepool.com]] -> 24 | Q20: =Tableau1[[#This Row],[Final]]-Tableau1[[#This Row],[HM]] -> 19 | R20: =Tableau1[[#This Row],[Final]]-Tableau1[[#This Row],[Pool Pro]] -> 17 | S20: =Tableau1[[#This Row],[Final]]-Tableau1[[#This Row],[ESPN]] -> 21 | T20: =Tableau1[[#This Row],[Final]]-Tableau1[[#This Row],[CBS]] -> 20 | U20: =Tableau1[[#This Row],[Final]]-Tableau1[[#This Row],[Moyenne]] -> 21
B21: Alex | C21: Galchenyuk | D21: =Tableau1[[#This Row],[Prenom]]&" "&Tableau1[[#This Row],[Nom]] -> Alex Galchenyuk | E21: =VLOOKUP(Tableau1[[#This Row],[Colonne2]],'BCP stats'!$C$6:$D$305,2,FALSE) -> 22 | G21: 64 | H21: 61 | I21: 62 | J21: 64 | K21: 48 | L21: 58 | M21: =AVERAGE(Tableau1[[#This Row],[Lepool.com]:[CBS]]) -> 59.5 | N21: =VLOOKUP(Tableau1[[#This Row],[Colonne2]],Final!$B$3:$I$302,4,FALSE) -> 61 | O21: =VLOOKUP(Tableau1[[#This Row],[Colonne2]],Final!$B$3:$I$302,7,FALSE) -> 44 | P21: =Tableau1[[#This Row],[Final]]-Tableau1[[#This Row],[Lepool.com]] -> -20 | Q21: =Tableau1[[#This Row],[Final]]-Tableau1[[#This Row],[HM]] -> -17 | R21: =Tableau1[[#This Row],[Final]]-Tableau1[[#This Row],[Pool Pro]] -> -18 | S21: =Tableau1[[#This Row],[Final]]-Tableau1[[#This Row],[ESPN]] -> -4 | T21: =Tableau1[[#This Row],[Final]]-Tableau1[[#This Row],[CBS]] -> -14 | U21: =Tableau1[[#This Row],[Final]]-Tableau1[[#This Row],[Moyenne]] -> -15.5
B22: Filip | C22: Forsberg | D22: =Tableau1[[#This Row],[Prenom]]&" "&Tableau1[[#This Row],[Nom]] -> Filip Forsberg | E22: =VLOOKUP(Tableau1[[#This Row],[Colonne2]],'BCP stats'!$C$6:$D$305,2,FALSE) -> 22 | G22: 72 | H22: 68 | I22: 67 | J22: 65 | K22: 57 | L22: 64 | M22: =AVERAGE(Tableau1[[#This Row],[Lepool.com]:[CBS]]) -> 65.5 | N22: =VLOOKUP(Tableau1[[#This Row],[Colonne2]],Final!$B$3:$I$302,4,FALSE) -> 82 | O22: =VLOOKUP(Tableau1[[#This Row],[Colonne2]],Final!$B$3:$I$302,7,FALSE) -> 58 | P22: =Tableau1[[#This Row],[Final]]-Tableau1[[#This Row],[Lepool.com]] -> -14 | Q22: =Tableau1[[#This Row],[Final]]-Tableau1[[#This Row],[HM]] -> -10 | R22: =Tableau1[[#This Row],[Final]]-Tableau1[[#This Row],[Pool Pro]] -> -9 | S22: =Tableau1[[#This Row],[Final]]-Tableau1[[#This Row],[ESPN]] -> 1 | T22: =Tableau1[[#This Row],[Final]]-Tableau1[[#This Row],[CBS]] -> -6 | U22: =Tableau1[[#This Row],[Final]]-Tableau1[[#This Row],[Moyenne]] -> -7.5
B23: Sean | C23: Monahan | D23: =Tableau1[[#This Row],[Prenom]]&" "&Tableau1[[#This Row],[Nom]] -> Sean Monahan | E23: =VLOOKUP(Tableau1[[#This Row],[Colonne2]],'BCP stats'!$C$6:$D$305,2,FALSE) -> 22 | G23: 69 | H23: 68 | I23: 66 | J23: 68 | K23: 68 | L23: 60 | M23: =AVERAGE(Tableau1[[#This Row],[Lepool.com]:[CBS]]) -> 66.5 | N23: =VLOOKUP(Tableau1[[#This Row],[Colonne2]],Final!$B$3:$I$302,4,FALSE) -> 82 | O23: =VLOOKUP(Tableau1[[#This Row],[Colonne2]],Final!$B$3:$I$302,7,FALSE) -> 58 | P23: =Tableau1[[#This Row],[Final]]-Tableau1[[#This Row],[Lepool.com]] -> -11 | Q23: =Tableau1[[#This Row],[Final]]-Tableau1[[#This Row],[HM]] -> -10 | R23: =Tableau1[[#This Row],[Final]]-Tableau1[[#This Row],[Pool Pro]] -> -8 | S23: =Tableau1[[#This Row],[Final]]-Tableau1[[#This Row],[ESPN]] -> -10 | T23: =Tableau1[[#This Row],[Final]]-Tableau1[[#This Row],[CBS]] -> -2 | U23: =Tableau1[[#This Row],[Final]]-Tableau1[[#This Row],[Moyenne]] -> -8.5
B24: Rasmus | C24: Ristolainen | D24: =Tableau1[[#This Row],[Prenom]]&" "&Tableau1[[#This Row],[Nom]] -> Rasmus Ristolainen | E24: =VLOOKUP(Tableau1[[#This Row],[Colonne2]],'BCP stats'!$C$6:$D$305,2,FALSE) -> 22 | G24: 45 | H24: 47 | I24: 45 | J24: 46 | K24: 41 | L24: 39 | M24: =AVERAGE(Tableau1[[#This Row],[Lepool.com]:[CBS]]) -> 43.833333 | N24: =VLOOKUP(Tableau1[[#This Row],[Colonne2]],Final!$B$3:$I$302,4,FALSE) -> 79 | O24: =VLOOKUP(Tableau1[[#This Row],[Colonne2]],Final!$B$3:$I$302,7,FALSE) -> 45 | P24: =Tableau1[[#This Row],[Final]]-Tableau1[[#This Row],[Lepool.com]] -> 0 | Q24: =Tableau1[[#This Row],[Final]]-Tableau1[[#This Row],[HM]] -> -2 | R24: =Tableau1[[#This Row],[Final]]-Tableau1[[#This Row],[Pool Pro]] -> 0 | S24: =Tableau1[[#This Row],[Final]]-Tableau1[[#This Row],[ESPN]] -> 4 | T24: =Tableau1[[#This Row],[Final]]-Tableau1[[#This Row],[CBS]] -> 6 | U24: =Tableau1[[#This Row],[Final]]-Tableau1[[#This Row],[Moyenne]] -> 1.1666667
B25: Alexander | C25: Wennberg | D25: =Tableau1[[#This Row],[Prenom]]&" "&Tableau1[[#This Row],[Nom]] -> Alexander Wennberg | E25: =VLOOKUP(Tableau1[[#This Row],[Colonne2]],'BCP stats'!$C$6:$D$305,2,FALSE) -> 22 | G25: 51 | H25: 52 | I25: 42 | J25: 52 | L25: 49 | M25: =AVERAGE(Tableau1[[#This Row],[Lepool.com]:[CBS]]) -> 49.2 | N25: =VLOOKUP(Tableau1[[#This Row],[Colonne2]],Final!$B$3:$I$302,4,FALSE) -> 80 | O25: =VLOOKUP(Tableau1[[#This Row],[Colonne2]],Final!$B$3:$I$302,7,FALSE) -> 59 | P25: =Tableau1[[#This Row],[Final]]-Tableau1[[#This Row],[Lepool.com]] -> 8 | Q25: =Tableau1[[#This Row],[Final]]-Tableau1[[#This Row],[HM]] -> 7 | R25: =Tableau1[[#This Row],[Final]]-Tableau1[[#This Row],[Pool Pro]] -> 17 | S25: =Tableau1[[#This Row],[Final]]-Tableau1[[#This Row],[ESPN]] -> 59 | T25: =Tableau1[[#This Row],[Final]]-Tableau1[[#This Row],[CBS]] -> 10 | U25: =Tableau1[[#This Row],[Final]]-Tableau1[[#This Row],[Moyenne]] -> 9.8
B26: Jonathan | C26: Huberdeau | D26: =Tableau1[[#This Row],[Prenom]]&" "&Tableau1[[#This Row],[Nom]] -> Jonathan Huberdeau | E26: =VLOOKUP(Tableau1[[#This Row],[Colonne2]],'BCP stats'!$C$6:$D$305,2,FALSE) -> 23 | G26: 67 | H26: 66 | I26: 63 | J26: 67 | K26: 60 | L26: 59 | M26: =AVERAGE(Tableau1[[#This Row],[Lepool.com]:[CBS]]) -> 63.666667 | N26: =VLOOKUP(Tableau1[[#This Row],[Colonne2]],Final!$B$3:$I$302,4,FALSE) -> 31 | O26: =VLOOKUP(Tableau1[[#This Row],[Colonne2]],Final!$B$3:$I$302,7,FALSE) -> 26 | P26: =Tableau1[[#This Row],[Final]]-Tableau1[[#This Row],[Lepool.com]] -> -41 | Q26: =Tableau1[[#This Row],[Final]]-Tableau1[[#This Row],[HM]] -> -40 | R26: =Tableau1[[#This Row],[Final]]-Tableau1[[#This Row],[Pool Pro]] -> -37 | S26: =Tableau1[[#This Row],[Final]]-Tableau1[[#This Row],[ESPN]] -> -34 | T26: =Tableau1[[#This Row],[Final]]-Tableau1[[#This Row],[CBS]] -> -33 | U26: =Tableau1[[#This Row],[Final]]-Tableau1[[#This Row],[Moyenne]] -> -37.666667
B27: Johnny | C27: Gaudreau | D27: =Tableau1[[#This Row],[Prenom]]&" "&Tableau1[[#This Row],[Nom]] -> Johnny Gaudreau | E27: =VLOOKUP(Tableau1[[#This Row],[Colonne2]],'BCP stats'!$C$6:$D$305,2,FALSE) -> 23 | G27: 80 | H27: 84 | I27: 74 | J27: 80 | K27: 84 | L27: 77 | M27: =AVERAGE(Tableau1[[#This Row],[Lepool.com]:[CBS]]) -> 79.833333 | N27: =VLOOKUP(Tableau1[[#This Row],[Colonne2]],Final!$B$3:$I$302,4,FALSE) -> 72 | O27: =VLOOKUP(Tableau1[[#This Row],[Colonne2]],Final!$B$3:$I$302,7,FALSE) -> 61 | P27: =Tableau1[[#This Row],[Final]]-Tableau1[[#This Row],[Lepool.com]] -> -19 | Q27: =Tableau1[[#This Row],[Final]]-Tableau1[[#This Row],[HM]] -> -23 | R27: =Tableau1[[#This Row],[Final]]-Tableau1[[#This Row],[Pool Pro]] -> -13 | S27: =Tableau1[[#This Row],[Final]]-Tableau1[[#This Row],[ESPN]] -> -23 | T27: =Tableau1[[#This Row],[Final]]-Tableau1[[#This Row],[CBS]] -> -16 | U27: =Tableau1[[#This Row],[Final]]-Tableau1[[#This Row],[Moyenne]] -> -18.833333
B28: Mika | C28: Zibanejad | D28: =Tableau1[[#This Row],[Prenom]]&" "&Tableau1[[#This Row],[Nom]] -> Mika Zibanejad | E28: =VLOOKUP(Tableau1[[#This Row],[Colonne2]],'BCP stats'!$C$6:$D$305,2,FALSE) -> 23 | G28: 58 | H28: 55 | I28: 55 | J28: 50 | K28: 48 | L28: 54 | M28: =AVERAGE(Tableau1[[#This Row],[Lepool.com]:[CBS]]) -> 53.333333 | N28: =VLOOKUP(Tableau1[[#This Row],[Colonne2]],Final!$B$3:$I$302,4,FALSE) -> 56 | O28: =VLOOKUP(Tableau1[[#This Row],[Colonne2]],Final!$B$3:$I$302,7,FALSE) -> 37 | P28: =Tableau1[[#This Row],[Final]]-Tableau1[[#This Row],[Lepool.com]] -> -21 | Q28: =Tableau1[[#This Row],[Final]]-Tableau1[[#This Row],[HM]] -> -18 | R28: =Tableau1[[#This Row],[Final]]-Tableau1[[#This Row],[Pool Pro]] -> -18 | S28: =Tableau1[[#This Row],[Final]]-Tableau1[[#This Row],[ESPN]] -> -11 | T28: =Tableau1[[#This Row],[Final]]-Tableau1[[#This Row],[CBS]] -> -17 | U28: =Tableau1[[#This Row],[Final]]-Tableau1[[#This Row],[Moyenne]] -> -16.333333
B29: Boone | C29: Jenner | D29: =Tableau1[[#This Row],[Prenom]]&" "&Tableau1[[#This Row],[Nom]] -> Boone Jenner | E29: =VLOOKUP(Tableau1[[#This Row],[Colonne2]],'BCP stats'!$C$6:$D$305,2,FALSE) -> 23 | G29: 53 | H29: 51 | I29: 46 | J29: 56 | K29: 47 | L29: 49 | M29: =AVERAGE(Tableau1[[#This Row],[Lepool.com]:[CBS]]) -> 50.333333 | N29: =VLOOKUP(Tableau1[[#This Row],[Colonne2]],Final!$B$3:$I$302,4,FALSE) -> 82 | O29: =VLOOKUP(Tableau1[[#This Row],[Colonne2]],Final!$B$3:$I$302,7,FALSE) -> 34 | P29: =Tableau1[[#This Row],[Final]]-Tableau1[[#This Row],[Lepool.com]] -> -19 | Q29: =Tableau1[[#This Row],[Final]]-Tableau1[[#This Row],[HM]] -> -17 | R29: =Tableau1[[#This Row],[Final]]-Tableau1[[#This Row],[Pool Pro]] -> -12 | S29: =Tableau1[[#This Row],[Final]]-Tableau1[[#This Row],[ESPN]] -> -13 | T29: =Tableau1[[#This Row],[Final]]-Tableau1[[#This Row],[CBS]] -> -15 | U29: =Tableau1[[#This Row],[Final]]-Tableau1[[#This Row],[Moyenne]] -> -16.333333
B30: Shayne | C30: Gostisbehere | D30: =Tableau1[[#This Row],[Prenom]]&" "&Tableau1[[#This Row],[Nom]] -> Shayne Gostisbehere | E30: =VLOOKUP(Tableau1[[#This Row],[Colonne2]],'BCP stats'!$C$6:$D$305,2,FALSE) -> 23 | G30: 51 | H30: 51 | I30: 44 | J30: 43 | L30: 58 | M30: =AVERAGE(Tableau1[[#This Row],[Lepool.com]:[CBS]]) -> 49.4 | N30: =VLOOKUP(Tableau1[[#This Row],[Colonne2]],Final!$B$3:$I$302,4,FALSE) -> 76 | O30: =VLOOKUP(Tableau1[[#This Row],[Colonne2]],Final!$B$3:$I$302,7,FALSE) -> 39 | P30: =Tableau1[[#This Row],[Final]]-Tableau1[[#This Row],[Lepool.com]] -> -12 | Q30: =Tableau1[[#This Row],[Final]]-Tableau1[[#This Row],[HM]] -> -12 | R30: =Tableau1[[#This Row],[Final]]-Tableau1[[#This Row],[Pool Pro]] -> -5 | S30: =Tableau1[[#This Row],[Final]]-Tableau1[[#This Row],[ESPN]] -> 39 | T30: =Tableau1[[#This Row],[Final]]-Tableau1[[#This Row],[CBS]] -> -19 | U30: =Tableau1[[#This Row],[Final]]-Tableau1[[#This Row],[Moyenne]] -> -10.4
B31: Victor | C31: Rask | D31: =Tableau1[[#This Row],[Prenom]]&" "&Tableau1[[#This Row],[Nom]] -> Victor Rask | E31: =VLOOKUP(Tableau1[[#This Row],[Colonne2]],'BCP stats'!$C$6:$D$305,2,FALSE) -> 23 | G31: 52 | H31: 51 | I31: 51 | J31: 54 | K31: 48 | L31: 51 | M31: =AVERAGE(Tableau1[[#This Row],[Lepool.com]:[CBS]]) -> 51.166667 | N31: =VLOOKUP(Tableau1[[#This Row],[Colonne2]],Final!$B$3:$I$302,4,FALSE) -> 82 | O31: =VLOOKUP(Tableau1[[#This Row],[Colonne2]],Final!$B$3:$I$302,7,FALSE) -> 45 | P31: =Tableau1[[#This Row],[Final]]-Tableau1[[#This Row],[Lepool.com]] -> -7 | Q31: =Tableau1[[#This Row],[Final]]-Tableau1[[#This Row],[HM]] -> -6 | R31: =Tableau1[[#This Row],[Final]]-Tableau1[[#This Row],[Pool Pro]] -> -6 | S31: =Tableau1[[#This Row],[Final]]-Tableau1[[#This Row],[ESPN]] -> -3 | T31: =Tableau1[[#This Row],[Final]]-Tableau1[[#This Row],[CBS]] -> -6 | U31: =Tableau1[[#This Row],[Final]]-Tableau1[[#This Row],[Moyenne]] -> -6.1666667
B32: Ryan | C32: Nugent-Hopkins | D32: =Tableau1[[#This Row],[Prenom]]&" "&Tableau1[[#This Row],[Nom]] -> Ryan Nugent-Hopkins | E32: =VLOOKUP(Tableau1[[#This Row],[Colonne2]],'BCP stats'!$C$6:$D$305,2,FALSE) -> 23 | G32: 60 | H32: 49 | I32: 54 | J32: 58 | K32: 48 | L32: 50 | M32: =AVERAGE(Tableau1[[#This Row],[Lepool.com]:[CBS]]) -> 53.166667 | N32: =VLOOKUP(Tableau1[[#This Row],[Colonne2]],Final!$B$3:$I$302,4,FALSE) -> 82 | O32: =VLOOKUP(Tableau1[[#This Row],[Colonne2]],Final!$B$3:$I$302,7,FALSE) -> 43 | P32: =Tableau1[[#This Row],[Final]]-Tableau1[[#This Row],[Lepool.com]] -> -17 | Q32: =Tableau1[[#This Row],[Final]]-Tableau1[[#This Row],[HM]] -> -6 | R32: =Tableau1[[#This Row],[Final]]-Tableau1[[#This Row],[Pool Pro]] -> -11 | S32: =Tableau1[[#This Row],[Final]]-Tableau1[[#This Row],[ESPN]] -> -5 | T32: =Tableau1[[#This Row],[Final]]-Tableau1[[#This Row],[CBS]] -> -7 | U32: =Tableau1[[#This Row],[Final]]-Tableau1[[#This Row],[Moyenne]] -> -10.166667
B33: Vincent | C33: Trocheck | D33: =Tableau1[[#This Row],[Prenom]]&" "&Tableau1[[#This Row],[Nom]] -> Vincent Trocheck | E33: =VLOOKUP(Tableau1[[#This Row],[Colonne2]],'BCP stats'!$C$6:$D$305,2,FALSE) -> 23 | G33: 57 | H33: 59 | I33: 58 | J33: 58 | K33: 43 | L33: 55 | M33: =AVERAGE(Tableau1[[#This Row],[Lepool.com]:[CBS]]) -> 55 | N33: =VLOOKUP(Tableau1[[#This Row],[Colonne2]],Final!$B$3:$I$302,4,FALSE) -> 82 | O33: =VLOOKUP(Tableau1[[#This Row],[Colonne2]],Final!$B$3:$I$302,7,FALSE) -> 54 | P33: =Tableau1[[#This Row],[Final]]-Tableau1[[#This Row],[Lepool.com]] -> -3 | Q33: =Tableau1[[#This Row],[Final]]-Tableau1[[#This Row],[HM]] -> -5 | R33: =Tableau1[[#This Row],[Final]]-Tableau1[[#This Row],[Pool Pro]] -> -4 | S33: =Tableau1[[#This Row],[Final]]-Tableau1[[#This Row],[ESPN]] -> 11 | T33: =Tableau1[[#This Row],[Final]]-Tableau1[[#This Row],[CBS]] -> -1 | U33: =Tableau1[[#This Row],[Final]]-Tableau1[[#This Row],[Moyenne]] -> -1
B34: Rickard | C34: Rakell | D34: =Tableau1[[#This Row],[Prenom]]&" "&Tableau1[[#This Row],[Nom]] -> Rickard Rakell | E34: =VLOOKUP(Tableau1[[#This Row],[Colonne2]],'BCP stats'!$C$6:$D$305,2,FALSE) -> 23 | G34: 49 | H34: 50 | I34: 47 | J34: 46 | K34: 51 | L34: 53 | M34: =AVERAGE(Tableau1[[#This Row],[Lepool.com]:[CBS]]) -> 49.333333 | N34: =VLOOKUP(Tableau1[[#This Row],[Colonne2]],Final!$B$3:$I$302,4,FALSE) -> 71 | O34: =VLOOKUP(Tableau1[[#This Row],[Colonne2]],Final!$B$3:$I$302,7,FALSE) -> 51 | P34: =Tableau1[[#This Row],[Final]]-Tableau1[[#This Row],[Lepool.com]] -> 2 | Q34: =Tableau1[[#This Row],[Final]]-Tableau1[[#This Row],[HM]] -> 1 | R34: =Tableau1[[#This Row],[Final]]-Tableau1[[#This Row],[Pool Pro]] -> 4 | S34: =Tableau1[[#This Row],[Final]]-Tableau1[[#This Row],[ESPN]] -> 0 | T34: =Tableau1[[#This Row],[Final]]-Tableau1[[#This Row],[CBS]] -> -2 | U34: =Tableau1[[#This Row],[Final]]-Tableau1[[#This Row],[Moyenne]] -> 1.6666667
B35: Dougie | C35: Hamilton | D35: =Tableau1[[#This Row],[Prenom]]&" "&Tableau1[[#This Row],[Nom]] -> Dougie Hamilton | E35: =VLOOKUP(Tableau1[[#This Row],[Colonne2]],'BCP stats'!$C$6:$D$305,2,FALSE) -> 23 | H35: 45 | I35: 45 | J35: 42 | K35: 44 | L35: 39 | M35: =AVERAGE(Tableau1[[#This Row],[Lepool.com]:[CBS]]) -> 43 | N35: =VLOOKUP(Tableau1[[#This Row],[Colonne2]],Final!$B$3:$I$302,4,FALSE) -> 81 | O35: =VLOOKUP(Tableau1[[#This Row],[Colonne2]],Final!$B$3:$I$302,7,FALSE) -> 50 | P35: =Tableau1[[#This Row],[Final]]-Tableau1[[#This Row],[Lepool.com]] -> 50 | Q35: =Tableau1[[#This Row],[Final]]-Tableau1[[#This Row],[HM]] -> 5 | R35: =Tableau1[[#This Row],[Final]]-Tableau1[[#This Row],[Pool Pro]] -> 5 | S35: =Tableau1[[#This Row],[Final]]-Tableau1[[#This Row],[ESPN]] -> 6 | T35: =Tableau1[[#This Row],[Final]]-Tableau1[[#This Row],[CBS]] -> 11 | U35: =Tableau1[[#This Row],[Final]]-Tableau1[[#This Row],[Moyenne]] -> 7
B36: Nikita | C36: Kucherov | D36: =Tableau1[[#This Row],[Prenom]]&" "&Tableau1[[#This Row],[Nom]] -> Nikita Kucherov | E36: =VLOOKUP(Tableau1[[#This Row],[Colonne2]],'BCP stats'!$C$6:$D$305,2,FALSE) -> 23 | G36: 69 | H36: 72 | I36: 70 | J36: 77 | K36: 74 | L36: 85 | M36: =AVERAGE(Tableau1[[#This Row],[Lepool.com]:[CBS]]) -> 74.5 | N36: =VLOOKUP(Tableau1[[#This Row],[Colonne2]],Final!$B$3:$I$302,4,FALSE) -> 74 | O36: =VLOOKUP(Tableau1[[#This Row],[Colonne2]],Final!$B$3:$I$302,7,FALSE) -> 85 | P36: =Tableau1[[#This Row],[Final]]-Tableau1[[#This Row],[Lepool.com]] -> 16 | Q36: =Tableau1[[#This Row],[Final]]-Tableau1[[#This Row],[HM]] -> 13 | R36: =Tableau1[[#This Row],[Final]]-Tableau1[[#This Row],[Pool Pro]] -> 15 | S36: =Tableau1[[#This Row],[Final]]-Tableau1[[#This Row],[ESPN]] -> 11 | T36: =Tableau1[[#This Row],[Final]]-Tableau1[[#This Row],[CBS]] -> 0 | U36: =Tableau1[[#This Row],[Final]]-Tableau1[[#This Row],[Moyenne]] -> 10.5
B37: Mark | C37: Scheifele | D37: =Tableau1[[#This Row],[Prenom]]&" "&Tableau1[[#This Row],[Nom]] -> Mark Scheifele | E37: =VLOOKUP(Tableau1[[#This Row],[Colonne2]],'BCP stats'!$C$6:$D$305,2,FALSE) -> 23 | G37: 72 | H37: 68 | I37: 70 | J37: 70 | K37: 61 | L37: 70 | M37: =AVERAGE(Tableau1[[#This Row],[Lepool.com]:[CBS]]) -> 68.5 | N37: =VLOOKUP(Tableau1[[#This Row],[Colonne2]],Final!$B$3:$I$302,4,FALSE) -> 79 | O37: =VLOOKUP(Tableau1[[#This Row],[Colonne2]],Final!$B$3:$I$302,7,FALSE) -> 82 | P37: =Tableau1[[#This Row],[Final]]-Tableau1[[#This Row],[Lepool.com]] -> 10 | Q37: =Tableau1[[#This Row],[Final]]-Tableau1[[#This Row],[HM]] -> 14 | R37: =Tableau1[[#This Row],[Final]]-Tableau1[[#This Row],[Pool Pro]] -> 12 | S37: =Tableau1[[#This Row],[Final]]-Tableau1[[#This Row],[ESPN]] -> 21 | T37: =Tableau1[[#This Row],[Final]]-Tableau1[[#This Row],[CBS]] -> 12 | U37: =Tableau1[[#This Row],[Final]]-Tableau1[[#This Row],[Moyenne]] -> 13.5
B38: J.T. | C38: Miller | D38: =Tableau1[[#This Row],[Prenom]]&" "&Tableau1[[#This Row],[Nom]] -> J.T. Miller | E38: =VLOOKUP(Tableau1[[#This Row],[Colonne2]],'BCP stats'!$C$6:$D$305,2,FALSE) -> 23 | G38: 49 | H38: 41 | I38: 41 | J38: 43 | K38: 45 | L38: 45 | M38: =AVERAGE(Tableau1[[#This Row],[Lepool.com]:[CBS]]) -> 44 | N38: =VLOOKUP(Tableau1[[#This Row],[Colonne2]],Final!$B$3:$I$302,4,FALSE) -> 82 | O38: =VLOOKUP(Tableau1[[#This Row],[Colonne2]],Final!$B$3:$I$302,7,FALSE) -> 56 | P38: =Tableau1[[#This Row],[Final]]-Tableau1[[#This Row],[Lepool.com]] -> 7 | Q38: =Tableau1[[#This Row],[Final]]-Tableau1[[#This Row],[HM]] -> 15 | R38: =Tableau1[[#This Row],[Final]]-Tableau1[[#This Row],[Pool Pro]] -> 15 | S38: =Tableau1[[#This Row],[Final]]-Tableau1[[#This Row],[ESPN]] -> 11 | T38: =Tableau1[[#This Row],[Final]]-Tableau1[[#This Row],[CBS]] -> 11 | U38: =Tableau1[[#This Row],[Final]]-Tableau1[[#This Row],[Moyenne]] -> 12
B39: Tyler | C39: Toffoli | D39: =Tableau1[[#This Row],[Prenom]]&" "&Tableau1[[#This Row],[Nom]] -> Tyler Toffoli | E39: =VLOOKUP(Tableau1[[#This Row],[Colonne2]],'BCP stats'!$C$6:$D$305,2,FALSE) -> 24 | G39: 61 | H39: 60 | I39: 64 | J39: 60 | K39: 64 | L39: 57 | M39: =AVERAGE(Tableau1[[#This Row],[Lepool.com]:[CBS]]) -> 61 | N39: =VLOOKUP(Tableau1[[#This Row],[Colonne2]],Final!$B$3:$I$302,4,FALSE) -> 63 | O39: =VLOOKUP(Tableau1[[#This Row],[Colonne2]],Final!$B$3:$I$302,7,FALSE) -> 34 | P39: =Tableau1[[#This Row],[Final]]-Tableau1[[#This Row],[Lepool.com]] -> -27 | Q39: =Tableau1[[#This Row],[Final]]-Tableau1[[#This Row],[HM]] -> -26 | R39: =Tableau1[[#This Row],[Final]]-Tableau1[[#This Row],[Pool Pro]] -> -30 | S39: =Tableau1[[#This Row],[Final]]-Tableau1[[#This Row],[ESPN]] -> -30 | T39: =Tableau1[[#This Row],[Final]]-Tableau1[[#This Row],[CBS]] -> -23 | U39: =Tableau1[[#This Row],[Final]]-Tableau1[[#This Row],[Moyenne]] -> -27
B40: Brendan | C40: Gallagher | D40: =Tableau1[[#This Row],[Prenom]]&" "&Tableau1[[#This Row],[Nom]] -> Brendan Gallagher | E40: =VLOOKUP(Tableau1[[#This Row],[Colonne2]],'BCP stats'!$C$6:$D$305,2,FALSE) -> 24 | G40: 55 | H40: 54 | I40: 52 | J40: 47 | K40: 44 | L40: 57 | M40: =AVERAGE(Tableau1[[#This Row],[Lepool.com]:[CBS]]) -> 51.5 | N40: =VLOOKUP(Tableau1[[#This Row],[Colonne2]],Final!$B$3:$I$302,4,FALSE) -> 64 | O40: =VLOOKUP(Tableau1[[#This Row],[Colonne2]],Final!$B$3:$I$302,7,FALSE) -> 29 | P40: =Tableau1[[#This Row],[Final]]-Tableau1[[#This Row],[Lepool.com]] -> -26 | Q40: =Tableau1[[#This Row],[Final]]-Tableau1[[#This Row],[HM]] -> -25 | R40: =Tableau1[[#This Row],[Final]]-Tableau1[[#This Row],[Pool Pro]] -> -23 | S40: =Tableau1[[#This Row],[Final]]-Tableau1[[#This Row],[ESPN]] -> -15 | T40: =Tableau1[[#This Row],[Final]]-Tableau1[[#This Row],[CBS]] -> -28 | U40: =Tableau1[[#This Row],[Final]]-Tableau1[[#This Row],[Moyenne]] -> -22.5
B41: Gabriel | C41: Landeskog | D41: =Tableau1[[#This Row],[Prenom]]&" "&Tableau1[[#This Row],[Nom]] -> Gabriel Landeskog | E41: =VLOOKUP(Tableau1[[#This Row],[Colonne2]],'BCP stats'!$C$6:$D$305,2,FALSE) -> 24 | G41: 60 | H41: 58 | I41: 54 | J41: 58 | K41: 59 | L41: 59 | M41: =AVERAGE(Tableau1[[#This Row],[Lepool.com]:[CBS]]) -> 58 | N41: =VLOOKUP(Tableau1[[#This Row],[Colonne2]],Final!$B$3:$I$302,4,FALSE) -> 72 | O41: =VLOOKUP(Tableau1[[#This Row],[Colonne2]],Final!$B$3:$I$302,7,FALSE) -> 33 | P41: =Tableau1[[#This Row],[Final]]-Tableau1[[#This Row],[Lepool.com]] -> -27 | Q41: =Tableau1[[#This Row],[Final]]-Tableau1[[#This Row],[HM]] -> -25 | R41: =Tableau1[[#This Row],[Final]]-Tableau1[[#This Row],[Pool Pro]] -> -21 | S41: =Tableau1[[#This Row],[Final]]-Tableau1[[#This Row],[ESPN]] -> -26 | T41: =Tableau1[[#This Row],[Final]]-Tableau1[[#This Row],[CBS]] -> -26 | U41: =Tableau1[[#This Row],[Final]]-Tableau1[[#This Row],[Moyenne]] -> -25
B42: Evgeny | C42: Kuznetsov | D42: =Tableau1[[#This Row],[Prenom]]&" "&Tableau1[[#This Row],[Nom]] -> Evgeny Kuznetsov | E42: =VLOOKUP(Tableau1[[#This Row],[Colonne2]],'BCP stats'!$C$6:$D$305,2,FALSE) -> 24 | G42: 69 | H42: 75 | I42: 72 | J42: 80 | K42: 80 | L42: 71 | M42: =AVERAGE(Tableau1[[#This Row],[Lepool.com]:[CBS]]) -> 74.5 | N42: =VLOOKUP(Tableau1[[#This Row],[Colonne2]],Final!$B$3:$I$302,4,FALSE) -> 82 | O42: =VLOOKUP(Tableau1[[#This Row],[Colonne2]],Final!$B$3:$I$302,7,FALSE) -> 59 | P42: =Tableau1[[#This Row],[Final]]-Tableau1[[#This Row],[Lepool.com]] -> -10 | Q42: =Tableau1[[#This Row],[Final]]-Tableau1[[#This Row],[HM]] -> -16 | R42: =Tableau1[[#This Row],[Final]]-Tableau1[[#This Row],[Pool Pro]] -> -13 | S42: =Tableau1[[#This Row],[Final]]-Tableau1[[#This Row],[ESPN]] -> -21 | T42: =Tableau1[[#This Row],[Final]]-Tableau1[[#This Row],[CBS]] -> -12 | U42: =Tableau1[[#This Row],[Final]]-Tableau1[[#This Row],[Moyenne]] -> -15.5
B43: Sean | C43: Couturier | D43: =Tableau1[[#This Row],[Prenom]]&" "&Tableau1[[#This Row],[Nom]] -> Sean Couturier | E43: =VLOOKUP(Tableau1[[#This Row],[Colonne2]],'BCP stats'!$C$6:$D$305,2,FALSE) -> 24 | G43: 49 | H43: 49 | I43: 40 | J43: 49 | K43: 39 | L43: 52 | M43: =AVERAGE(Tableau1[[#This Row],[Lepool.com]:[CBS]]) -> 46.333333 | N43: =VLOOKUP(Tableau1[[#This Row],[Colonne2]],Final!$B$3:$I$302,4,FALSE) -> 66 | O43: =VLOOKUP(Tableau1[[#This Row],[Colonne2]],Final!$B$3:$I$302,7,FALSE) -> 34 | P43: =Tableau1[[#This Row],[Final]]-Tableau1[[#This Row],[Lepool.com]] -> -15 | Q43: =Tableau1[[#This Row],[Final]]-Tableau1[[#This Row],[HM]] -> -15 | R43: =Tableau1[[#This Row],[Final]]-Tableau1[[#This Row],[Pool Pro]] -> -6 | S43: =Tableau1[[#This Row],[Final]]-Tableau1[[#This Row],[ESPN]] -> -5 | T43: =Tableau1[[#This Row],[Final]]-Tableau1[[#This Row],[CBS]] -> -18 | U43: =Tableau1[[#This Row],[Final]]-Tableau1[[#This Row],[Moyenne]] -> -12.333333
B44: Jean-Gabriel | C44: Pageau | D44: =Tableau1[[#This Row],[Prenom]]&" "&Tableau1[[#This Row],[Nom]] -> Jean-Gabriel Pageau | E44: =VLOOKUP(Tableau1[[#This Row],[Colonne2]],'BCP stats'!$C$6:$D$305,2,FALSE) -> 24 | H44: 47 | I44: 49 | L44: 45 | M44: =AVERAGE(Tableau1[[#This Row],[Lepool.com]:[CBS]]) -> 47 | N44: =VLOOKUP(Tableau1[[#This Row],[Colonne2]],Final!$B$3:$I$302,4,FALSE) -> 82 | O44: =VLOOKUP(Tableau1[[#This Row],[Colonne2]],Final!$B$3:$I$302,7,FALSE) -> 33 | P44: =Tableau1[[#This Row],[Final]]-Tableau1[[#This Row],[Lepool.com]] -> 33 | Q44: =Tableau1[[#This Row],[Final]]-Tableau1[[#This Row],[HM]] -> -14 | R44: =Tableau1[[#This Row],[Final]]-Tableau1[[#This Row],[Pool Pro]] -> -16 | S44: =Tableau1[[#This Row],[Final]]-Tableau1[[#This Row],[ESPN]] -> 33 | T44: =Tableau1[[#This Row],[Final]]-Tableau1[[#This Row],[CBS]] -> -12 | U44: =Tableau1[[#This Row],[Final]]-Tableau1[[#This Row],[Moyenne]] -> -14
B45: Tyler | C45: Seguin | D45: =Tableau1[[#This Row],[Prenom]]&" "&Tableau1[[#This Row],[Nom]] -> Tyler Seguin | E45: =VLOOKUP(Tableau1[[#This Row],[Colonne2]],'BCP stats'!$C$6:$D$305,2,FALSE) -> 24 | G45: 85 | H45: 85 | I45: 83 | J45: 75 | K45: 77 | L45: 82 | M45: =AVERAGE(Tableau1[[#This Row],[Lepool.com]:[CBS]]) -> 81.166667 | N45: =VLOOKUP(Tableau1[[#This Row],[Colonne2]],Final!$B$3:$I$302,4,FALSE) -> 82 | O45: =VLOOKUP(Tableau1[[#This Row],[Colonne2]],Final!$B$3:$I$302,7,FALSE) -> 72 | P45: =Tableau1[[#This Row],[Final]]-Tableau1[[#This Row],[Lepool.com]] -> -13 | Q45: =Tableau1[[#This Row],[Final]]-Tableau1[[#This Row],[HM]] -> -13 | R45: =Tableau1[[#This Row],[Final]]-Tableau1[[#This Row],[Pool Pro]] -> -11 | S45: =Tableau1[[#This Row],[Final]]-Tableau1[[#This Row],[ESPN]] -> -5 | T45: =Tableau1[[#This Row],[Final]]-Tableau1[[#This Row],[CBS]] -> -10 | U45: =Tableau1[[#This Row],[Final]]-Tableau1[[#This Row],[Moyenne]] -> -9.1666667
B46: Jaden | C46: Schwartz | D46: =Tableau1[[#This Row],[Prenom]]&" "&Tableau1[[#This Row],[Nom]] -> Jaden Schwartz | E46: =VLOOKUP(Tableau1[[#This Row],[Colonne2]],'BCP stats'!$C$6:$D$305,2,FALSE) -> 24 | G46: 60 | H46: 66 | I46: 60 | J46: 55 | K46: 50 | L46: 49 | M46: =AVERAGE(Tableau1[[#This Row],[Lepool.com]:[CBS]]) -> 56.666667 | N46: =VLOOKUP(Tableau1[[#This Row],[Colonne2]],Final!$B$3:$I$302,4,FALSE) -> 78 | O46: =VLOOKUP(Tableau1[[#This Row],[Colonne2]],Final!$B$3:$I$302,7,FALSE) -> 55 | P46: =Tableau1[[#This Row],[Final]]-Tableau1[[#This Row],[Lepool.com]] -> -5 | Q46: =Tableau1[[#This Row],[Final]]-Tableau1[[#This Row],[HM]] -> -11 | R46: =Tableau1[[#This Row],[Final]]-Tableau1[[#This Row],[Pool Pro]] -> -5 | S46: =Tableau1[[#This Row],[Final]]-Tableau1[[#This Row],[ESPN]] -> 5 | T46: =Tableau1[[#This Row],[Final]]-Tableau1[[#This Row],[CBS]] -> 6 | U46: =Tableau1[[#This Row],[Final]]-Tableau1[[#This Row],[Moyenne]] -> -1.6666667
B47: John | C47: Klingberg | D47: =Tableau1[[#This Row],[Prenom]]&" "&Tableau1[[#This Row],[Nom]] -> John Klingberg | E47: =VLOOKUP(Tableau1[[#This Row],[Colonne2]],'BCP stats'!$C$6:$D$305,2,FALSE) -> 24 | G47: 58 | H47: 60 | I47: 54 | J47: 58 | K47: 54 | L47: 57 | M47: =AVERAGE(Tableau1[[#This Row],[Lepool.com]:[CBS]]) -> 56.833333 | N47: =VLOOKUP(Tableau1[[#This Row],[Colonne2]],Final!$B$3:$I$302,4,FALSE) -> 80 | O47: =VLOOKUP(Tableau1[[#This Row],[Colonne2]],Final!$B$3:$I$302,7,FALSE) -> 49 | P47: =Tableau1[[#This Row],[Final]]-Tableau1[[#This Row],[Lepool.com]] -> -9 | Q47: =Tableau1[[#This Row],[Final]]-Tableau1[[#This Row],[HM]] -> -11 | R47: =Tableau1[[#This Row],[Final]]-Tableau1[[#This Row],[Pool Pro]] -> -5 | S47: =Tableau1[[#This Row],[Final]]-Tableau1[[#This Row],[ESPN]] -> -5 | T47: =Tableau1[[#This Row],[Final]]-Tableau1[[#This Row],[CBS]] -> -8 | U47: =Tableau1[[#This Row],[Final]]-Tableau1[[#This Row],[Moyenne]] -> -7.8333333
B48: Mark | C48: Stone | D48: =Tableau1[[#This Row],[Prenom]]&" "&Tableau1[[#This Row],[Nom]] -> Mark Stone | E48: =VLOOKUP(Tableau1[[#This Row],[Colonne2]],'BCP stats'!$C$6:$D$305,2,FALSE) -> 24 | G48: 62 | H48: 65 | I48: 65 | J48: 63 | K48: 62 | L48: 71 | M48: =AVERAGE(Tableau1[[#This Row],[Lepool.com]:[CBS]]) -> 64.666667 | N48: =VLOOKUP(Tableau1[[#This Row],[Colonne2]],Final!$B$3:$I$302,4,FALSE) -> 71 | O48: =VLOOKUP(Tableau1[[#This Row],[Colonne2]],Final!$B$3:$I$302,7,FALSE) -> 54 | P48: =Tableau1[[#This Row],[Final]]-Tableau1[[#This Row],[Lepool.com]] -> -8 | Q48: =Tableau1[[#This Row],[Final]]-Tableau1[[#This Row],[HM]] -> -11 | R48: =Tableau1[[#This Row],[Final]]-Tableau1[[#This Row],[Pool Pro]] -> -11 | S48: =Tableau1[[#This Row],[Final]]-Tableau1[[#This Row],[ESPN]] -> -8 | T48: =Tableau1[[#This Row],[Final]]-Tableau1[[#This Row],[CBS]] -> -17 | U48: =Tableau1[[#This Row],[Final]]-Tableau1[[#This Row],[Moyenne]] -> -10.666667
B49: Justin | C49: Faulk | D49: =Tableau1[[#This Row],[Prenom]]&" "&Tableau1[[#This Row],[Nom]] -> Justin Faulk | E49: =VLOOKUP(Tableau1[[#This Row],[Colonne2]],'BCP stats'!$C$6:$D$305,2,FALSE) -> 24 | G49: 51 | H49: 45 | I49: 47 | J49: 45 | K49: 47 | L49: 48 | M49: =AVERAGE(Tableau1[[#This Row],[Lepool.com]:[CBS]]) -> 47.166667 | N49: =VLOOKUP(Tableau1[[#This Row],[Colonne2]],Final!$B$3:$I$302,4,FALSE) -> 75 | O49: =VLOOKUP(Tableau1[[#This Row],[Colonne2]],Final!$B$3:$I$302,7,FALSE) -> 37 | P49: =Tableau1[[#This Row],[Final]]-Tableau1[[#This Row],[Lepool.com]] -> -14 | Q49: =Tableau1[[#This Row],[Final]]-Tableau1[[#This Row],[HM]] -> -8 | R49: =Tableau1[[#This Row],[Final]]-Tableau1[[#This Row],[Pool Pro]] -> -10 | S49: =Tableau1[[#This Row],[Final]]-Tableau1[[#This Row],[ESPN]] -> -10 | T49: =Tableau1[[#This Row],[Final]]-Tableau1[[#This Row],[CBS]] -> -11 | U49: =Tableau1[[#This Row],[Final]]-Tableau1[[#This Row],[Moyenne]] -> -10.166667
B50: Ryan | C50: Spooner | D50: =Tableau1[[#This Row],[Prenom]]&" "&Tableau1[[#This Row],[Nom]] -> Ryan Spooner | E50: =VLOOKUP(Tableau1[[#This Row],[Colonne2]],'BCP stats'!$C$6:$D$305,2,FALSE) -> 24 | G50: 50 | H50: 46 | I50: 45 | J50: 50 | K50: 46 | L50: 52 | M50: =AVERAGE(Tableau1[[#This Row],[Lepool.com]:[CBS]]) -> 48.166667 | N50: =VLOOKUP(Tableau1[[#This Row],[Colonne2]],Final!$B$3:$I$302,4,FALSE) -> 78 | O50: =VLOOKUP(Tableau1[[#This Row],[Colonne2]],Final!$B$3:$I$302,7,FALSE) -> 39 | P50: =Tableau1[[#This Row],[Final]]-Tableau1[[#This Row],[Lepool.com]] -> -11 | Q50: =Tableau1[[#This Row],[Final]]-Tableau1[[#This Row],[HM]] -> -7 | R50: =Tableau1[[#This Row],[Final]]-Tableau1[[#This Row],[Pool Pro]] -> -6 | S50: =Tableau1[[#This Row],[Final]]-Tableau1[[#This Row],[ESPN]] -> -7 | T50: =Tableau1[[#This Row],[Final]]-Tableau1[[#This Row],[CBS]] -> -13 | U50: =Tableau1[[#This Row],[Final]]-Tableau1[[#This Row],[Moyenne]] -> -9.1666667
B51: Brandon | C51: Saad | D51: =Tableau1[[#This Row],[Prenom]]&" "&Tableau1[[#This Row],[Nom]] -> Brandon Saad | E51: =VLOOKUP(Tableau1[[#This Row],[Colonne2]],'BCP stats'!$C$6:$D$305,2,FALSE) -> 24 | G51: 56 | H51: 57 | I51: 55 | J51: 58 | K51: 54 | L51: 54 | M51: =AVERAGE(Tableau1[[#This Row],[Lepool.com]:[CBS]]) -> 55.666667 | N51: =VLOOKUP(Tableau1[[#This Row],[Colonne2]],Final!$B$3:$I$302,4,FALSE) -> 82 | O51: =VLOOKUP(Tableau1[[#This Row],[Colonne2]],Final!$B$3:$I$302,7,FALSE) -> 53 | P51: =Tableau1[[#This Row],[Final]]-Tableau1[[#This Row],[Lepool.com]] -> -3 | Q51: =Tableau1[[#This Row],[Final]]-Tableau1[[#This Row],[HM]] -> -4 | R51: =Tableau1[[#This Row],[Final]]-Tableau1[[#This Row],[Pool Pro]] -> -2 | S51: =Tableau1[[#This Row],[Final]]-Tableau1[[#This Row],[ESPN]] -> -1 | T51: =Tableau1[[#This Row],[Final]]-Tableau1[[#This Row],[CBS]] -> -1 | U51: =Tableau1[[#This Row],[Final]]-Tableau1[[#This Row],[Moyenne]] -> -2.6666667
B52: Ryan | C52: Johansen | D52: =Tableau1[[#This Row],[Prenom]]&" "&Tableau1[[#This Row],[Nom]] -> Ryan Johansen | E52: =VLOOKUP(Tableau1[[#This Row],[Colonne2]],'BCP stats'!$C$6:$D$305,2,FALSE) -> 24 | G52: 71 | H52: 65 | I52: 70 | J52: 69 | K52: 54 | L52: 64 | M52: =AVERAGE(Tableau1[[#This Row],[Lepool.com]:[CBS]]) -> 65.5 | N52: =VLOOKUP(Tableau1[[#This Row],[Colonne2]],Final!$B$3:$I$302,4,FALSE) -> 82 | O52: =VLOOKUP(Tableau1[[#This Row],[Colonne2]],Final!$B$3:$I$302,7,FALSE) -> 61 | P52: =Tableau1[[#This Row],[Final]]-Tableau1[[#This Row],[Lepool.com]] -> -10 | Q52: =Tableau1[[#This Row],[Final]]-Tableau1[[#This Row],[HM]] -> -4 | R52: =Tableau1[[#This Row],[Final]]-Tableau1[[#This Row],[Pool Pro]] -> -9 | S52: =Tableau1[[#This Row],[Final]]-Tableau1[[#This Row],[ESPN]] -> 7 | T52: =Tableau1[[#This Row],[Final]]-Tableau1[[#This Row],[CBS]] -> -3 | U52: =Tableau1[[#This Row],[Final]]-Tableau1[[#This Row],[Moyenne]] -> -4.5
B53: Jeff | C53: Skinner | D53: =Tableau1[[#This Row],[Prenom]]&" "&Tableau1[[#This Row],[Nom]] -> Jeff Skinner | E53: =VLOOKUP(Tableau1[[#This Row],[Colonne2]],'BCP stats'!$C$6:$D$305,2,FALSE) -> 24 | G53: 56 | H53: 55 | I53: 56 | J53: 55 | K53: 53 | L53: 52 | M53: =AVERAGE(Tableau1[[#This Row],[Lepool.com]:[CBS]]) -> 54.5 | N53: =VLOOKUP(Tableau1[[#This Row],[Colonne2]],Final!$B$3:$I$302,4,FALSE) -> 79 | O53: =VLOOKUP(Tableau1[[#This Row],[Colonne2]],Final!$B$3:$I$302,7,FALSE) -> 63 | P53: =Tableau1[[#This Row],[Final]]-Tableau1[[#This Row],[Lepool.com]] -> 7 | Q53: =Tableau1[[#This Row],[Final]]-Tableau1[[#This Row],[HM]] -> 8 | R53: =Tableau1[[#This Row],[Final]]-Tableau1[[#This Row],[Pool Pro]] -> 7 | S53: =Tableau1[[#This Row],[Final]]-Tableau1[[#This Row],[ESPN]] -> 10 | T53: =Tableau1[[#This Row],[Final]]-Tableau1[[#This Row],[CBS]] -> 11 | U53: =Tableau1[[#This Row],[Final]]-Tableau1[[#This Row],[Moyenne]] -> 8.5
B54: Charlie | C54: Coyle | D54: =Tableau1[[#This Row],[Prenom]]&" "&Tableau1[[#This Row],[Nom]] -> Charlie Coyle | E54: =VLOOKUP(Tableau1[[#This Row],[Colonne2]],'BCP stats'!$C$6:$D$305,2,FALSE) -> 24 | G54: 49 | H54: 47 | I54: 46 | J54: 50 | L54: 40 | M54: =AVERAGE(Tableau1[[#This Row],[Lepool.com]:[CBS]]) -> 46.4 | N54: =VLOOKUP(Tableau1[[#This Row],[Colonne2]],Final!$B$3:$I$302,4,FALSE) -> 82 | O54: =VLOOKUP(Tableau1[[#This Row],[Colonne2]],Final!$B$3:$I$302,7,FALSE) -> 56 | P54: =Tableau1[[#This Row],[Final]]-Tableau1[[#This Row],[Lepool.com]] -> 7 | Q54: =Tableau1[[#This Row],[Final]]-Tableau1[[#This Row],[HM]] -> 9 | R54: =Tableau1[[#This Row],[Final]]-Tableau1[[#This Row],[Pool Pro]] -> 10 | S54: =Tableau1[[#This Row],[Final]]-Tableau1[[#This Row],[ESPN]] -> 56 | T54: =Tableau1[[#This Row],[Final]]-Tableau1[[#This Row],[CBS]] -> 16 | U54: =Tableau1[[#This Row],[Final]]-Tableau1[[#This Row],[Moyenne]] -> 9.6
B55: Nino | C55: Niederreiter | D55: =Tableau1[[#This Row],[Prenom]]&" "&Tableau1[[#This Row],[Nom]] -> Nino Niederreiter | E55: =VLOOKUP(Tableau1[[#This Row],[Colonne2]],'BCP stats'!$C$6:$D$305,2,FALSE) -> 24 | G55: 46 | H55: 46 | I55: 48 | J55: 48 | K55: 39 | L55: 44 | M55: =AVERAGE(Tableau1[[#This Row],[Lepool.com]:[CBS]]) -> 45.166667 | N55: =VLOOKUP(Tableau1[[#This Row],[Colonne2]],Final!$B$3:$I$302,4,FALSE) -> 82 | O55: =VLOOKUP(Tableau1[[#This Row],[Colonne2]],Final!$B$3:$I$302,7,FALSE) -> 57 | P55: =Tableau1[[#This Row],[Final]]-Tableau1[[#This Row],[Lepool.com]] -> 11 | Q55: =Tableau1[[#This Row],[Final]]-Tableau1[[#This Row],[HM]] -> 11 | R55: =Tableau1[[#This Row],[Final]]-Tableau1[[#This Row],[Pool Pro]] -> 9 | S55: =Tableau1[[#This Row],[Final]]-Tableau1[[#This Row],[ESPN]] -> 18 | T55: =Tableau1[[#This Row],[Final]]-Tableau1[[#This Row],[CBS]] -> 13 | U55: =Tableau1[[#This Row],[Final]]-Tableau1[[#This Row],[Moyenne]] -> 11.833333
B56: Mikael | C56: Granlund | D56: =Tableau1[[#This Row],[Prenom]]&" "&Tableau1[[#This Row],[Nom]] -> Mikael Granlund | E56: =VLOOKUP(Tableau1[[#This Row],[Colonne2]],'BCP stats'!$C$6:$D$305,2,FALSE) -> 24 | G56: 50 | H56: 46 | I56: 46 | J56: 42 | L56: 42 | M56: =AVERAGE(Tableau1[[#This Row],[Lepool.com]:[CBS]]) -> 45.2 | N56: =VLOOKUP(Tableau1[[#This Row],[Colonne2]],Final!$B$3:$I$302,4,FALSE) -> 81 | O56: =VLOOKUP(Tableau1[[#This Row],[Colonne2]],Final!$B$3:$I$302,7,FALSE) -> 69 | P56: =Tableau1[[#This Row],[Final]]-Tableau1[[#This Row],[Lepool.com]] -> 19 | Q56: =Tableau1[[#This Row],[Final]]-Tableau1[[#This Row],[HM]] -> 23 | R56: =Tableau1[[#This Row],[Final]]-Tableau1[[#This Row],[Pool Pro]] -> 23 | S56: =Tableau1[[#This Row],[Final]]-Tableau1[[#This Row],[ESPN]] -> 69 | T56: =Tableau1[[#This Row],[Final]]-Tableau1[[#This Row],[CBS]] -> 27 | U56: =Tableau1[[#This Row],[Final]]-Tableau1[[#This Row],[Moyenne]] -> 23.8
B57: Matt | C57: Duchene | D57: =Tableau1[[#This Row],[Prenom]]&" "&Tableau1[[#This Row],[Nom]] -> Matt Duchene | E57: =VLOOKUP(Tableau1[[#This Row],[Colonne2]],'BCP stats'!$C$6:$D$305,2,FALSE) -> 25 | G57: 62 | H57: 65 | I57: 61 | J57: 64 | K57: 58 | L57: 64 | M57: =AVERAGE(Tableau1[[#This Row],[Lepool.com]:[CBS]]) -> 62.333333 | N57: =VLOOKUP(Tableau1[[#This Row],[Colonne2]],Final!$B$3:$I$302,4,FALSE) -> 77 | O57: =VLOOKUP(Tableau1[[#This Row],[Colonne2]],Final!$B$3:$I$302,7,FALSE) -> 41 | P57: =Tableau1[[#This Row],[Final]]-Tableau1[[#This Row],[Lepool.com]] -> -21 | Q57: =Tableau1[[#This Row],[Final]]-Tableau1[[#This Row],[HM]] -> -24 | R57: =Tableau1[[#This Row],[Final]]-Tableau1[[#This Row],[Pool Pro]] -> -20 | S57: =Tableau1[[#This Row],[Final]]-Tableau1[[#This Row],[ESPN]] -> -17 | T57: =Tableau1[[#This Row],[Final]]-Tableau1[[#This Row],[CBS]] -> -23 | U57: =Tableau1[[#This Row],[Final]]-Tableau1[[#This Row],[Moyenne]] -> -21.333333
B58: Oliver | C58: Ekman-Larsson | D58: =Tableau1[[#This Row],[Prenom]]&" "&Tableau1[[#This Row],[Nom]] -> Oliver Ekman-Larsson | E58: =VLOOKUP(Tableau1[[#This Row],[Colonne2]],'BCP stats'!$C$6:$D$305,2,FALSE) -> 25 | G58: 57 | H58: 57 | I58: 58 | J58: 61 | K58: 56 | L58: 58 | M58: =AVERAGE(Tableau1[[#This Row],[Lepool.com]:[CBS]]) -> 57.833333 | N58: =VLOOKUP(Tableau1[[#This Row],[Colonne2]],Final!$B$3:$I$302,4,FALSE) -> 79 | O58: =VLOOKUP(Tableau1[[#This Row],[Colonne2]],Final!$B$3:$I$302,7,FALSE) -> 39 | P58: =Tableau1[[#This Row],[Final]]-Tableau1[[#This Row],[Lepool.com]] -> -18 | Q58: =Tableau1[[#This Row],[Final]]-Tableau1[[#This Row],[HM]] -> -18 | R58: =Tableau1[[#This Row],[Final]]-Tableau1[[#This Row],[Pool Pro]] -> -19 | S58: =Tableau1[[#This Row],[Final]]-Tableau1[[#This Row],[ESPN]] -> -17 | T58: =Tableau1[[#This Row],[Final]]-Tableau1[[#This Row],[CBS]] -> -19 | U58: =Tableau1[[#This Row],[Final]]-Tableau1[[#This Row],[Moyenne]] -> -18.833333
B59: Reilly | C59: Smith | D59: =Tableau1[[#This Row],[Prenom]]&" "&Tableau1[[#This Row],[Nom]] -> Reilly Smith | E59: =VLOOKUP(Tableau1[[#This Row],[Colonne2]],'BCP stats'!$C$6:$D$305,2,FALSE) -> 25 | G59: 47 | H59: 52 | I59: 48 | J59: 52 | K59: 42 | L59: 51 | M59: =AVERAGE(Tableau1[[#This Row],[Lepool.com]:[CBS]]) -> 48.666667 | N59: =VLOOKUP(Tableau1[[#This Row],[Colonne2]],Final!$B$3:$I$302,4,FALSE) -> 80 | O59: =VLOOKUP(Tableau1[[#This Row],[Colonne2]],Final!$B$3:$I$302,7,FALSE) -> 37 | P59: =Tableau1[[#This Row],[Final]]-Tableau1[[#This Row],[Lepool.com]] -> -10 | Q59: =Tableau1[[#This Row],[Final]]-Tableau1[[#This Row],[HM]] -> -15 | R59: =Tableau1[[#This Row],[Final]]-Tableau1[[#This Row],[Pool Pro]] -> -11 | S59: =Tableau1[[#This Row],[Final]]-Tableau1[[#This Row],[ESPN]] -> -5 | T59: =Tableau1[[#This Row],[Final]]-Tableau1[[#This Row],[CBS]] -> -14 | U59: =Tableau1[[#This Row],[Final]]-Tableau1[[#This Row],[Moyenne]] -> -11.666667
B60: Taylor | C60: Hall | D60: =Tableau1[[#This Row],[Prenom]]&" "&Tableau1[[#This Row],[Nom]] -> Taylor Hall | E60: =VLOOKUP(Tableau1[[#This Row],[Colonne2]],'BCP stats'!$C$6:$D$305,2,FALSE) -> 25 | G60: 66 | H60: 67 | I60: 68 | J60: 68 | K60: 63 | L60: 64 | M60: =AVERAGE(Tableau1[[#This Row],[Lepool.com]:[CBS]]) -> 66 | N60: =VLOOKUP(Tableau1[[#This Row],[Colonne2]],Final!$B$3:$I$302,4,FALSE) -> 72 | O60: =VLOOKUP(Tableau1[[#This Row],[Colonne2]],Final!$B$3:$I$302,7,FALSE) -> 53 | P60: =Tableau1[[#This Row],[Final]]-Tableau1[[#This Row],[Lepool.com]] -> -13 | Q60: =Tableau1[[#This Row],[Final]]-Tableau1[[#This Row],[HM]] -> -14 | R60: =Tableau1[[#This Row],[Final]]-Tableau1[[#This Row],[Pool Pro]] -> -15 | S60: =Tableau1[[#This Row],[Final]]-Tableau1[[#This Row],[ESPN]] -> -10 | T60: =Tableau1[[#This Row],[Final]]-Tableau1[[#This Row],[CBS]] -> -11 | U60: =Tableau1[[#This Row],[Final]]-Tableau1[[#This Row],[Moyenne]] -> -13
B61: Ryan | C61: O'Reilly | D61: =Tableau1[[#This Row],[Prenom]]&" "&Tableau1[[#This Row],[Nom]] -> Ryan O'Reilly | E61: =VLOOKUP(Tableau1[[#This Row],[Colonne2]],'BCP stats'!$C$6:$D$305,2,FALSE) -> 25 | G61: 63 | H61: 68 | I61: 64 | J61: 59 | K61: 59 | L61: 65 | M61: =AVERAGE(Tableau1[[#This Row],[Lepool.com]:[CBS]]) -> 63 | N61: =VLOOKUP(Tableau1[[#This Row],[Colonne2]],Final!$B$3:$I$302,4,FALSE) -> 72 | O61: =VLOOKUP(Tableau1[[#This Row],[Colonne2]],Final!$B$3:$I$302,7,FALSE) -> 55 | P61: =Tableau1[[#This Row],[Final]]-Tableau1[[#This Row],[Lepool.com]] -> -8 | Q61: =Tableau1[[#This Row],[Final]]-Tableau1[[#This Row],[HM]] -> -13 | R61: =Tableau1[[#This Row],[Final]]-Tableau1[[#This Row],[Pool Pro]] -> -9 | S61: =Tableau1[[#This Row],[Final]]-Tableau1[[#This Row],[ESPN]] -> -4 | T61: =Tableau1[[#This Row],[Final]]-Tableau1[[#This Row],[CBS]] -> -10 | U61: =Tableau1[[#This Row],[Final]]-Tableau1[[#This Row],[Moyenne]] -> -8
B62: Tyson | C62: Barrie | D62: =Tableau1[[#This Row],[Prenom]]&" "&Tableau1[[#This Row],[Nom]] -> Tyson Barrie | E62: =VLOOKUP(Tableau1[[#This Row],[Colonne2]],'BCP stats'!$C$6:$D$305,2,FALSE) -> 25 | G62: 53 | H62: 51 | I62: 50 | J62: 50 | K62: 47 | L62: 50 | M62: =AVERAGE(Tableau1[[#This Row],[Lepool.com]:[CBS]]) -> 50.166667 | N62: =VLOOKUP(Tableau1[[#This Row],[Colonne2]],Final!$B$3:$I$302,4,FALSE) -> 74 | O62: =VLOOKUP(Tableau1[[#This Row],[Colonne2]],Final!$B$3:$I$302,7,FALSE) -> 38 | P62: =Tableau1[[#This Row],[Final]]-Tableau1[[#This Row],[Lepool.com]] -> -15 | Q62: =Tableau1[[#This Row],[Final]]-Tableau1[[#This Row],[HM]] -> -13 | R62: =Tableau1[[#This Row],[Final]]-Tableau1[[#This Row],[Pool Pro]] -> -12 | S62: =Tableau1[[#This Row],[Final]]-Tableau1[[#This Row],[ESPN]] -> -9 | T62: =Tableau1[[#This Row],[Final]]-Tableau1[[#This Row],[CBS]] -> -12 | U62: =Tableau1[[#This Row],[Final]]-Tableau1[[#This Row],[Moyenne]] -> -12.166667
B63: Brayden | C63: Schenn | D63: =Tableau1[[#This Row],[Prenom]]&" "&Tableau1[[#This Row],[Nom]] -> Brayden Schenn | E63: =VLOOKUP(Tableau1[[#This Row],[Colonne2]],'BCP stats'!$C$6:$D$305,2,FALSE) -> 25 | G63: 57 | H63: 64 | I63: 61 | J63: 57 | K63: 56 | L63: 64 | M63: =AVERAGE(Tableau1[[#This Row],[Lepool.com]:[CBS]]) -> 59.833333 | N63: =VLOOKUP(Tableau1[[#This Row],[Colonne2]],Final!$B$3:$I$302,4,FALSE) -> 79 | O63: =VLOOKUP(Tableau1[[#This Row],[Colonne2]],Final!$B$3:$I$302,7,FALSE) -> 55 | P63: =Tableau1[[#This Row],[Final]]-Tableau1[[#This Row],[Lepool.com]] -> -2 | Q63: =Tableau1[[#This Row],[Final]]-Tableau1[[#This Row],[HM]] -> -9 | R63: =Tableau1[[#This Row],[Final]]-Tableau1[[#This Row],[Pool Pro]] -> -6 | S63: =Tableau1[[#This Row],[Final]]-Tableau1[[#This Row],[ESPN]] -> -1 | T63: =Tableau1[[#This Row],[Final]]-Tableau1[[#This Row],[CBS]] -> -9 | U63: =Tableau1[[#This Row],[Final]]-Tableau1[[#This Row],[Moyenne]] -> -4.8333333
B64: Kyle | C64: Palmieri | D64: =Tableau1[[#This Row],[Prenom]]&" "&Tableau1[[#This Row],[Nom]] -> Kyle Palmieri | E64: =VLOOKUP(Tableau1[[#This Row],[Colonne2]],'BCP stats'!$C$6:$D$305,2,FALSE) -> 25 | G64: 59 | H64: 60 | I64: 50 | J64: 55 | K64: 59 | L64: 63 | M64: =AVERAGE(Tableau1[[#This Row],[Lepool.com]:[CBS]]) -> 57.666667 | N64: =VLOOKUP(Tableau1[[#This Row],[Colonne2]],Final!$B$3:$I$302,4,FALSE) -> 80 | O64: =VLOOKUP(Tableau1[[#This Row],[Colonne2]],Final!$B$3:$I$302,7,FALSE) -> 53 | P64: =Tableau1[[#This Row],[Final]]-Tableau1[[#This Row],[Lepool.com]] -> -6 | Q64: =Tableau1[[#This Row],[Final]]-Tableau1[[#This Row],[HM]] -> -7 | R64: =Tableau1[[#This Row],[Final]]-Tableau1[[#This Row],[Pool Pro]] -> 3 | S64: =Tableau1[[#This Row],[Final]]-Tableau1[[#This Row],[ESPN]] -> -6 | T64: =Tableau1[[#This Row],[Final]]-Tableau1[[#This Row],[CBS]] -> -10 | U64: =Tableau1[[#This Row],[Final]]-Tableau1[[#This Row],[Moyenne]] -> -4.6666667
B65: Ondrej | C65: Palat | D65: =Tableau1[[#This Row],[Prenom]]&" "&Tableau1[[#This Row],[Nom]] -> Ondrej Palat | E65: =VLOOKUP(Tableau1[[#This Row],[Colonne2]],'BCP stats'!$C$6:$D$305,2,FALSE) -> 25 | G65: 52 | H65: 55 | I65: 57 | J65: 55 | K65: 52 | L65: 56 | M65: =AVERAGE(Tableau1[[#This Row],[Lepool.com]:[CBS]]) -> 54.5 | N65: =VLOOKUP(Tableau1[[#This Row],[Colonne2]],Final!$B$3:$I$302,4,FALSE) -> 75 | O65: =VLOOKUP(Tableau1[[#This Row],[Colonne2]],Final!$B$3:$I$302,7,FALSE) -> 52 | P65: =Tableau1[[#This Row],[Final]]-Tableau1[[#This Row],[Lepool.com]] -> 0 | Q65: =Tableau1[[#This Row],[Final]]-Tableau1[[#This Row],[HM]] -> -3 | R65: =Tableau1[[#This Row],[Final]]-Tableau1[[#This Row],[Pool Pro]] -> -5 | S65: =Tableau1[[#This Row],[Final]]-Tableau1[[#This Row],[ESPN]] -> 0 | T65: =Tableau1[[#This Row],[Final]]-Tableau1[[#This Row],[CBS]] -> -4 | U65: =Tableau1[[#This Row],[Final]]-Tableau1[[#This Row],[Moyenne]] -> -2.5
B66: Vladimir | C66: Tarasenko | D66: =Tableau1[[#This Row],[Prenom]]&" "&Tableau1[[#This Row],[Nom]] -> Vladimir Tarasenko | E66: =VLOOKUP(Tableau1[[#This Row],[Colonne2]],'BCP stats'!$C$6:$D$305,2,FALSE) -> 25 | G66: 77 | H66: 77 | I66: 75 | J66: 83 | K66: 81 | L66: 75 | M66: =AVERAGE(Tableau1[[#This Row],[Lepool.com]:[CBS]]) -> 78 | N66: =VLOOKUP(Tableau1[[#This Row],[Colonne2]],Final!$B$3:$I$302,4,FALSE) -> 82 | O66: =VLOOKUP(Tableau1[[#This Row],[Colonne2]],Final!$B$3:$I$302,7,FALSE) -> 75 | P66: =Tableau1[[#This Row],[Final]]-Tableau1[[#This Row],[Lepool.com]] -> -2 | Q66: =Tableau1[[#This Row],[Final]]-Tableau1[[#This Row],[HM]] -> -2 | R66: =Tableau1[[#This Row],[Final]]-Tableau1[[#This Row],[Pool Pro]] -> 0 | S66: =Tableau1[[#This Row],[Final]]-Tableau1[[#This Row],[ESPN]] -> -6 | T66: =Tableau1[[#This Row],[Final]]-Tableau1[[#This Row],[CBS]] -> 0 | U66: =Tableau1[[#This Row],[Final]]-Tableau1[[#This Row],[Moyenne]] -> -3
B67: Artemi | C67: Panarin | D67: =Tableau1[[#This Row],[Prenom]]&" "&Tableau1[[#This Row],[Nom]] -> Artemi Panarin | E67: =VLOOKUP(Tableau1[[#This Row],[Colonne2]],'BCP stats'!$C$6:$D$305,2,FALSE) -> 25 | G67: 71 | H67: 74 | I67: 72 | J67: 66 | K67: 82 | L67: 84 | M67: =AVERAGE(Tableau1[[#This Row],[Lepool.com]:[CBS]]) -> 74.833333 | N67: =VLOOKUP(Tableau1[[#This Row],[Colonne2]],Final!$B$3:$I$302,4,FALSE) -> 82 | O67: =VLOOKUP(Tableau1[[#This Row],[Colonne2]],Final!$B$3:$I$302,7,FALSE) -> 74 | P67: =Tableau1[[#This Row],[Final]]-Tableau1[[#This Row],[Lepool.com]] -> 3 | Q67: =Tableau1[[#This Row],[Final]]-Tableau1[[#This Row],[HM]] -> 0 | R67: =Tableau1[[#This Row],[Final]]-Tableau1[[#This Row],[Pool Pro]] -> 2 | S67: =Tableau1[[#This Row],[Final]]-Tableau1[[#This Row],[ESPN]] -> -8 | T67: =Tableau1[[#This Row],[Final]]-Tableau1[[#This Row],[CBS]] -> -10 | U67: =Tableau1[[#This Row],[Final]]-Tableau1[[#This Row],[Moyenne]] -> -0.83333333
B68: Brock | C68: Nelson | D68: =Tableau1[[#This Row],[Prenom]]&" "&Tableau1[[#This Row],[Nom]] -> Brock Nelson | E68: =VLOOKUP(Tableau1[[#This Row],[Colonne2]],'BCP stats'!$C$6:$D$305,2,FALSE) -> 25 | G68: 49 | H68: 44 | I68: 48 | J68: 41 | L68: 41 | M68: =AVERAGE(Tableau1[[#This Row],[Lepool.com]:[CBS]]) -> 44.6 | N68: =VLOOKUP(Tableau1[[#This Row],[Colonne2]],Final!$B$3:$I$302,4,FALSE) -> 81 | O68: =VLOOKUP(Tableau1[[#This Row],[Colonne2]],Final!$B$3:$I$302,7,FALSE) -> 45 | P68: =Tableau1[[#This Row],[Final]]-Tableau1[[#This Row],[Lepool.com]] -> -4 | Q68: =Tableau1[[#This Row],[Final]]-Tableau1[[#This Row],[HM]] -> 1 | R68: =Tableau1[[#This Row],[Final]]-Tableau1[[#This Row],[Pool Pro]] -> -3 | S68: =Tableau1[[#This Row],[Final]]-Tableau1[[#This Row],[ESPN]] -> 45 | T68: =Tableau1[[#This Row],[Final]]-Tableau1[[#This Row],[CBS]] -> 4 | U68: =Tableau1[[#This Row],[Final]]-Tableau1[[#This Row],[Moyenne]] -> 0.4
B69: Chris | C69: Kreider | D69: =Tableau1[[#This Row],[Prenom]]&" "&Tableau1[[#This Row],[Nom]] -> Chris Kreider | E69: =VLOOKUP(Tableau1[[#This Row],[Colonne2]],'BCP stats'!$C$6:$D$305,2,FALSE) -> 25 | G69: 48 | H69: 45 | I69: 47 | J69: 47 | K69: 45 | L69: 46 | M69: =AVERAGE(Tableau1[[#This Row],[Lepool.com]:[CBS]]) -> 46.333333 | N69: =VLOOKUP(Tableau1[[#This Row],[Colonne2]],Final!$B$3:$I$302,4,FALSE) -> 75 | O69: =VLOOKUP(Tableau1[[#This Row],[Colonne2]],Final!$B$3:$I$302,7,FALSE) -> 53 | P69: =Tableau1[[#This Row],[Final]]-Tableau1[[#This Row],[Lepool.com]] -> 5 | Q69: =Tableau1[[#This Row],[Final]]-Tableau1[[#This Row],[HM]] -> 8 | R69: =Tableau1[[#This Row],[Final]]-Tableau1[[#This Row],[Pool Pro]] -> 6 | S69: =Tableau1[[#This Row],[Final]]-Tableau1[[#This Row],[ESPN]] -> 8 | T69: =Tableau1[[#This Row],[Final]]-Tableau1[[#This Row],[CBS]] -> 7 | U69: =Tableau1[[#This Row],[Final]]-Tableau1[[#This Row],[Moyenne]] -> 6.6666667
B70: John | C70: Carlson | D70: =Tableau1[[#This Row],[Prenom]]&" "&Tableau1[[#This Row],[Nom]] -> John Carlson | E70: =VLOOKUP(Tableau1[[#This Row],[Colonne2]],'BCP stats'!$C$6:$D$305,2,FALSE) -> 26 | G70: 52 | H70: 59 | I70: 50 | J70: 57 | K70: 47 | L70: 63 | M70: =AVERAGE(Tableau1[[#This Row],[Lepool.com]:[CBS]]) -> 54.666667 | N70: =VLOOKUP(Tableau1[[#This Row],[Colonne2]],Final!$B$3:$I$302,4,FALSE) -> 72 | O70: =VLOOKUP(Tableau1[[#This Row],[Colonne2]],Final!$B$3:$I$302,7,FALSE) -> 37 | P70: =Tableau1[[#This Row],[Final]]-Tableau1[[#This Row],[Lepool.com]] -> -15 | Q70: =Tableau1[[#This Row],[Final]]-Tableau1[[#This Row],[HM]] -> -22 | R70: =Tableau1[[#This Row],[Final]]-Tableau1[[#This Row],[Pool Pro]] -> -13 | S70: =Tableau1[[#This Row],[Final]]-Tableau1[[#This Row],[ESPN]] -> -10 | T70: =Tableau1[[#This Row],[Final]]-Tableau1[[#This Row],[CBS]] -> -26 | U70: =Tableau1[[#This Row],[Final]]-Tableau1[[#This Row],[Moyenne]] -> -17.666667
B71: John | C71: Tavares | D71: =Tableau1[[#This Row],[Prenom]]&" "&Tableau1[[#This Row],[Nom]] -> John Tavares | E71: =VLOOKUP(Tableau1[[#This Row],[Colonne2]],'BCP stats'!$C$6:$D$305,2,FALSE) -> 26 | G71: 80 | H71: 85 | I71: 76 | J71: 83 | K71: 78 | L71: 76 | M71: =AVERAGE(Tableau1[[#This Row],[Lepool.com]:[CBS]]) -> 79.666667 | N71: =VLOOKUP(Tableau1[[#This Row],[Colonne2]],Final!$B$3:$I$302,4,FALSE) -> 77 | O71: =VLOOKUP(Tableau1[[#This Row],[Colonne2]],Final!$B$3:$I$302,7,FALSE) -> 66 | P71: =Tableau1[[#This Row],[Final]]-Tableau1[[#This Row],[Lepool.com]] -> -14 | Q71: =Tableau1[[#This Row],[Final]]-Tableau1[[#This Row],[HM]] -> -19 | R71: =Tableau1[[#This Row],[Final]]-Tableau1[[#This Row],[Pool Pro]] -> -10 | S71: =Tableau1[[#This Row],[Final]]-Tableau1[[#This Row],[ESPN]] -> -12 | T71: =Tableau1[[#This Row],[Final]]-Tableau1[[#This Row],[CBS]] -> -10 | U71: =Tableau1[[#This Row],[Final]]-Tableau1[[#This Row],[Moyenne]] -> -13.666667
B72: Tyler | C72: Johnson | D72: =Tableau1[[#This Row],[Prenom]]&" "&Tableau1[[#This Row],[Nom]] -> Tyler Johnson | E72: =VLOOKUP(Tableau1[[#This Row],[Colonne2]],'BCP stats'!$C$6:$D$305,2,FALSE) -> 26 | G72: 54 | H72: 62 | I72: 65 | J72: 60 | K72: 51 | L72: 60 | M72: =AVERAGE(Tableau1[[#This Row],[Lepool.com]:[CBS]]) -> 58.666667 | N72: =VLOOKUP(Tableau1[[#This Row],[Colonne2]],Final!$B$3:$I$302,4,FALSE) -> 66 | O72: =VLOOKUP(Tableau1[[#This Row],[Colonne2]],Final!$B$3:$I$302,7,FALSE) -> 45 | P72: =Tableau1[[#This Row],[Final]]-Tableau1[[#This Row],[Lepool.com]] -> -9 | Q72: =Tableau1[[#This Row],[Final]]-Tableau1[[#This Row],[HM]] -> -17 | R72: =Tableau1[[#This Row],[Final]]-Tableau1[[#This Row],[Pool Pro]] -> -20 | S72: =Tableau1[[#This Row],[Final]]-Tableau1[[#This Row],[ESPN]] -> -6 | T72: =Tableau1[[#This Row],[Final]]-Tableau1[[#This Row],[CBS]] -> -15 | U72: =Tableau1[[#This Row],[Final]]-Tableau1[[#This Row],[Moyenne]] -> -13.666667
B73: Adam | C73: Henrique | D73: =Tableau1[[#This Row],[Prenom]]&" "&Tableau1[[#This Row],[Nom]] -> Adam Henrique | E73: =VLOOKUP(Tableau1[[#This Row],[Colonne2]],'BCP stats'!$C$6:$D$305,2,FALSE) -> 26 | G73: 53 | H73: 55 | I73: 53 | J73: 58 | K73: 57 | L73: 56 | M73: =AVERAGE(Tableau1[[#This Row],[Lepool.com]:[CBS]]) -> 55.333333 | N73: =VLOOKUP(Tableau1[[#This Row],[Colonne2]],Final!$B$3:$I$302,4,FALSE) -> 82 | O73: =VLOOKUP(Tableau1[[#This Row],[Colonne2]],Final!$B$3:$I$302,7,FALSE) -> 40 | P73: =Tableau1[[#This Row],[Final]]-Tableau1[[#This Row],[Lepool.com]] -> -13 | Q73: =Tableau1[[#This Row],[Final]]-Tableau1[[#This Row],[HM]] -> -15 | R73: =Tableau1[[#This Row],[Final]]-Tableau1[[#This Row],[Pool Pro]] -> -13 | S73: =Tableau1[[#This Row],[Final]]-Tableau1[[#This Row],[ESPN]] -> -17 | T73: =Tableau1[[#This Row],[Final]]-Tableau1[[#This Row],[CBS]] -> -16 | U73: =Tableau1[[#This Row],[Final]]-Tableau1[[#This Row],[Moyenne]] -> -15.333333
B74: Roman | C74: Josi | D74: =Tableau1[[#This Row],[Prenom]]&" "&Tableau1[[#This Row],[Nom]] -> Roman Josi | E74: =VLOOKUP(Tableau1[[#This Row],[Colonne2]],'BCP stats'!$C$6:$D$305,2,FALSE) -> 26 | G74: 54 | H74: 60 | I74: 59 | J74: 60 | K74: 63 | L74: 65 | M74: =AVERAGE(Tableau1[[#This Row],[Lepool.com]:[CBS]]) -> 60.166667 | N74: =VLOOKUP(Tableau1[[#This Row],[Colonne2]],Final!$B$3:$I$302,4,FALSE) -> 72 | O74: =VLOOKUP(Tableau1[[#This Row],[Colonne2]],Final!$B$3:$I$302,7,FALSE) -> 49 | P74: =Tableau1[[#This Row],[Final]]-Tableau1[[#This Row],[Lepool.com]] -> -5 | Q74: =Tableau1[[#This Row],[Final]]-Tableau1[[#This Row],[HM]] -> -11 | R74: =Tableau1[[#This Row],[Final]]-Tableau1[[#This Row],[Pool Pro]] -> -10 | S74: =Tableau1[[#This Row],[Final]]-Tableau1[[#This Row],[ESPN]] -> -14 | T74: =Tableau1[[#This Row],[Final]]-Tableau1[[#This Row],[CBS]] -> -16 | U74: =Tableau1[[#This Row],[Final]]-Tableau1[[#This Row],[Moyenne]] -> -11.166667
B75: Erik | C75: Karlsson | D75: =Tableau1[[#This Row],[Prenom]]&" "&Tableau1[[#This Row],[Nom]] -> Erik Karlsson | E75: =VLOOKUP(Tableau1[[#This Row],[Colonne2]],'BCP stats'!$C$6:$D$305,2,FALSE) -> 26 | G75: 78 | H75: 80 | I75: 78 | J75: 77 | K75: 82 | L75: 88 | M75: =AVERAGE(Tableau1[[#This Row],[Lepool.com]:[CBS]]) -> 80.5 | N75: =VLOOKUP(Tableau1[[#This Row],[Colonne2]],Final!$B$3:$I$302,4,FALSE) -> 77 | O75: =VLOOKUP(Tableau1[[#This Row],[Colonne2]],Final!$B$3:$I$302,7,FALSE) -> 71 | P75: =Tableau1[[#This Row],[Final]]-Tableau1[[#This Row],[Lepool.com]] -> -7 | Q75: =Tableau1[[#This Row],[Final]]-Tableau1[[#This Row],[HM]] -> -9 | R75: =Tableau1[[#This Row],[Final]]-Tableau1[[#This Row],[Pool Pro]] -> -7 | S75: =Tableau1[[#This Row],[Final]]-Tableau1[[#This Row],[ESPN]] -> -11 | T75: =Tableau1[[#This Row],[Final]]-Tableau1[[#This Row],[CBS]] -> -17 | U75: =Tableau1[[#This Row],[Final]]-Tableau1[[#This Row],[Moyenne]] -> -9.5
B76: Jordan | C76: Eberle | D76: =Tableau1[[#This Row],[Prenom]]&" "&Tableau1[[#This Row],[Nom]] -> Jordan Eberle | E76: =VLOOKUP(Tableau1[[#This Row],[Colonne2]],'BCP stats'!$C$6:$D$305,2,FALSE) -> 26 | G76: 66 | H76: 60 | I76: 62 | J76: 70 | K76: 56 | L76: 59 | M76: =AVERAGE(Tableau1[[#This Row],[Lepool.com]:[CBS]]) -> 62.166667 | N76: =VLOOKUP(Tableau1[[#This Row],[Colonne2]],Final!$B$3:$I$302,4,FALSE) -> 82 | O76: =VLOOKUP(Tableau1[[#This Row],[Colonne2]],Final!$B$3:$I$302,7,FALSE) -> 51 | P76: =Tableau1[[#This Row],[Final]]-Tableau1[[#This Row],[Lepool.com]] -> -15 | Q76: =Tableau1[[#This Row],[Final]]-Tableau1[[#This Row],[HM]] -> -9 | R76: =Tableau1[[#This Row],[Final]]-Tableau1[[#This Row],[Pool Pro]] -> -11 | S76: =Tableau1[[#This Row],[Final]]-Tableau1[[#This Row],[ESPN]] -> -5 | T76: =Tableau1[[#This Row],[Final]]-Tableau1[[#This Row],[CBS]] -> -8 | U76: =Tableau1[[#This Row],[Final]]-Tableau1[[#This Row],[Moyenne]] -> -11.166667
B77: Tomas | C77: Tatar | D77: =Tableau1[[#This Row],[Prenom]]&" "&Tableau1[[#This Row],[Nom]] -> Tomas Tatar | E77: =VLOOKUP(Tableau1[[#This Row],[Colonne2]],'BCP stats'!$C$6:$D$305,2,FALSE) -> 26 | G77: 48 | H77: 47 | I77: 47 | J77: 44 | K77: 49 | L77: 48 | M77: =AVERAGE(Tableau1[[#This Row],[Lepool.com]:[CBS]]) -> 47.166667 | N77: =VLOOKUP(Tableau1[[#This Row],[Colonne2]],Final!$B$3:$I$302,4,FALSE) -> 82 | O77: =VLOOKUP(Tableau1[[#This Row],[Colonne2]],Final!$B$3:$I$302,7,FALSE) -> 46 | P77: =Tableau1[[#This Row],[Final]]-Tableau1[[#This Row],[Lepool.com]] -> -2 | Q77: =Tableau1[[#This Row],[Final]]-Tableau1[[#This Row],[HM]] -> -1 | R77: =Tableau1[[#This Row],[Final]]-Tableau1[[#This Row],[Pool Pro]] -> -1 | S77: =Tableau1[[#This Row],[Final]]-Tableau1[[#This Row],[ESPN]] -> -3 | T77: =Tableau1[[#This Row],[Final]]-Tableau1[[#This Row],[CBS]] -> -2 | U77: =Tableau1[[#This Row],[Final]]-Tableau1[[#This Row],[Moyenne]] -> -1.1666667
B78: Alex | C78: Pietrangelo | D78: =Tableau1[[#This Row],[Prenom]]&" "&Tableau1[[#This Row],[Nom]] -> Alex Pietrangelo | E78: =VLOOKUP(Tableau1[[#This Row],[Colonne2]],'BCP stats'!$C$6:$D$305,2,FALSE) -> 26 | G78: 48 | H78: 47 | I78: 45 | J78: 40 | K78: 41 | L78: 41 | M78: =AVERAGE(Tableau1[[#This Row],[Lepool.com]:[CBS]]) -> 43.666667 | N78: =VLOOKUP(Tableau1[[#This Row],[Colonne2]],Final!$B$3:$I$302,4,FALSE) -> 80 | O78: =VLOOKUP(Tableau1[[#This Row],[Colonne2]],Final!$B$3:$I$302,7,FALSE) -> 48 | P78: =Tableau1[[#This Row],[Final]]-Tableau1[[#This Row],[Lepool.com]] -> 0 | Q78: =Tableau1[[#This Row],[Final]]-Tableau1[[#This Row],[HM]] -> 1 | R78: =Tableau1[[#This Row],[Final]]-Tableau1[[#This Row],[Pool Pro]] -> 3 | S78: =Tableau1[[#This Row],[Final]]-Tableau1[[#This Row],[ESPN]] -> 7 | T78: =Tableau1[[#This Row],[Final]]-Tableau1[[#This Row],[CBS]] -> 7 | U78: =Tableau1[[#This Row],[Final]]-Tableau1[[#This Row],[Moyenne]] -> 4.3333333
B79: Derek | C79: Stepan | D79: =Tableau1[[#This Row],[Prenom]]&" "&Tableau1[[#This Row],[Nom]] -> Derek Stepan | E79: =VLOOKUP(Tableau1[[#This Row],[Colonne2]],'BCP stats'!$C$6:$D$305,2,FALSE) -> 26 | G79: 60 | H79: 54 | I79: 52 | J79: 52 | K79: 56 | L79: 61 | M79: =AVERAGE(Tableau1[[#This Row],[Lepool.com]:[CBS]]) -> 55.833333 | N79: =VLOOKUP(Tableau1[[#This Row],[Colonne2]],Final!$B$3:$I$302,4,FALSE) -> 81 | O79: =VLOOKUP(Tableau1[[#This Row],[Colonne2]],Final!$B$3:$I$302,7,FALSE) -> 55 | P79: =Tableau1[[#This Row],[Final]]-Tableau1[[#This Row],[Lepool.com]] -> -5 | Q79: =Tableau1[[#This Row],[Final]]-Tableau1[[#This Row],[HM]] -> 1 | R79: =Tableau1[[#This Row],[Final]]-Tableau1[[#This Row],[Pool Pro]] -> 3 | S79: =Tableau1[[#This Row],[Final]]-Tableau1[[#This Row],[ESPN]] -> -1 | T79: =Tableau1[[#This Row],[Final]]-Tableau1[[#This Row],[CBS]] -> -6 | U79: =Tableau1[[#This Row],[Final]]-Tableau1[[#This Row],[Moyenne]] -> -0.83333333
B80: Jakob | C80: Silfverberg | D80: =Tableau1[[#This Row],[Prenom]]&" "&Tableau1[[#This Row],[Nom]] -> Jakob Silfverberg | E80: =VLOOKUP(Tableau1[[#This Row],[Colonne2]],'BCP stats'!$C$6:$D$305,2,FALSE) -> 26 | G80: 46 | H80: 44 | I80: 42 | J80: 51 | K80: 43 | L80: 45 | M80: =AVERAGE(Tableau1[[#This Row],[Lepool.com]:[CBS]]) -> 45.166667 | N80: =VLOOKUP(Tableau1[[#This Row],[Colonne2]],Final!$B$3:$I$302,4,FALSE) -> 79 | O80: =VLOOKUP(Tableau1[[#This Row],[Colonne2]],Final!$B$3:$I$302,7,FALSE) -> 49 | P80: =Tableau1[[#This Row],[Final]]-Tableau1[[#This Row],[Lepool.com]] -> 3 | Q80: =Tableau1[[#This Row],[Final]]-Tableau1[[#This Row],[HM]] -> 5 | R80: =Tableau1[[#This Row],[Final]]-Tableau1[[#This Row],[Pool Pro]] -> 7 | S80: =Tableau1[[#This Row],[Final]]-Tableau1[[#This Row],[ESPN]] -> 6 | T80: =Tableau1[[#This Row],[Final]]-Tableau1[[#This Row],[CBS]] -> 4 | U80: =Tableau1[[#This Row],[Final]]-Tableau1[[#This Row],[Moyenne]] -> 3.8333333
... B87: Drew | C87: Doughty | D87: =Tableau1[[#This Row],[Prenom]]&" "&Tableau1[[#This Row],[Nom]] -> Drew Doughty | E87: =VLOOKUP(Tableau1[[#This Row],[Colonne2]],'BCP stats'!$C$6:$D$305,2,FALSE) -> 27 | G87: 53 | H87: 50 | I87: 46 | J87: 48 | K87: 46 | L87: 49 | M87: =AVERAGE(Tableau1[[#This Row],[Lepool.com]:[CBS]]) -> 48.666667 | N87: =VLOOKUP(Tableau1[[#This Row],[Colonne2]],Final!$B$3:$I$302,4,FALSE) -> 82 | O87: =VLOOKUP(Tableau1[[#This Row],[Colonne2]],Final!$B$3:$I$302,7,FALSE) -> 44 | P87: =Tableau1[[#This Row],[Final]]-Tableau1[[#This Row],[Lepool.com]] -> -9 | Q87: =Tableau1[[#This Row],[Final]]-Tableau1[[#This Row],[HM]] -> -6 | R87: =Tableau1[[#This Row],[Final]]-Tableau1[[#This Row],[Pool Pro]] -> -2 | S87: =Tableau1[[#This Row],[Final]]-Tableau1[[#This Row],[ESPN]] -> -2 | T87: =Tableau1[[#This Row],[Final]]-Tableau1[[#This Row],[CBS]] -> -5 | U87: =Tableau1[[#This Row],[Final]]-Tableau1[[#This Row],[Moyenne]] -> -4.6666667
B88: Alex | C88: Killorn | D88: =Tableau1[[#This Row],[Prenom]]&" "&Tableau1[[#This Row],[Nom]] -> Alex Killorn | E88: =VLOOKUP(Tableau1[[#This Row],[Colonne2]],'BCP stats'!$C$6:$D$305,2,FALSE) -> 27 | H88: 42 | I88: 47 | J88: 44 | K88: 39 | L88: 49 | M88: =AVERAGE(Tableau1[[#This Row],[Lepool.com]:[CBS]]) -> 44.2 | N88: =VLOOKUP(Tableau1[[#This Row],[Colonne2]],Final!$B$3:$I$302,4,FALSE) -> 81 | O88: =VLOOKUP(Tableau1[[#This Row],[Colonne2]],Final!$B$3:$I$302,7,FALSE) -> 36 | P88: =Tableau1[[#This Row],[Final]]-Tableau1[[#This Row],[Lepool.com]] -> 36 | Q88: =Tableau1[[#This Row],[Final]]-Tableau1[[#This Row],[HM]] -> -6 | R88: =Tableau1[[#This Row],[Final]]-Tableau1[[#This Row],[Pool Pro]] -> -11 | S88: =Tableau1[[#This Row],[Final]]-Tableau1[[#This Row],[ESPN]] -> -3 | T88: =Tableau1[[#This Row],[Final]]-Tableau1[[#This Row],[CBS]] -> -13 | U88: =Tableau1[[#This Row],[Final]]-Tableau1[[#This Row],[Moyenne]] -> -8.2
B89: Mike | C89: Hoffman | D89: =Tableau1[[#This Row],[Prenom]]&" "&Tableau1[[#This Row],[Nom]] -> Mike Hoffman | E89: =VLOOKUP(Tableau1[[#This Row],[Colonne2]],'BCP stats'!$C$6:$D$305,2,FALSE) -> 27 | G89: 57 | H89: 63 | I89: 58 | J89: 60 | K89: 60 | L89: 67 | M89: =AVERAGE(Tableau1[[#This Row],[Lepool.com]:[CBS]]) -> 60.833333 | N89: =VLOOKUP(Tableau1[[#This Row],[Colonne2]],Final!$B$3:$I$302,4,FALSE) -> 74 | O89: =VLOOKUP(Tableau1[[#This Row],[Colonne2]],Final!$B$3:$I$302,7,FALSE) -> 61 | P89: =Tableau1[[#This Row],[Final]]-Tableau1[[#This Row],[Lepool.com]] -> 4 | Q89: =Tableau1[[#This Row],[Final]]-Tableau1[[#This Row],[HM]] -> -2 | R89: =Tableau1[[#This Row],[Final]]-Tableau1[[#This Row],[Pool Pro]] -> 3 | S89: =Tableau1[[#This Row],[Final]]-Tableau1[[#This Row],[ESPN]] -> 1 | T89: =Tableau1[[#This Row],[Final]]-Tableau1[[#This Row],[CBS]] -> -6 | U89: =Tableau1[[#This Row],[Final]]-Tableau1[[#This Row],[Moyenne]] -> 0.16666667
B90: Gustav | C90: Nyquist | D90: =Tableau1[[#This Row],[Prenom]]&" "&Tableau1[[#This Row],[Nom]] -> Gustav Nyquist | E90: =VLOOKUP(Tableau1[[#This Row],[Colonne2]],'BCP stats'!$C$6:$D$305,2,FALSE) -> 27 | G90: 55 | H90: 48 | I90: 48 | J90: 50 | K90: 47 | L90: 44 | M90: =AVERAGE(Tableau1[[#This Row],[Lepool.com]:[CBS]]) -> 48.666667 | N90: =VLOOKUP(Tableau1[[#This Row],[Colonne2]],Final!$B$3:$I$302,4,FALSE) -> 76 | O90: =VLOOKUP(Tableau1[[#This Row],[Colonne2]],Final!$B$3:$I$302,7,FALSE) -> 48 | P90: =Tableau1[[#This Row],[Final]]-Tableau1[[#This Row],[Lepool.com]] -> -7 | Q90: =Tableau1[[#This Row],[Final]]-Tableau1[[#This Row],[HM]] -> 0 | R90: =Tableau1[[#This Row],[Final]]-Tableau1[[#This Row],[Pool Pro]] -> 0 | S90: =Tableau1[[#This Row],[Final]]-Tableau1[[#This Row],[ESPN]] -> 1 | T90: =Tableau1[[#This Row],[Final]]-Tableau1[[#This Row],[CBS]] -> 4 | U90: =Tableau1[[#This Row],[Final]]-Tableau1[[#This Row],[Moyenne]] -> -0.66666667
B91: James | C91: van Riemsdyk | D91: =Tableau1[[#This Row],[Prenom]]&" "&Tableau1[[#This Row],[Nom]] -> James van Riemsdyk | E91: =VLOOKUP(Tableau1[[#This Row],[Colonne2]],'BCP stats'!$C$6:$D$305,2,FALSE) -> 27 | G91: 61 | H91: 58 | I91: 58 | J91: 64 | K91: 54 | L91: 59 | M91: =AVERAGE(Tableau1[[#This Row],[Lepool.com]:[CBS]]) -> 59 | N91: =VLOOKUP(Tableau1[[#This Row],[Colonne2]],Final!$B$3:$I$302,4,FALSE) -> 82 | O91: =VLOOKUP(Tableau1[[#This Row],[Colonne2]],Final!$B$3:$I$302,7,FALSE) -> 62 | P91: =Tableau1[[#This Row],[Final]]-Tableau1[[#This Row],[Lepool.com]] -> 1 | Q91: =Tableau1[[#This Row],[Final]]-Tableau1[[#This Row],[HM]] -> 4 | R91: =Tableau1[[#This Row],[Final]]-Tableau1[[#This Row],[Pool Pro]] -> 4 | S91: =Tableau1[[#This Row],[Final]]-Tableau1[[#This Row],[ESPN]] -> 8 | T91: =Tableau1[[#This Row],[Final]]-Tableau1[[#This Row],[CBS]] -> 3 | U91: =Tableau1[[#This Row],[Final]]-Tableau1[[#This Row],[Moyenne]] -> 3
B92: Mikael | C92: Backlund | D92: =Tableau1[[#This Row],[Prenom]]&" "&Tableau1[[#This Row],[Nom]] -> Mikael Backlund | E92: =VLOOKUP(Tableau1[[#This Row],[Colonne2]],'BCP stats'!$C$6:$D$305,2,FALSE) -> 27 | G92: 47 | H92: 43 | I92: 44 | J92: 42 | K92: 50 | L92: 44 | M92: =AVERAGE(Tableau1[[#This Row],[Lepool.com]:[CBS]]) -> 45 | N92: =VLOOKUP(Tableau1[[#This Row],[Colonne2]],Final!$B$3:$I$302,4,FALSE) -> 81 | O92: =VLOOKUP(Tableau1[[#This Row],[Colonne2]],Final!$B$3:$I$302,7,FALSE) -> 53 | P92: =Tableau1[[#This Row],[Final]]-Tableau1[[#This Row],[Lepool.com]] -> 6 | Q92: =Tableau1[[#This Row],[Final]]-Tableau1[[#This Row],[HM]] -> 10 | R92: =Tableau1[[#This Row],[Final]]-Tableau1[[#This Row],[Pool Pro]] -> 9 | S92: =Tableau1[[#This Row],[Final]]-Tableau1[[#This Row],[ESPN]] -> 3 | T92: =Tableau1[[#This Row],[Final]]-Tableau1[[#This Row],[CBS]] -> 9 | U92: =Tableau1[[#This Row],[Final]]-Tableau1[[#This Row],[Moyenne]] -> 8
B93: Kevin | C93: Shattenkirk | D93: =Tableau1[[#This Row],[Prenom]]&" "&Tableau1[[#This Row],[Nom]] -> Kevin Shattenkirk | E93: =VLOOKUP(Tableau1[[#This Row],[Colonne2]],'BCP stats'!$C$6:$D$305,2,FALSE) -> 27 | G93: 48 | H93: 45 | I93: 46 | J93: 49 | K93: 38 | L93: 50 | M93: =AVERAGE(Tableau1[[#This Row],[Lepool.com]:[CBS]]) -> 46 | N93: =VLOOKUP(Tableau1[[#This Row],[Colonne2]],Final!$B$3:$I$302,4,FALSE) -> 80 | O93: =VLOOKUP(Tableau1[[#This Row],[Colonne2]],Final!$B$3:$I$302,7,FALSE) -> 56 | P93: =Tableau1[[#This Row],[Final]]-Tableau1[[#This Row],[Lepool.com]] -> 8 | Q93: =Tableau1[[#This Row],[Final]]-Tableau1[[#This Row],[HM]] -> 11 | R93: =Tableau1[[#This Row],[Final]]-Tableau1[[#This Row],[Pool Pro]] -> 10 | S93: =Tableau1[[#This Row],[Final]]-Tableau1[[#This Row],[ESPN]] -> 18 | T93: =Tableau1[[#This Row],[Final]]-Tableau1[[#This Row],[CBS]] -> 6 | U93: =Tableau1[[#This Row],[Final]]-Tableau1[[#This Row],[Moyenne]] -> 10
B94: Cam | C94: Atkinson | D94: =Tableau1[[#This Row],[Prenom]]&" "&Tableau1[[#This Row],[Nom]] -> Cam Atkinson | E94: =VLOOKUP(Tableau1[[#This Row],[Colonne2]],'BCP stats'!$C$6:$D$305,2,FALSE) -> 27 | G94: 54 | H94: 49 | I94: 48 | J94: 41 | K94: 49 | L94: 53 | M94: =AVERAGE(Tableau1[[#This Row],[Lepool.com]:[CBS]]) -> 49 | N94: =VLOOKUP(Tableau1[[#This Row],[Colonne2]],Final!$B$3:$I$302,4,FALSE) -> 82 | O94: =VLOOKUP(Tableau1[[#This Row],[Colonne2]],Final!$B$3:$I$302,7,FALSE) -> 62 | P94: =Tableau1[[#This Row],[Final]]-Tableau1[[#This Row],[Lepool.com]] -> 8 | Q94: =Tableau1[[#This Row],[Final]]-Tableau1[[#This Row],[HM]] -> 13 | R94: =Tableau1[[#This Row],[Final]]-Tableau1[[#This Row],[Pool Pro]] -> 14 | S94: =Tableau1[[#This Row],[Final]]-Tableau1[[#This Row],[ESPN]] -> 13 | T94: =Tableau1[[#This Row],[Final]]-Tableau1[[#This Row],[CBS]] -> 9 | U94: =Tableau1[[#This Row],[Final]]-Tableau1[[#This Row],[Moyenne]] -> 13
B95: Claude | C95: Giroux | D95: =Tableau1[[#This Row],[Prenom]]&" "&Tableau1[[#This Row],[Nom]] -> Claude Giroux | E95: =VLOOKUP(Tableau1[[#This Row],[Colonne2]],'BCP stats'!$C$6:$D$305,2,FALSE) -> 28 | G95: 75 | H95: 77 | I95: 76 | J95: 73 | K95: 70 | L95: 73 | M95: =AVERAGE(Tableau1[[#This Row],[Lepool.com]:[CBS]]) -> 74 | N95: =VLOOKUP(Tableau1[[#This Row],[Colonne2]],Final!$B$3:$I$302,4,FALSE) -> 82 | O95: =VLOOKUP(Tableau1[[#This Row],[Colonne2]],Final!$B$3:$I$302,7,FALSE) -> 58 | P95: =Tableau1[[#This Row],[Final]]-Tableau1[[#This Row],[Lepool.com]] -> -17 | Q95: =Tableau1[[#This Row],[Final]]-Tableau1[[#This Row],[HM]] -> -19 | R95: =Tableau1[[#This Row],[Final]]-Tableau1[[#This Row],[Pool Pro]] -> -18 | S95: =Tableau1[[#This Row],[Final]]-Tableau1[[#This Row],[ESPN]] -> -12 | T95: =Tableau1[[#This Row],[Final]]-Tableau1[[#This Row],[CBS]] -> -15 | U95: =Tableau1[[#This Row],[Final]]-Tableau1[[#This Row],[Moyenne]] -> -16
B96: Kyle | C96: Okposo | D96: =Tableau1[[#This Row],[Prenom]]&" "&Tableau1[[#This Row],[Nom]] -> Kyle Okposo | E96: =VLOOKUP(Tableau1[[#This Row],[Colonne2]],'BCP stats'!$C$6:$D$305,2,FALSE) -> 28 | G96: 61 | H96: 57 | I96: 62 | J96: 56 | K96: 50 | L96: 54 | M96: =AVERAGE(Tableau1[[#This Row],[Lepool.com]:[CBS]]) -> 56.666667 | N96: =VLOOKUP(Tableau1[[#This Row],[Colonne2]],Final!$B$3:$I$302,4,FALSE) -> 65 | O96: =VLOOKUP(Tableau1[[#This Row],[Colonne2]],Final!$B$3:$I$302,7,FALSE) -> 45 | P96: =Tableau1[[#This Row],[Final]]-Tableau1[[#This Row],[Lepool.com]] -> -16 | Q96: =Tableau1[[#This Row],[Final]]-Tableau1[[#This Row],[HM]] -> -12 | R96: =Tableau1[[#This Row],[Final]]-Tableau1[[#This Row],[Pool Pro]] -> -17 | S96: =Tableau1[[#This Row],[Final]]-Tableau1[[#This Row],[ESPN]] -> -5 | T96: =Tableau1[[#This Row],[Final]]-Tableau1[[#This Row],[CBS]] -> -9 | U96: =Tableau1[[#This Row],[Final]]-Tableau1[[#This Row],[Moyenne]] -> -11.666667
B97: Jonathan | C97: Toews | D97: =Tableau1[[#This Row],[Prenom]]&" "&Tableau1[[#This Row],[Nom]] -> Jonathan Toews | E97: =VLOOKUP(Tableau1[[#This Row],[Colonne2]],'BCP stats'!$C$6:$D$305,2,FALSE) -> 28 | G97: 63 | H97: 67 | I97: 62 | J97: 63 | K97: 60 | L97: 64 | M97: =AVERAGE(Tableau1[[#This Row],[Lepool.com]:[CBS]]) -> 63.166667 | N97: =VLOOKUP(Tableau1[[#This Row],[Colonne2]],Final!$B$3:$I$302,4,FALSE) -> 72 | O97: =VLOOKUP(Tableau1[[#This Row],[Colonne2]],Final!$B$3:$I$302,7,FALSE) -> 58 | P97: =Tableau1[[#This Row],[Final]]-Tableau1[[#This Row],[Lepool.com]] -> -5 | Q97: =Tableau1[[#This Row],[Final]]-Tableau1[[#This Row],[HM]] -> -9 | R97: =Tableau1[[#This Row],[Final]]-Tableau1[[#This Row],[Pool Pro]] -> -4 | S97: =Tableau1[[#This Row],[Final]]-Tableau1[[#This Row],[ESPN]] -> -2 | T97: =Tableau1[[#This Row],[Final]]-Tableau1[[#This Row],[CBS]] -> -6 | U97: =Tableau1[[#This Row],[Final]]-Tableau1[[#This Row],[Moyenne]] -> -5.1666667
B98: Milan | C98: Lucic | D98: =Tableau1[[#This Row],[Prenom]]&" "&Tableau1[[#This Row],[Nom]] -> Milan Lucic | E98: =VLOOKUP(Tableau1[[#This Row],[Colonne2]],'BCP stats'!$C$6:$D$305,2,FALSE) -> 28 | G98: 58 | H98: 55 | I98: 63 | J98: 65 | K98: 51 | L98: 49 | M98: =AVERAGE(Tableau1[[#This Row],[Lepool.com]:[CBS]]) -> 56.833333 | N98: =VLOOKUP(Tableau1[[#This Row],[Colonne2]],Final!$B$3:$I$302,4,FALSE) -> 82 | O98: =VLOOKUP(Tableau1[[#This Row],[Colonne2]],Final!$B$3:$I$302,7,FALSE) -> 50 | P98: =Tableau1[[#This Row],[Final]]-Tableau1[[#This Row],[Lepool.com]] -> -8 | Q98: =Tableau1[[#This Row],[Final]]-Tableau1[[#This Row],[HM]] -> -5 | R98: =Tableau1[[#This Row],[Final]]-Tableau1[[#This Row],[Pool Pro]] -> -13 | S98: =Tableau1[[#This Row],[Final]]-Tableau1[[#This Row],[ESPN]] -> -1 | T98: =Tableau1[[#This Row],[Final]]-Tableau1[[#This Row],[CBS]] -> 1 | U98: =Tableau1[[#This Row],[Final]]-Tableau1[[#This Row],[Moyenne]] -> -6.8333333
B99: Wayne | C99: Simmonds | D99: =Tableau1[[#This Row],[Prenom]]&" "&Tableau1[[#This Row],[Nom]] -> Wayne Simmonds | E99: =VLOOKUP(Tableau1[[#This Row],[Colonne2]],'BCP stats'!$C$6:$D$305,2,FALSE) -> 28 | G99: 62 | H99: 58 | I99: 60 | J99: 60 | K99: 57 | L99: 65 | M99: =AVERAGE(Tableau1[[#This Row],[Lepool.com]:[CBS]]) -> 60.333333 | N99: =VLOOKUP(Tableau1[[#This Row],[Colonne2]],Final!$B$3:$I$302,4,FALSE) -> 82 | O99: =VLOOKUP(Tableau1[[#This Row],[Colonne2]],Final!$B$3:$I$302,7,FALSE) -> 54 | P99: =Tableau1[[#This Row],[Final]]-Tableau1[[#This Row],[Lepool.com]] -> -8 | Q99: =Tableau1[[#This Row],[Final]]-Tableau1[[#This Row],[HM]] -> -4 | R99: =Tableau1[[#This Row],[Final]]-Tableau1[[#This Row],[Pool Pro]] -> -6 | S99: =Tableau1[[#This Row],[Final]]-Tableau1[[#This Row],[ESPN]] -> -3 | T99: =Tableau1[[#This Row],[Final]]-Tableau1[[#This Row],[CBS]] -> -11 | U99: =Tableau1[[#This Row],[Final]]-Tableau1[[#This Row],[Moyenne]] -> -6.3333333
B100: Jordan | C100: Staal | D100: =Tableau1[[#This Row],[Prenom]]&" "&Tableau1[[#This Row],[Nom]] -> Jordan Staal | E100: =VLOOKUP(Tableau1[[#This Row],[Colonne2]],'BCP stats'!$C$6:$D$305,2,FALSE) -> 28 | G100: 51 | H100: 46 | I100: 46 | J100: 42 | K100: 47 | L100: 48 | M100: =AVERAGE(Tableau1[[#This Row],[Lepool.com]:[CBS]]) -> 46.666667 | N100: =VLOOKUP(Tableau1[[#This Row],[Colonne2]],Final!$B$3:$I$302,4,FALSE) -> 75 | O100: =VLOOKUP(Tableau1[[#This Row],[Colonne2]],Final!$B$3:$I$302,7,FALSE) -> 45 | P100: =Tableau1[[#This Row],[Final]]-Tableau1[[#This Row],[Lepool.com]] -> -6 | Q100: =Tableau1[[#This Row],[Final]]-Tableau1[[#This Row],[HM]] -> -1 | R100: =Tableau1[[#This Row],[Final]]-Tableau1[[#This Row],[Pool Pro]] -> -1 | S100: =Tableau1[[#This Row],[Final]]-Tableau1[[#This Row],[ESPN]] -> -2 | T100: =Tableau1[[#This Row],[Final]]-Tableau1[[#This Row],[CBS]] -> -3 | U100: =Tableau1[[#This Row],[Final]]-Tableau1[[#This Row],[Moyenne]] -> -1.6666667
B101: Mathieu | C101: Perreault | D101: =Tableau1[[#This Row],[Prenom]]&" "&Tableau1[[#This Row],[Nom]] -> Mathieu Perreault | E101: =VLOOKUP(Tableau1[[#This Row],[Colonne2]],'BCP stats'!$C$6:$D$305,2,FALSE) -> 28 | H101: 46 | I101: 42 | J101: 51 | L101: 51 | M101: =AVERAGE(Tableau1[[#This Row],[Lepool.com]:[CBS]]) -> 47.5 | N101: =VLOOKUP(Tableau1[[#This Row],[Colonne2]],Final!$B$3:$I$302,4,FALSE) -> 65 | O101: =VLOOKUP(Tableau1[[#This Row],[Colonne2]],Final!$B$3:$I$302,7,FALSE) -> 45 | P101: =Tableau1[[#This Row],[Final]]-Tableau1[[#This Row],[Lepool.com]] -> 45 | Q101: =Tableau1[[#This Row],[Final]]-Tableau1[[#This Row],[HM]] -> -1 | R101: =Tableau1[[#This Row],[Final]]-Tableau1[[#This Row],[Pool Pro]] -> 3 | S101: =Tableau1[[#This Row],[Final]]-Tableau1[[#This Row],[ESPN]] -> 45 | T101: =Tableau1[[#This Row],[Final]]-Tableau1[[#This Row],[CBS]] -> -6 | U101: =Tableau1[[#This Row],[Final]]-Tableau1[[#This Row],[Moyenne]] -> -2.5
B102: Patrick | C102: Kane | D102: =Tableau1[[#This Row],[Prenom]]&" "&Tableau1[[#This Row],[Nom]] -> Patrick Kane | E102: =VLOOKUP(Tableau1[[#This Row],[Colonne2]],'BCP stats'!$C$6:$D$305,2,FALSE) -> 28 | G102: 89 | H102: 90 | I102: 95 | J102: 90 | K102: 91 | L102: 112 | M102: =AVERAGE(Tableau1[[#This Row],[Lepool.com]:[CBS]]) -> 94.5 | N102: =VLOOKUP(Tableau1[[#This Row],[Colonne2]],Final!$B$3:$I$302,4,FALSE) -> 82 | O102: =VLOOKUP(Tableau1[[#This Row],[Colonne2]],Final!$B$3:$I$302,7,FALSE) -> 89 | P102: =Tableau1[[#This Row],[Final]]-Tableau1[[#This Row],[Lepool.com]] -> 0 | Q102: =Tableau1[[#This Row],[Final]]-Tableau1[[#This Row],[HM]] -> -1 | R102: =Tableau1[[#This Row],[Final]]-Tableau1[[#This Row],[Pool Pro]] -> -6 | S102: =Tableau1[[#This Row],[Final]]-Tableau1[[#This Row],[ESPN]] -> -2 | T102: =Tableau1[[#This Row],[Final]]-Tableau1[[#This Row],[CBS]] -> -23 | U102: =Tableau1[[#This Row],[Final]]-Tableau1[[#This Row],[Moyenne]] -> -5.5
B103: Max | C103: Pacioretty | D103: =Tableau1[[#This Row],[Prenom]]&" "&Tableau1[[#This Row],[Nom]] -> Max Pacioretty | E103: =VLOOKUP(Tableau1[[#This Row],[Colonne2]],'BCP stats'!$C$6:$D$305,2,FALSE) -> 28 | G103: 67 | H103: 67 | I103: 68 | J103: 66 | K103: 61 | L103: 66 | M103: =AVERAGE(Tableau1[[#This Row],[Lepool.com]:[CBS]]) -> 65.833333 | N103: =VLOOKUP(Tableau1[[#This Row],[Colonne2]],Final!$B$3:$I$302,4,FALSE) -> 81 | O103: =VLOOKUP(Tableau1[[#This Row],[Colonne2]],Final!$B$3:$I$302,7,FALSE) -> 67 | P103: =Tableau1[[#This Row],[Final]]-Tableau1[[#This Row],[Lepool.com]] -> 0 | Q103: =Tableau1[[#This Row],[Final]]-Tableau1[[#This Row],[HM]] -> 0 | R103: =Tableau1[[#This Row],[Final]]-Tableau1[[#This Row],[Pool Pro]] -> -1 | S103: =Tableau1[[#This Row],[Final]]-Tableau1[[#This Row],[ESPN]] -> 6 | T103: =Tableau1[[#This Row],[Final]]-Tableau1[[#This Row],[CBS]] -> 1 | U103: =Tableau1[[#This Row],[Final]]-Tableau1[[#This Row],[Moyenne]] -> 1.1666667
B104: Artem | C104: Anisimov | D104: =Tableau1[[#This Row],[Prenom]]&" "&Tableau1[[#This Row],[Nom]] -> Artem Anisimov | E104: =VLOOKUP(Tableau1[[#This Row],[Colonne2]],'BCP stats'!$C$6:$D$305,2,FALSE) -> 28 | G104: 44 | H104: 44 | I104: 44 | J104: 38 | L104: 47 | M104: =AVERAGE(Tableau1[[#This Row],[Lepool.com]:[CBS]]) -> 43.4 | N104: =VLOOKUP(Tableau1[[#This Row],[Colonne2]],Final!$B$3:$I$302,4,FALSE) -> 64 | O104: =VLOOKUP(Tableau1[[#This Row],[Colonne2]],Final!$B$3:$I$302,7,FALSE) -> 45 | P104: =Tableau1[[#This Row],[Final]]-Tableau1[[#This Row],[Lepool.com]] -> 1 | Q104: =Tableau1[[#This Row],[Final]]-Tableau1[[#This Row],[HM]] -> 1 | R104: =Tableau1[[#This Row],[Final]]-Tableau1[[#This Row],[Pool Pro]] -> 1 | S104: =Tableau1[[#This Row],[Final]]-Tableau1[[#This Row],[ESPN]] -> 45 | T104: =Tableau1[[#This Row],[Final]]-Tableau1[[#This Row],[CBS]] -> -2 | U104: =Tableau1[[#This Row],[Final]]-Tableau1[[#This Row],[Moyenne]] -> 1.6
B105: Brad | C105: Marchand | D105: =Tableau1[[#This Row],[Prenom]]&" "&Tableau1[[#This Row],[Nom]] -> Brad Marchand | E105: =VLOOKUP(Tableau1[[#This Row],[Colonne2]],'BCP stats'!$C$6:$D$305,2,FALSE) -> 28 | G105: 56 | H105: 53 | I105: 58 | J105: 52 | K105: 52 | L105: 67 | M105: =AVERAGE(Tableau1[[#This Row],[Lepool.com]:[CBS]]) -> 56.333333 | N105: =VLOOKUP(Tableau1[[#This Row],[Colonne2]],Final!$B$3:$I$302,4,FALSE) -> 80 | O105: =VLOOKUP(Tableau1[[#This Row],[Colonne2]],Final!$B$3:$I$302,7,FALSE) -> 85 | P105: =Tableau1[[#This Row],[Final]]-Tableau1[[#This Row],[Lepool.com]] -> 29 | Q105: =Tableau1[[#This Row],[Final]]-Tableau1[[#This Row],[HM]] -> 32 | R105: =Tableau1[[#This Row],[Final]]-Tableau1[[#This Row],[Pool Pro]] -> 27 | S105: =Tableau1[[#This Row],[Final]]-Tableau1[[#This Row],[ESPN]] -> 33 | T105: =Tableau1[[#This Row],[Final]]-Tableau1[[#This Row],[CBS]] -> 18 | U105: =Tableau1[[#This Row],[Final]]-Tableau1[[#This Row],[Moyenne]] -> 28.666667
B106: Kristopher | C106: Letang | D106: =Tableau1[[#This Row],[Prenom]]&" "&Tableau1[[#This Row],[Nom]] -> Kristopher Letang | E106: =VLOOKUP(Tableau1[[#This Row],[Colonne2]],'BCP stats'!$C$6:$D$305,2,FALSE) -> 29 | G106: 59 | H106: 69 | I106: 70 | J106: 60 | K106: 53 | L106: 73 | M106: =AVERAGE(Tableau1[[#This Row],[Lepool.com]:[CBS]]) -> 64 | N106: =VLOOKUP(Tableau1[[#This Row],[Colonne2]],Final!$B$3:$I$302,4,FALSE) -> #N/A | O106: 34 | P106: =Tableau1[[#This Row],[Final]]-Tableau1[[#This Row],[Lepool.com]] -> -25 | Q106: =Tableau1[[#This Row],[Final]]-Tableau1[[#This Row],[HM]] -> -35 | R106: =Tableau1[[#This Row],[Final]]-Tableau1[[#This Row],[Pool Pro]] -> -36 | S106: =Tableau1[[#This Row],[Final]]-Tableau1[[#This Row],[ESPN]] -> -19 | T106: =Tableau1[[#This Row],[Final]]-Tableau1[[#This Row],[CBS]] -> -39 | U106: =Tableau1[[#This Row],[Final]]-Tableau1[[#This Row],[Moyenne]] -> -30
...

Sheet Comparatif listes
B1: Lepool | C1: HM | D1: Pool Pro | E1: ESPN | F1: CBS | G1: Moyenne
A2: 0 | B2: =COUNTIF(Tableau1[Lepool.com2],"=0") -> 6 | C2: =COUNTIF(Tableau1[HM2],"=0") -> 5 | D2: =COUNTIF(Tableau1[Pool Pro2],"=0") -> 6 | E2: =COUNTIF(Tableau1[ESPN2],"=0") -> 5 | F2: =COUNTIF(Tableau1[CBS2],"=0") -> 4 | G2: =COUNTIF(Tableau1[Moyenne2],"=0") -> 0
A3: 2 | B3: =SUMPRODUCT((Tableau1[Lepool.com2]>=-$A3)*(Tableau1[Lepool.com2]<=$A3)) -> 21 | C3: =SUMPRODUCT((Tableau1[HM2]>=-$A3)*(Tableau1[HM2]<=$A3)) -> 24 | D3: =SUMPRODUCT((Tableau1[Pool Pro2]>=-$A3)*(Tableau1[Pool Pro2]<=$A3)) -> 19 | E3: =SUMPRODUCT((Tableau1[ESPN2]>=-$A3)*(Tableau1[ESPN2]<=$A3)) -> 25 | F3: =SUMPRODUCT((Tableau1[CBS2]>=-$A3)*(Tableau1[CBS2]<=$A3)) -> 18 | G3: =SUMPRODUCT((Tableau1[Moyenne2]>=-$A3)*(Tableau1[Moyenne2]<=$A3)) -> 26
A4: 5 | B4: =SUMPRODUCT((Tableau1[Lepool.com2]>=-$A4)*(Tableau1[Lepool.com2]<=$A4)) -> 43 | C4: =SUMPRODUCT((Tableau1[HM2]>=-$A4)*(Tableau1[HM2]<=$A4)) -> 46 | D4: =SUMPRODUCT((Tableau1[Pool Pro2]>=-$A4)*(Tableau1[Pool Pro2]<=$A4)) -> 46 | E4: =SUMPRODUCT((Tableau1[ESPN2]>=-$A4)*(Tableau1[ESPN2]<=$A4)) -> 62 | F4: =SUMPRODUCT((Tableau1[CBS2]>=-$A4)*(Tableau1[CBS2]<=$A4)) -> 40 | G4: =SUMPRODUCT((Tableau1[Moyenne2]>=-$A4)*(Tableau1[Moyenne2]<=$A4)) -> 50
A5: 10 | B5: =SUMPRODUCT((Tableau1[Lepool.com2]>=-$A5)*(Tableau1[Lepool.com2]<=$A5)) -> 83 | C5: =SUMPRODUCT((Tableau1[HM2]>=-$A5)*(Tableau1[HM2]<=$A5)) -> 88 | D5: =SUMPRODUCT((Tableau1[Pool Pro2]>=-$A5)*(Tableau1[Pool Pro2]<=$A5)) -> 84 | E5: =SUMPRODUCT((Tableau1[ESPN2]>=-$A5)*(Tableau1[ESPN2]<=$A5)) -> 95 | F5: =SUMPRODUCT((Tableau1[CBS2]>=-$A5)*(Tableau1[CBS2]<=$A5)) -> 79 | G5: =SUMPRODUCT((Tableau1[Moyenne2]>=-$A5)*(Tableau1[Moyenne2]<=$A5)) -> 91
A6: 15 | B6: =SUMPRODUCT((Tableau1[Lepool.com2]>=-$A6)*(Tableau1[Lepool.com2]<=$A6)) -> 116 | C6: =SUMPRODUCT((Tableau1[HM2]>=-$A6)*(Tableau1[HM2]<=$A6)) -> 127 | D6: =SUMPRODUCT((Tableau1[Pool Pro2]>=-$A6)*(Tableau1[Pool Pro2]<=$A6)) -> 125 | E6: =SUMPRODUCT((Tableau1[ESPN2]>=-$A6)*(Tableau1[ESPN2]<=$A6)) -> 121 | F6: =SUMPRODUCT((Tableau1[CBS2]>=-$A6)*(Tableau1[CBS2]<=$A6)) -> 115 | G6: =SUMPRODUCT((Tableau1[Moyenne2]>=-$A6)*(Tableau1[Moyenne2]<=$A6)) -> 122
A7: 20 | B7: =SUMPRODUCT((Tableau1[Lepool.com2]>=-$A7)*(Tableau1[Lepool.com2]<=$A7)) -> 134 | C7: =SUMPRODUCT((Tableau1[HM2]>=-$A7)*(Tableau1[HM2]<=$A7)) -> 152 | D7: =SUMPRODUCT((Tableau1[Pool Pro2]>=-$A7)*(Tableau1[Pool Pro2]<=$A7)) -> 144 | E7: =SUMPRODUCT((Tableau1[ESPN2]>=-$A7)*(Tableau1[ESPN2]<=$A7)) -> 134 | F7: =SUMPRODUCT((Tableau1[CBS2]>=-$A7)*(Tableau1[CBS2]<=$A7)) -> 142 | G7: =SUMPRODUCT((Tableau1[Moyenne2]>=-$A7)*(Tableau1[Moyenne2]<=$A7)) -> 147
A8: 25 | B8: =SUMPRODUCT((Tableau1[Lepool.com2]>=-$A8)*(Tableau1[Lepool.com2]<=$A8)) -> 149 | C8: =SUMPRODUCT((Tableau1[HM2]>=-$A8)*(Tableau1[HM2]<=$A8)) -> 167 | D8: =SUMPRODUCT((Tableau1[Pool Pro2]>=-$A8)*(Tableau1[Pool Pro2]<=$A8)) -> 160 | E8: =SUMPRODUCT((Tableau1[ESPN2]>=-$A8)*(Tableau1[ESPN2]<=$A8)) -> 148 | F8: =SUMPRODUCT((Tableau1[CBS2]>=-$A8)*(Tableau1[CBS2]<=$A8)) -> 155 | G8: =SUMPRODUCT((Tableau1[Moyenne2]>=-$A8)*(Tableau1[Moyenne2]<=$A8)) -> 163
A9: 30 | B9: =SUMPRODUCT((Tableau1[Lepool.com2]>=-$A9)*(Tableau1[Lepool.com2]<=$A9)) -> 157 | C9: =SUMPRODUCT((Tableau1[HM2]>=-$A9)*(Tableau1[HM2]<=$A9)) -> 170 | D9: =SUMPRODUCT((Tableau1[Pool Pro2]>=-$A9)*(Tableau1[Pool Pro2]<=$A9)) -> 165 | E9: =SUMPRODUCT((Tableau1[ESPN2]>=-$A9)*(Tableau1[ESPN2]<=$A9)) -> 155 | F9: =SUMPRODUCT((Tableau1[CBS2]>=-$A9)*(Tableau1[CBS2]<=$A9)) -> 165 | G9: =SUMPRODUCT((Tableau1[Moyenne2]>=-$A9)*(Tableau1[Moyenne2]<=$A9)) -> 169
A10: 35 | B10: =SUMPRODUCT((Tableau1[Lepool.com2]>=-$A10)*(Tableau1[Lepool.com2]<=$A10)) -> 160 | C10: =SUMPRODUCT((Tableau1[HM2]>=-$A10)*(Tableau1[HM2]<=$A10)) -> 172 | D10: =SUMPRODUCT((Tableau1[Pool Pro2]>=-$A10)*(Tableau1[Pool Pro2]<=$A10)) -> 167 | E10: =SUMPRODUCT((Tableau1[ESPN2]>=-$A10)*(Tableau1[ESPN2]<=$A10)) -> 159 | F10: =SUMPRODUCT((Tableau1[CBS2]>=-$A10)*(Tableau1[CBS2]<=$A10)) -> 170 | G10: =SUMPRODUCT((Tableau1[Moyenne2]>=-$A10)*(Tableau1[Moyenne2]<=$A10)) -> 171
A11: 40 | B11: =SUMPRODUCT((Tableau1[Lepool.com2]>=-$A11)*(Tableau1[Lepool.com2]<=$A11)) -> 164 | C11: =SUMPRODUCT((Tableau1[HM2]>=-$A11)*(Tableau1[HM2]<=$A11)) -> 174 | D11: =SUMPRODUCT((Tableau1[Pool Pro2]>=-$A11)*(Tableau1[Pool Pro2]<=$A11)) -> 169 | E11: =SUMPRODUCT((Tableau1[ESPN2]>=-$A11)*(Tableau1[ESPN2]<=$A11)) -> 162 | F11: =SUMPRODUCT((Tableau1[CBS2]>=-$A11)*(Tableau1[CBS2]<=$A11)) -> 172 | G11: =SUMPRODUCT((Tableau1[Moyenne2]>=-$A11)*(Tableau1[Moyenne2]<=$A11)) -> 173
A12: 45 | B12: =SUMPRODUCT((Tableau1[Lepool.com2]>=-$A12)*(Tableau1[Lepool.com2]<=$A12)) -> 168 | C12: =SUMPRODUCT((Tableau1[HM2]>=-$A12)*(Tableau1[HM2]<=$A12)) -> 174 | D12: =SUMPRODUCT((Tableau1[Pool Pro2]>=-$A12)*(Tableau1[Pool Pro2]<=$A12)) -> 171 | E12: =SUMPRODUCT((Tableau1[ESPN2]>=-$A12)*(Tableau1[ESPN2]<=$A12)) -> 167 | F12: =SUMPRODUCT((Tableau1[CBS2]>=-$A12)*(Tableau1[CBS2]<=$A12)) -> 172 | G12: =SUMPRODUCT((Tableau1[Moyenne2]>=-$A12)*(Tableau1[Moyenne2]<=$A12)) -> 173
A13: 50 | B13: =SUMPRODUCT((Tableau1[Lepool.com2]>=-$A13)*(Tableau1[Lepool.com2]<=$A13)) -> 169 | C13: =SUMPRODUCT((Tableau1[HM2]>=-$A13)*(Tableau1[HM2]<=$A13)) -> 174 | D13: =SUMPRODUCT((Tableau1[Pool Pro2]>=-$A13)*(Tableau1[Pool Pro2]<=$A13)) -> 171 | E13: =SUMPRODUCT((Tableau1[ESPN2]>=-$A13)*(Tableau1[ESPN2]<=$A13)) -> 169 | F13: =SUMPRODUCT((Tableau1[CBS2]>=-$A13)*(Tableau1[CBS2]<=$A13)) -> 173 | G13: =SUMPRODUCT((Tableau1[Moyenne2]>=-$A13)*(Tableau1[Moyenne2]<=$A13)) -> 174

Sheet Final
A1: NHL Scoring Leaders
B2: Player | C2: Team | D2: Pos | E2: GP | F2: Goals | G2: Assists | H2: Points | I2: Points Per Game
A3: 1 | B3: Connor McDavid | C3: EDM | D3: C | E3: 82 | F3: 30 | G3: 70 | H3: 100 | I3: 1.22
A4: 2 | B4: Sidney Crosby | C4: PIT | D4: C | E4: 75 | F4: 44 | G4: 45 | H4: 89 | I4: 1.19
A5: 3 | B5: Patrick Kane | C5: CHI | D5: RW | E5: 82 | F5: 34 | G5: 55 | H5: 89 | I5: 1.09
A6: 4 | B6: Nicklas Backstrom | C6: WAS | D6: C | E6: 82 | F6: 23 | G6: 63 | H6: 86 | I6: 1.05
A7: 5 | B7: Brad Marchand | C7: BOS | D7: LW | E7: 80 | F7: 39 | G7: 46 | H7: 85 | I7: 1.06
A8: 6 | B8: Nikita Kucherov | C8: TB | D8: RW | E8: 74 | F8: 40 | G8: 45 | H8: 85 | I8: 1.15
A9: 7 | B9: Mark Scheifele | C9: WPG | D9: C | E9: 79 | F9: 32 | G9: 50 | H9: 82 | I9: 1.04
A10: 8 | B10: Leon Draisaitl | C10: EDM | D10: C | E10: 82 | F10: 29 | G10: 48 | H10: 77 | I10: 0.94
A11: 9 | B11: Brent Burns | C11: SJ | D11: D | E11: 82 | F11: 29 | G11: 47 | H11: 76 | I11: 0.93
A12: 10 | B12: Vladimir Tarasenko | C12: STL | D12: RW | E12: 82 | F12: 39 | G12: 36 | H12: 75 | I12: 0.91
A13: 11 | B13: Blake Wheeler | C13: WPG | D13: RW | E13: 82 | F13: 26 | G13: 48 | H13: 74 | I13: 0.90
A14: 12 | B14: Artemi Panarin | C14: CHI | D14: LW | E14: 82 | F14: 31 | G14: 43 | H14: 74 | I14: 0.90
... A804: 802 | B804: Ben Street | C804: DET | D804: C | E804: 6 | F804: 0 | G804: 1 | H804: 1 | I804: 0.17

Sheet BCP stats
A1: Overall | H1: Goals | M1: Assists | R1: Points | X1: Time on Ice | AB1: per 60 All Situations | AE1: per 60 Even-Strength | AH1: per 60 Power-Play | AK1: per Game | AN1: Shots | AP1: Defensive | AR1: Faceoffs
A2: Rk | C2: Name | D2: Age | E2: Pos | F2: GP | G2: G | H2: A | I2: P | J2: PIM | K2: +/- | L2: ESG | M2: PPG | N2: SHG | O2: GWG | P2: OTG | Q2: ESA | R2: PPA | S2: SHA | T2: GWA | U2: OTA | V2: ESP | W2: PPP | X2: SHP | Y2: GWP | Z2: OTP | AA2: PPP% | AB2: TOI | AC2: ES | AD2: PP | AE2: SH | AF2: G/60 | AG2: A/60 | AH2: P/60 | AI2: ESG/60 | AJ2: ESA/60 | AK2: ESP/60 | AL2: PPG/60 | AM2: PPA/60 | AN2: PPP/60 | AO2: G/GP | AP2: A/GP | AQ2: P/GP | AR2: SHOTS | AS2: SH% | AT2: HITS | AU2: BS | AV2: FOW | AW2: FOL | AX2: FO%
A6: 1 | B6: CA | C6: Connor McDavid | D6: 19 | E6: F | F6: 82 | G6: 30 | H6: 70 | I6: 100 | J6: 26 | K6: 27 | L6: 26 | M6: 3 | N6: 1 | O6: 6 | P6: 1 | Q6: 45 | R6: 24 | S6: 1 | T6: 15 | U6: 4 | V6: 71 | W6: 27 | X6: 2 | Y6: 21 | Z6: 5 | AA6: 27.0% | AB6: 0.87986111 | AC6: 0.72013889 | AD6: 0.12569444 | AE6: 0.033333333 | AF6: 1.039 | AG6: 2.425 | AH6: 3.464 | AI6: 1.100 | AJ6: 1.905 | AK6: 3.005 | AL6: 0.727 | AM6: 5.813 | AN6: 6.540 | AO6: 0.366 | AP6: 0.854 | AQ6: 1.220 | AR6: 251 | AS6: 12.0% | AT6: 34 | AU6: 29 | AV6: 348 | AW6: 458 | AX6: 43.18%
A7: 2 | B7: CA | C7: Sidney Crosby | D7: 29 | E7: F | F7: 75 | G7: 44 | H7: 45 | I7: 89 | J7: 24 | K7: 17 | L7: 30 | M7: 14 | N7: 0 | O7: 5 | P7: 1 | Q7: 34 | R7: 11 | S7: 0 | T7: 8 | U7: 2 | V7: 64 | W7: 25 | X7: 0 | Y7: 13 | Z7: 3 | AA7: 28.1% | AB7: 0.82708333 | AC7: 0.67291667 | AD7: 0.14930556 | AE7: 0.0048611111 | AF7: 1.772 | AG7: 1.812 | AH7: 3.584 | AI7: 1.486 | AJ7: 1.684 | AK7: 3.170 | AL7: 3.119 | AM7: 2.451 | AN7: 5.570 | AO7: 0.587 | AP7: 0.600 | AQ7: 1.187 | AR7: 255 | AS7: 17.3% | AT7: 80 | AU7: 27 | AV7: 842 | AW7: 906 | AX7: 48.17%
A8: 3 | B8: US | C8: Patrick Kane | D8: 28 | E8: F | F8: 82 | G8: 34 | H8: 55 | I8: 89 | J8: 32 | K8: 11 | L8: 27 | M8: 7 | N8: 0 | O8: 5 | P8: 1 | Q8: 39 | R8: 16 | S8: 0 | T8: 14 | U8: 4 | V8: 66 | W8: 23 | X8: 0 | Y8: 19 | Z8: 5 | AA8: 25.8% | AB8: 0.89097222 | AC8: 0.74652778 | AD8: 0.14166667 | AE8: 0.0027777778 | AF8: 1.163 | AG8: 1.881 | AH8: 3.043 | AI8: 1.103 | AJ8: 1.593 | AK8: 2.695 | AL8: 1.505 | AM8: 3.440 | AN8: 4.946 | AO8: 0.415 | AP8: 0.671 | AQ8: 1.085 | AR8: 292 | AS8: 11.6% | AT8: 28 | AU8: 15 | AV8: 7 | AW8: 44 | AX8: 13.73%
A9: 4 | B9: SE | C9: Nicklas Bäckström | D9: 29 | E9: F | F9: 82 | G9: 23 | H9: 63 | I9: 86 | J9: 38 | K9: 17 | L9: 15 | M9: 8 | N9: 0 | O9: 5 | P9: 2 | Q9: 36 | R9: 27 | S9: 0 | T9: 12 | U9: 1 | V9: 51 | W9: 35 | X9: 0 | Y9: 17 | Z9: 3 | AA9: 40.7% | AB9: 0.75972222 | AC9: 0.60347222 | AD9: 0.12638889 | AE9: 0.028472222 | AF9: 0.923 | AG9: 2.528 | AH9: 3.451 | AI9: 0.757 | AJ9: 1.817 | AK9: 2.574 | AL9: 1.923 | AM9: 6.491 | AN9: 8.415 | AO9: 0.280 | AP9: 0.768 | AQ9: 1.049 | AR9: 162 | AS9: 14.2% | AT9: 45 | AU9: 33 | AV9: 685 | AW9: 648 | AX9: 51.39%
A10: 5 | B10: RU | C10: Nikita Kucherov | D10: 23 | E10: F | F10: 74 | G10: 40 | H10: 45 | I10: 85 | J10: 38 | K10: 13 | L10: 23 | M10: 17 | N10: 0 | O10: 7 | P10: 1 | Q10: 30 | R10: 15 | S10: 0 | T10: 9 | U10: 1 | V10: 53 | W10: 32 | X10: 0 | Y10: 16 | Z10: 2 | AA10: 37.6% | AB10: 0.80902778 | AC10: 0.66805556 | AD10: 0.13958333 | AE10: 0.00069444444 | AF10: 1.670 | AG10: 1.879 | AH10: 3.549 | AI10: 1.163 | AJ10: 1.517 | AK10: 2.679 | AL10: 4.104 | AM10: 3.621 | AN10: 7.726 | AO10: 0.541 | AP10: 0.608 | AQ10: 1.149 | AR10: 246 | AS10: 16.3% | AT10: 30 | AU10: 20 | AV10: 0 | AW10: 0 | AX10: 0.00%
A11: 6 | B11: CA | C11: Brad Marchand | D11: 28 | E11: F | F11: 80 | G11: 39 | H11: 46 | I11: 85 | J11: 81 | K11: 18 | L11: 27 | M11: 9 | N11: 3 | O11: 8 | P11: 1 | Q11: 29 | R11: 15 | S11: 2 | T11: 8 | U11: 0 | V11: 56 | W11: 24 | X11: 5 | Y11: 16 | Z11: 1 | AA11: 28.2% | AB11: 0.80972222 | AC11: 0.61527778 | AD11: 0.11180556 | AE11: 0.077777778 | AF11: 1.505 | AG11: 1.775 | AH11: 3.280 | AI11: 1.370 | AJ11: 1.471 | AK11: 2.841 | AL11: 2.503 | AM11: 4.172 | AN11: 6.675 | AO11: 0.488 | AP11: 0.575 | AQ11: 1.063 | AR11: 226 | AS11: 17.3% | AT11: 51 | AU11: 35 | AV11: 13 | AW11: 23 | AX11: 36.11%
A12: 7 | B12: CA | C12: Mark Scheifele | D12: 23 | E12: F | F12: 79 | G12: 32 | H12: 50 | I12: 82 | J12: 38 | K12: 18 | L12: 25 | M12: 7 | N12: 0 | O12: 5 | P12: 2 | Q12: 40 | R12: 8 | S12: 2 | T12: 7 | U12: 0 | V12: 65 | W12: 15 | X12: 2 | Y12: 12 | Z12: 2 | AA12: 18.3% | AB12: 0.85625 | AC12: 0.69791667 | AD12: 0.12916667 | AE12: 0.028472222 | AF12: 1.182 | AG12: 1.847 | AH12: 3.028 | AI12: 1.133 | AJ12: 1.812 | AK12: 2.945 | AL12: 1.712 | AM12: 1.957 | AN12: 3.668 | AO12: 0.405 | AP12: 0.633 | AQ12: 1.038 | AR12: 160 | AS12: 20.0% | AT12: 49 | AU12: 34 | AV12: 635 | AW12: 826 | AX12: 43.46%
A13: 8 | B13: DE | C13: Leon Draisaitl | D13: 21 | E13: F | F13: 82 | G13: 29 | H13: 48 | I13: 77 | J13: 20 | K13: 7 | L13: 19 | M13: 10 | N13: 0 | O13: 5 | P13: 3 | Q13: 31 | R13: 17 | S13: 0 | T13: 11 | U13: 1 | V13: 50 | W13: 27 | X13: 0 | Y13: 16 | Z13: 4 | AA13: 35.1% | AB13: 0.78611111 | AC13: 0.64722222 | AD13: 0.12013889 | AE13: 0.018055556 | AF13: 1.124 | AG13: 1.861 | AH13: 2.985 | AI13: 0.894 | AJ13: 1.459 | AK13: 2.354 | AL13: 2.528 | AM13: 4.298 | AN13: 6.826 | AO13: 0.354 | AP13: 0.585 | AQ13: 0.939 | AR13: 172 | AS13: 16.9% | AT13: 41 | AU13: 36 | AV13: 476 | AW13: 496 | AX13: 48.97%
A14: 9 | B14: CA | C14: Brent Burns | D14: 31 | E14: D | F14: 82 | G14: 29 | H14: 47 | I14: 76 | J14: 40 | K14: 19 | L14: 21 | M14: 8 | N14: 0 | O14: 6 | P14: 3 | Q14: 29 | R14: 17 | S14: 1 | T14: 11 | U14: 1 | V14: 50 | W14: 25 | X14: 1 | Y14: 17 | Z14: 4 | AA14: 32.9% | AB14: 1.0354167 | AC14: 0.80833333 | AD14: 0.14861111 | AE14: 0.070833333 | AF14: 0.853 | AG14: 1.383 | AH14: 2.237 | AI14: 0.792 | AJ14: 1.094 | AK14: 1.885 | AL14: 1.639 | AM14: 3.483 | AN14: 5.123 | AO14: 0.354 | AP14: 0.573 | AQ14: 0.927 | AR14: 320 | AS14: 9.1% | AT14: 69 | AU14: 142 | AV14: 0 | AW14: 0 | AX14: 0.00%
A15: 10 | B15: RU | C15: Vladimir Tarasenko | D15: 25 | E15: F | F15: 82 | G15: 39 | H15: 36 | I15: 75 | J15: 12 | K15: -1 | L15: 30 | M15: 9 | N15: 0 | O15: 8 | P15: 3 | Q15: 23 | R15: 13 | S15: 0 | T15: 7 | U15: 0 | V15: 53 | W15: 22 | X15: 0 | Y15: 15 | Z15: 3 | AA15: 29.3% | AB15: 0.76944444 | AC15: 0.6375 | AD15: 0.12430556 | AE15: 0.0069444444 | AF15: 1.545 | AG15: 1.426 | AH15: 2.971 | AI15: 1.434 | AJ15: 1.100 | AK15: 2.534 | AL15: 2.207 | AM15: 3.187 | AN15: 5.394 | AO15: 0.476 | AP15: 0.439 | AQ15: 0.915 | AR15: 286 | AS15: 13.6% | AT15: 50 | AU15: 31 | AV15: 5 | AW15: 5 | AX15: 50.00%
A16: 11 | B16: RU | C16: Artemi Panarin | D16: 25 | E16: F | F16: 82 | G16: 31 | H16: 43 | I16: 74 | J16: 21 | K16: 18 | L16: 22 | M16: 9 | N16: 0 | O16: 5 | P16: 1 | Q16: 35 | R16: 8 | S16: 0 | T16: 10 | U16: 3 | V16: 57 | W16: 17 | X16: 0 | Y16: 15 | Z16: 4 | AA16: 23.0% | AB16: 0.81111111 | AC16: 0.67847222 | AD16: 0.13055556 | AE16: 0.00069444444 | AF16: 1.165 | AG16: 1.616 | AH16: 2.781 | AI16: 0.988 | AJ16: 1.571 | AK16: 2.559 | AL16: 2.095 | AM16: 1.862 | AN16: 3.958 | AO16: 0.378 | AP16: 0.524 | AQ16: 0.902 | AR16: 211 | AS16: 14.7% | AT16: 23 | AU16: 14 | AV16: 2 | AW16: 8 | AX16: 20.00%
A17: 12 | B17: US | C17: Blake Wheeler | D17: 30 | E17: F | F17: 82 | G17: 26 | H17: 48 | I17: 74 | J17: 47 | K17: 6 | L17: 19 | M17: 5 | N17: 2 | O17: 4 | P17: 0 | Q17: 31 | R17: 16 | S17: 1 | T17: 6 | U17: 1 | V17: 50 | W17: 21 | X17: 3 | Y17: 10 | Z17: 1 | AA17: 28.4% | AB17: 0.83888889 | AC17: 0.65833333 | AD17: 0.12291667 | AE17: 0.057638889 | AF17: 0.945 | AG17: 1.744 | AH17: 2.688 | AI17: 0.880 | AJ17: 1.435 | AK17: 2.315 | AL17: 1.235 | AM17: 3.953 | AN17: 5.188 | AO17: 0.317 | AP17: 0.585 | AQ17: 0.902 | AR17: 259 | AS17: 10.0% | AT17: 100 | AU17: 51 | AV17: 43 | AW17: 51 | AX17: 45.74%
... A55: 50 | B55: CA | C55: Jonathan Toews | D55: 28 | E55: F | F55: 72 | G55: 21 | H55: 37 | I55: 58 | J55: 35 | K55: 7 | L55: 15 | M55: 6 | N55: 0 | O55: 5 | P55: 1 | Q55: 26 | R55: 11 | S55: 0 | T55: 7 | U55: 1 | V55: 41 | W55: 17 | X55: 0 | Y55: 12 | Z55: 2 | AA55: 29.3% | AB55: 0.83958333 | AC55: 0.67361111 | AD55: 0.11180556 | AE55: 0.054166667 | AF55: 0.868 | AG55: 1.530 | AH55: 2.398 | AI55: 0.773 | AJ55: 1.340 | AK55: 2.113 | AL55: 1.863 | AM55: 3.415 | AN55: 5.278 | AO55: 0.292 | AP55: 0.514 | AQ55: 0.806 | AR55: 199 | AS55: 10.6% | AT55: 43 | AU55: 32 | AV55: 852 | AW55: 701 | AX55: 54.86%
A56: 51 | C56: Mikko Koivu | D56: 33 | E56: F | F56: 80 | G56: 18 | H56: 40 | I56: 58 | J56: 34 | K56: 27 | L56: 16 | M56: 2 | N56: 0 | O56: 4 | P56: 1 | Q56: 20 | R56: 18 | S56: 2 | T56: 4 | U56: 1 | V56: 36 | W56: 20 | X56: 2 | Y56: 8 | Z56: 2 | AA56: 34.5% | AB56: 0.79583333 | AC56: 0.62638889 | AD56: 0.093055556 | AE56: 0.075694444 | AF56: 0.707 | AG56: 1.570 | AH56: 2.277 | AI56: 0.798 | AJ56: 0.997 | AK56: 1.795 | AL56: 0.670 | AM56: 6.031 | AN56: 6.701 | AO56: 0.225 | AP56: 0.500 | AQ56: 0.725 | AR56: 139 | AS56: 13.0% | AT56: 32 | AU56: 65 | AV56: 938 | AW56: 761 | AX56: 55.21%
A57: 52 | B57: CA | C57: Claude Giroux | D57: 28 | E57: F | F57: 82 | G57: 14 | H57: 44 | I57: 58 | J57: 38 | K57: -15 | L57: 9 | M57: 5 | N57: 0 | O57: 3 | P57: 2 | Q57: 17 | R57: 26 | S57: 1 | T57: 6 | U57: 2 | V57: 26 | W57: 31 | X57: 1 | Y57: 9 | Z57: 4 | AA57: 53.4% | AB57: 0.79722222 | AC57: 0.62847222 | AD57: 0.15555556 | AE57: 0.011111111 | AF57: 0.535 | AG57: 1.682 | AH57: 2.218 | AI57: 0.436 | AJ57: 0.824 | AK57: 1.260 | AL57: 0.977 | AM57: 5.082 | AN57: 6.059 | AO57: 0.171 | AP57: 0.537 | AQ57: 0.707 | AR57: 199 | AS57: 7.0% | AT57: 68 | AU57: 28 | AV57: 977 | AW57: 771 | AX57: 55.89%
A58: 53 | B58: CH | C58: Nino Niederreiter | D58: 24 | E58: F | F58: 82 | G58: 25 | H58: 32 | I58: 57 | J58: 53 | K58: 17 | L58: 17 | M58: 8 | N58: 0 | O58: 3 | P58: 0 | Q58: 26 | R58: 6 | S58: 0 | T58: 8 | U58: 0 | V58: 43 | W58: 14 | X58: 0 | Y58: 11 | Z58: 0 | AA58: 24.6% | AB58: 0.62777778 | AC58: 0.54375 | AD58: 0.083333333 | AE58: 0 | AF58: 1.213 | AG58: 1.553 | AH58: 2.766 | AI58: 0.952 | AJ58: 1.456 | AK58: 2.409 | AL58: 2.908 | AM58: 2.181 | AN58: 5.089 | AO58: 0.305 | AP58: 0.390 | AQ58: 0.695 | AR58: 186 | AS58: 13.4% | AT58: 120 | AU58: 20 | AV58: 0 | AW58: 1 | AX58: 0.00%
A59: 54 | B59: US | C59: Jack Eichel | D59: 20 | E59: F | F59: 61 | G59: 24 | H59: 33 | I59: 57 | J59: 22 | K59: -13 | L59: 14 | M59: 10 | N59: 0 | O59: 4 | P59: 1 | Q59: 19 | R59: 14 | S59: 0 | T59: 5 | U59: 3 | V59: 33 | W59: 24 | X59: 0 | Y59: 9 | Z59: 4 | AA59: 42.1% | AB59: 0.82986111 | AC59: 0.69513889 | AD59: 0.12361111 | AE59: 0.0097222222 | AF59: 1.185 | AG59: 1.629 | AH59: 2.815 | AI59: 0.825 | AJ59: 1.119 | AK59: 1.944 | AL59: 3.298 | AM59: 4.617 | AN59: 7.914 | AO59: 0.393 | AP59: 0.541 | AQ59: 0.934 | AR59: 249 | AS59: 9.6% | AT59: 26 | AU59: 35 | AV59: 310 | AW59: 486 | AX59: 38.94%
A60: 55 | B60: US | C60: T.J. Oshie | D60: 30 | E60: F | F60: 68 | G60: 33 | H60: 23 | I60: 56 | J60: 36 | K60: 28 | L60: 25 | M60: 7 | N60: 1 | O60: 4 | P60: 1 | Q60: 15 | R60: 6 | S60: 2 | T60: 5 | U60: 0 | V60: 40 | W60: 13 | X60: 3 | Y60: 9 | Z60: 1 | AA60: 23.2% | AB60: 0.74305556 | AC60: 0.58125 | AD60: 0.12083333 | AE60: 0.040972222 | AF60: 1.631 | AG60: 1.137 | AH60: 2.768 | AI60: 1.580 | AJ60: 0.948 | AK60: 2.529 | AL60: 2.129 | AM60: 1.825 | AN60: 3.954 | AO60: 0.485 | AP60: 0.338 | AQ60: 0.824 | AR60: 143 | AS60: 23.1% | AT60: 95 | AU60: 50 | AV60: 87 | AW60: 93 | AX60: 48.33%
A61: 56 | B61: US | C61: J.T. Miller | D61: 23 | E61: F | F61: 82 | G61: 22 | H61: 34 | I61: 56 | J61: 21 | K61: 17 | L61: 17 | M61: 2 | N61: 3 | O61: 6 | P61: 1 | Q61: 28 | R61: 5 | S61: 1 | T61: 7 | U61: 1 | V61: 45 | W61: 7 | X61: 4 | Y61: 13 | Z61: 2 | AA61: 12.5% | AB61: 0.68194444 | AC61: 0.56875 | AD61: 0.060416667 | AE61: 0.052083333 | AF61: 0.983 | AG61: 1.520 | AH61: 2.503 | AI61: 0.911 | AJ61: 1.500 | AK61: 2.411 | AL61: 1.008 | AM61: 2.520 | AN61: 3.528 | AO61: 0.268 | AP61: 0.415 | AQ61: 0.683 | AR61: 132 | AS61: 16.7% | AT61: 101 | AU61: 56 | AV61: 156 | AW61: 200 | AX61: 43.82%
A62: 57 | B62: US | C62: Charlie Coyle | D62: 24 | E62: F | F62: 82 | G62: 18 | H62: 38 | I62: 56 | J62: 36 | K62: 13 | L62: 14 | M62: 4 | N62: 0 | O62: 5 | P62: 0 | Q62: 33 | R62: 5 | S62: 0 | T62: 10 | U62: 2 | V62: 47 | W62: 9 | X62: 0 | Y62: 15 | Z62: 2 | AA62: 16.1% | AB62: 0.69583333 | AC62: 0.59236111 | AD62: 0.088888889 | AE62: 0.014583333 | AF62: 0.788 | AG62: 1.664 | AH62: 2.452 | AI62: 0.721 | AJ62: 1.698 | AK62: 2.419 | AL62: 1.371 | AM62: 1.714 | AN62: 3.085 | AO62: 0.220 | AP62: 0.463 | AQ62: 0.683 | AR62: 159 | AS62: 11.3% | AT62: 101 | AU62: 63 | AV62: 114 | AW62: 134 | AX62: 45.97%
A63: 58 | B63: CA | C63: Joshua Bailey | D63: 27 | E63: F | F63: 82 | G63: 13 | H63: 43 | I63: 56 | J63: 12 | K63: 5 | L63: 10 | M63: 3 | N63: 0 | O63: 1 | P63: 1 | Q63: 34 | R63: 9 | S63: 0 | T63: 4 | U63: 2 | V63: 44 | W63: 12 | X63: 0 | Y63: 5 | Z63: 3 | AA63: 21.4% | AB63: 0.76527778 | AC63: 0.62777778 | AD63: 0.11805556 | AE63: 0.018055556 | AF63: 0.518 | AG63: 1.713 | AH63: 2.230 | AI63: 0.486 | AJ63: 1.651 | AK63: 2.136 | AL63: 0.774 | AM63: 2.322 | AN63: 3.096 | AO63: 0.159 | AP63: 0.524 | AQ63: 0.683 | AR63: 173 | AS63: 7.5% | AT63: 37 | AU63: 53 | AV63: 8 | AW63: 7 | AX63: 53.33%
A64: 59 | B64: US | C64: Kevin Shattenkirk | D64: 27 | E64: D | F64: 80 | G64: 13 | H64: 43 | I64: 56 | J64: 47 | K64: -7 | L64: 5 | M64: 8 | N64: 0 | O64: 2 | P64: 0 | Q64: 24 | R64: 19 | S64: 0 | T64: 15 | U64: 4 | V64: 29 | W64: 27 | X64: 0 | Y64: 17 | Z64: 4 | AA64: 48.2% | AB64: 0.82986111 | AC64: 0.68402778 | AD64: 0.13263889 | AE64: 0.0125 | AF64: 0.489 | AG64: 1.618 | AH64: 2.108 | AI64: 0.228 | AJ64: 1.096 | AK64: 1.324 | AL64: 1.880 | AM64: 4.465 | AN64: 6.345 | AO64: 0.163 | AP64: 0.538 | AQ64: 0.700 | AR64: 161 | AS64: 8.1% | AT64: 88 | AU64: 95 | AV64: 0 | AW64: 0 | AX64: 0.00%
A65: 60 | B65: CA | C65: Kyle Turris | D65: 27 | E65: F | F65: 78 | G65: 27 | H65: 28 | I65: 55 | J65: 47 | K65: -3 | L65: 21 | M65: 6 | N65: 0 | O65: 6 | P65: 2 | Q65: 17 | R65: 11 | S65: 0 | T65: 6 | U65: 0 | V65: 38 | W65: 17 | X65: 0 | Y65: 12 | Z65: 2 | AA65: 30.9% | AB65: 0.8125 | AC65: 0.66111111 | AD65: 0.12152778 | AE65: 0.029861111 | AF65: 1.065 | AG65: 1.104 | AH65: 2.169 | AI65: 1.018 | AJ65: 0.824 | AK65: 1.842 | AL65: 1.581 | AM65: 2.899 | AN65: 4.481 | AO65: 0.346 | AP65: 0.359 | AQ65: 0.705 | AR65: 185 | AS65: 14.6% | AT65: 21 | AU65: 61 | AV65: 650 | AW65: 575 | AX65: 53.06%
A66: 61 | B66: CA | C66: Brayden Schenn | D66: 25 | E66: F | F66: 79 | G66: 25 | H66: 30 | I66: 55 | J66: 38 | K66: -13 | L66: 8 | M66: 17 | N66: 0 | O66: 7 | P66: 2 | Q66: 19 | R66: 11 | S66: 0 | T66: 3 | U66: 0 | V66: 27 | W66: 28 | X66: 0 | Y66: 10 | Z66: 2 | AA66: 50.9% | AB66: 0.74166667 | AC66: 0.58472222 | AD66: 0.15555556 | AE66: 0.00069444444 | AF66: 1.066 | AG66: 1.279 | AH66: 2.345 | AI66: 0.433 | AJ66: 1.028 | AK66: 1.460 | AL66: 3.443 | AM66: 2.228 | AN66: 5.672 | AO66: 0.316 | AP66: 0.380 | AQ66: 0.696 | AR66: 178 | AS66: 14.0% | AT66: 189 | AU66: 42 | AV66: 232 | AW66: 262 | AX66: 46.96%
A67: 62 | B67: CZ | C67: Radim Vrbata | D67: 35 | E67: F | F67: 81 | G67: 20 | H67: 35 | I67: 55 | J67: 16 | K67: -18 | L67: 16 | M67: 4 | N67: 0 | O67: 4 | P67: 0 | Q67: 24 | R67: 11 | S67: 0 | T67: 5 | U67: 2 | V67: 40 | W67: 15 | X67: 0 | Y67: 9 | Z67: 2 | AA67: 27.3% | AB67: 0.70347222 | AC67: 0.58055556 | AD67: 0.11180556 | AE67: 0.010416667 | AF67: 0.877 | AG67: 1.535 | AH67: 2.412 | AI67: 0.850 | AJ67: 1.275 | AK67: 2.126 | AL67: 1.098 | AM67: 3.018 | AN67: 4.116 | AO67: 0.247 | AP67: 0.432 | AQ67: 0.679 | AR67: 233 | AS67: 8.6% | AT67: 48 | AU67: 31 | AV67: 17 | AW67: 30 | AX67: 36.17%
A68: 63 | B68: CA | C68: Ryan O'Reilly | D68: 25 | E68: F | F68: 72 | G68: 20 | H68: 35 | I68: 55 | J68: 10 | K68: -1 | L68: 11 | M68: 8 | N68: 1 | O68: 3 | P68: 0 | Q68: 18 | R68: 16 | S68: 1 | T68: 8 | U68: 3 | V68: 29 | W68: 24 | X68: 2 | Y68: 11 | Z68: 3 | AA68: 43.6% | AB68: 0.89375 | AC68: 0.67569444 | AD68: 0.12013889 | AE68: 0.096527778 | AF68: 0.777 | AG68: 1.359 | AH68: 2.136 | AI68: 0.565 | AJ68: 0.925 | AK68: 1.490 | AL68: 2.302 | AM68: 4.605 | AN68: 6.907 | AO68: 0.278 | AP68: 0.486 | AQ68: 0.764 | AR68: 189 | AS68: 10.6% | AT68: 21 | AU68: 45 | AV68: 1039 | AW68: 752 | AX68: 58.01%
... A105: 100 | B105: SE | C105: Henrik Sedin | D105: 36 | E105: F | F105: 82 | G105: 15 | H105: 35 | I105: 50 | J105: 28 | K105: -27 | L105: 14 | M105: 1 | N105: 0 | O105: 4 | P105: 2 | Q105: 21 | R105: 14 | S105: 0 | T105: 5 | U105: 1 | V105: 35 | W105: 15 | X105: 0 | Y105: 9 | Z105: 3 | AA105: 30.0% | AB105: 0.79305556 | AC105: 0.66180556 | AD105: 0.12430556 | AE105: 0.00625 | AF105: 0.576 | AG105: 1.345 | AH105: 1.921 | AI105: 0.644 | AJ105: 0.967 | AK105: 1.611 | AL105: 0.245 | AM105: 3.429 | AN105: 3.674 | AO105: 0.183 | AP105: 0.427 | AQ105: 0.610 | AR105: 99 | AS105: 15.2% | AT105: 15 | AU105: 11 | AV105: 611 | AW105: 635 | AX105: 49.04%
A106: 101 | C106: Jason Spezza | D106: 33 | E106: F | F106: 68 | G106: 15 | H106: 35 | I106: 50 | J106: 29 | K106: -18 | L106: 12 | M106: 2 | N106: 1 | O106: 4 | P106: 0 | Q106: 18 | R106: 17 | S106: 0 | T106: 3 | U106: 1 | V106: 30 | W106: 19 | X106: 1 | Y106: 7 | Z106: 1 | AA106: 38.0% | AB106: 0.67361111 | AC106: 0.55069444 | AD106: 0.11111111 | AE106: 0.011111111 | AF106: 0.819 | AG106: 1.910 | AH106: 2.728 | AI106: 0.801 | AJ106: 1.201 | AK106: 2.002 | AL106: 0.660 | AM106: 5.612 | AN106: 6.272 | AO106: 0.221 | AP106: 0.515 | AQ106: 0.735 | AR106: 149 | AS106: 10.1% | AT106: 13 | AU106: 31 | AV106: 354 | AW106: 324 | AX106: 52.21%
A107: 102 | B107: CA | C107: Dougie Hamilton | D107: 23 | E107: D | F107: 81 | G107: 13 | H107: 37 | I107: 50 | J107: 64 | K107: 12 | L107: 11 | M107: 2 | N107: 0 | O107: 5 | P107: 1 | Q107: 24 | R107: 12 | S107: 1 | T107: 6 | U107: 0 | V107: 35 | W107: 14 | X107: 1 | Y107: 11 | Z107: 1 | AA107: 28.0% | AB107: 0.81944444 | AC107: 0.68888889 | AD107: 0.09375 | AE107: 0.036111111 | AF107: 0.489 | AG107: 1.392 | AH107: 1.882 | AI107: 0.492 | AJ107: 1.074 | AK107: 1.567 | AL107: 0.654 | AM107: 3.923 | AN107: 4.577 | AO107: 0.160 | AP107: 0.457 | AQ107: 0.617 | AR107: 222 | AS107: 5.9% | AT107: 68 | AU107: 94 | AV107: 0 | AW107: 0 | AX107: 0.00%
A108: 103 | B108: CH | C108: Roman Josi | D108: 26 | E108: D | F108: 72 | G108: 12 | H108: 38 | I108: 50 | J108: 18 | K108: 7 | L108: 5 | M108: 7 | N108: 0 | O108: 1 | P108: 0 | Q108: 25 | R108: 12 | S108: 1 | T108: 10 | U108: 4 | V108: 30 | W108: 19 | X108: 1 | Y108: 11 | Z108: 4 | AA108: 38.0% | AB108: 1.0444444 | AC108: 0.82291667 | AD108: 0.12569444 | AE108: 0.095138889 | AF108: 0.399 | AG108: 1.263 | AH108: 1.662 | AI108: 0.211 | AJ108: 1.055 | AK108: 1.266 | AL108: 1.929 | AM108: 3.307 | AN108: 5.235 | AO108: 0.167 | AP108: 0.528 | AQ108: 0.694 | AR108: 217 | AS108: 5.5% | AT108: 54 | AU108: 119 | AV108: 0 | AW108: 0 | AX108: 0.00%
A109: 104 | B109: CA | C109: Joe Thornton | D109: 37 | E109: F | F109: 79 | G109: 7 | H109: 43 | I109: 50 | J109: 51 | K109: 7 | L109: 6 | M109: 1 | N109: 0 | O109: 0 | P109: 0 | Q109: 25 | R109: 18 | S109: 0 | T109: 10 | U109: 1 | V109: 31 | W109: 19 | X109: 0 | Y109: 10 | Z109: 1 | AA109: 38.0% | AB109: 0.75208333 | AC109: 0.60763889 | AD109: 0.1375 | AE109: 0.00069444444 | AF109: 0.294 | AG109: 1.808 | AH109: 2.103 | AI109: 0.312 | AJ109: 1.301 | AK109: 1.613 | AL109: 0.229 | AM109: 4.130 | AN109: 4.359 | AO109: 0.089 | AP109: 0.544 | AQ109: 0.633 | AR109: 81 | AS109: 8.6% | AT109: 52 | AU109: 31 | AV109: 375 | AW109: 362 | AX109: 50.88%
A110: 105 | B110: FI | C110: Sebastian Aho | D110: 19 | E110: F | F110: 82 | G110: 24 | H110: 25 | I110: 49 | J110: 26 | K110: -1 | L110: 17 | M110: 6 | N110: 1 | O110: 4 | P110: 1 | Q110: 13 | R110: 11 | S110: 1 | T110: 2 | U110: 0 | V110: 30 | W110: 17 | X110: 2 | Y110: 6 | Z110: 1 | AA110: 34.7% | AB110: 0.69930556 | AC110: 0.59791667 | AD110: 0.092361111 | AE110: 0.0090277778 | AF110: 1.046 | AG110: 1.090 | AH110: 2.136 | AI110: 0.867 | AJ110: 0.663 | AK110: 1.530 | AL110: 1.980 | AM110: 3.629 | AN110: 5.609 | AO110: 0.293 | AP110: 0.305 | AQ110: 0.598 | AR110: 214 | AS110: 11.2% | AT110: 51 | AU110: 14 | AV110: 17 | AW110: 18 | AX110: 48.57%
A111: 106 | B111: SE | C111: Jakob Silfverberg | D111: 26 | E111: F | F111: 79 | G111: 23 | H111: 26 | I111: 49 | J111: 20 | K111: 10 | L111: 17 | M111: 5 | N111: 1 | O111: 5 | P111: 0 | Q111: 22 | R111: 4 | S111: 0 | T111: 4 | U111: 0 | V111: 39 | W111: 9 | X111: 1 | Y111: 9 | Z111: 0 | AA111: 18.4% | AB111: 0.77013889 | AC111: 0.61944444 | AD111: 0.080555556 | AE111: 0.06875 | AF111: 0.945 | AG111: 1.068 | AH111: 2.013 | AI111: 0.868 | AJ111: 1.123 | AK111: 1.990 | AL111: 1.952 | AM111: 1.561 | AN111: 3.513 | AO111: 0.291 | AP111: 0.329 | AQ111: 0.620 | AR111: 227 | AS111: 10.1% | AT111: 47 | AU111: 46 | AV111: 1 | AW111: 6 | AX111: 14.29%
A112: 107 | B112: US | C112: Kevin Hayes | D112: 24 | E112: F | F112: 76 | G112: 17 | H112: 32 | I112: 49 | J112: 18 | K112: 10 | L112: 15 | M112: 1 | N112: 1 | O112: 4 | P112: 0 | Q112: 20 | R112: 6 | S112: 6 | T112: 6 | U112: 0 | V112: 35 | W112: 7 | X112: 7 | Y112: 10 | Z112: 0 | AA112: 14.3% | AB112: 0.69027778 | AC112: 0.56944444 | AD112: 0.060416667 | AE112: 0.059027778 | AF112: 0.810 | AG112: 1.525 | AH112: 2.335 | AI112: 0.866 | AJ112: 1.154 | AK112: 2.020 | AL112: 0.540 | AM112: 3.243 | AN112: 3.783 | AO112: 0.224 | AP112: 0.421 | AQ112: 0.645 | AR112: 143 | AS112: 11.9% | AT112: 40 | AU112: 30 | AV112: 442 | AW112: 526 | AX112: 45.66%
A113: 108 | B113: SE | C113: John Klingberg | D113: 24 | E113: D | F113: 80 | G113: 13 | H113: 36 | I113: 49 | J113: 34 | K113: 2 | L113: 9 | M113: 4 | N113: 0 | O113: 3 | P113: 0 | Q113: 23 | R113: 13 | S113: 0 | T113: 5 | U113: 1 | V113: 32 | W113: 17 | X113: 0 | Y113: 8 | Z113: 1 | AA113: 34.7% | AB113: 0.97361111 | AC113: 0.83194444 | AD113: 0.13194444 | AE113: 0.0090277778 | AF113: 0.417 | AG113: 1.155 | AH113: 1.573 | AI113: 0.338 | AJ113: 0.864 | AK113: 1.202 | AL113: 0.946 | AM113: 3.073 | AN113: 4.019 | AO113: 0.163 | AP113: 0.450 | AQ113: 0.613 | AR113: 124 | AS113: 10.5% | AT113: 42 | AU113: 117 | AV113: 1 | AW113: 0 | AX113: 100.00%
A114: 109 | B114: CA | C114: Justin Williams | D114: 35 | E114: F | F114: 80 | G114: 24 | H114: 24 | I114: 48 | J114: 50 | K114: 14 | L114: 19 | M114: 5 | N114: 0 | O114: 4 | P114: 0 | Q114: 19 | R114: 5 | S114: 0 | T114: 4 | U114: 0 | V114: 38 | W114: 10 | X114: 0 | Y114: 8 | Z114: 0 | AA114: 20.8% | AB114: 0.64444444 | AC114: 0.54166667 | AD114: 0.086111111 | AE114: 0.015972222 | AF114: 1.164 | AG114: 1.164 | AH114: 2.327 | AI114: 1.095 | AJ114: 1.095 | AK114: 2.190 | AL114: 1.812 | AM114: 1.812 | AN114: 3.624 | AO114: 0.300 | AP114: 0.300 | AQ114: 0.600 | AR114: 167 | AS114: 14.4% | AT114: 28 | AU114: 41 | AV114: 64 | AW114: 53 | AX114: 54.70%
A115: 110 | B115: AT | C115: Thomas Vanek | D115: 32 | E115: F | F115: 68 | G115: 17 | H115: 31 | I115: 48 | J115: 22 | K115: -5 | L115: 12 | M115: 5 | N115: 0 | O115: 2 | P115: 0 | Q115: 23 | R115: 8 | S115: 0 | T115: 2 | U115: 0 | V115: 35 | W115: 13 | X115: 0 | Y115: 4 | Z115: 0 | AA115: 27.1% | AB115: 0.60069444 | AC115: 0.4875 | AD115: 0.11180556 | AE115: 0 | AF115: 1.040 | AG115: 1.896 | AH115: 2.936 | AI115: 0.904 | AJ115: 1.733 | AK115: 2.637 | AL115: 1.643 | AM115: 2.629 | AN115: 4.272 | AO115: 0.250 | AP115: 0.456 | AQ115: 0.706 | AR115: 133 | AS115: 12.8% | AT115: 29 | AU115: 5 | AV115: 6 | AW115: 9 | AX115: 40.00%
A116: 111 | B116: CA | C116: Alex Pietrangelo | D116: 26 | E116: D | F116: 80 | G116: 14 | H116: 34 | I116: 48 | J116: 24 | K116: 3 | L116: 8 | M116: 6 | N116: 0 | O116: 4 | P116: 0 | Q116: 21 | R116: 13 | S116: 0 | T116: 9 | U116: 0 | V116: 29 | W116: 19 | X116: 0 | Y116: 13 | Z116: 0 | AA116: 39.6% | AB116: 1.0534722 | AC116: 0.825 | AD116: 0.10208333 | AE116: 0.12569444 | AF116: 0.415 | AG116: 1.009 | AH116: 1.424 | AI116: 0.303 | AJ116: 0.795 | AK116: 1.098 | AL116: 1.836 | AM116: 3.977 | AN116: 5.813 | AO116: 0.175 | AP116: 0.425 | AQ116: 0.600 | AR116: 181 | AS116: 7.7% | AT116: 38 | AU116: 158 | AV116: 0 | AW116: 1 | AX116: 0.00%
A117: 112 | B117: US | C117: Matthew Tkachuk | D117: 19 | E117: F | F117: 76 | G117: 13 | H117: 35 | I117: 48 | J117: 105 | K117: 14 | L117: 10 | M117: 3 | N117: 0 | O117: 2 | P117: 0 | Q117: 25 | R117: 10 | S117: 0 | T117: 6 | U117: 0 | V117: 35 | W117: 13 | X117: 0 | Y117: 8 | Z117: 0 | AA117: 27.1% | AB117: 0.61041667 | AC117: 0.52569444 | AD117: 0.084027778 | AE117: 0.00069444444 | AF117: 0.700 | AG117: 1.885 | AH117: 2.585 | AI117: 0.626 | AJ117: 1.564 | AK117: 2.190 | AL117: 1.171 | AM117: 3.904 | AN117: 5.075 | AO117: 0.171 | AP117: 0.461 | AQ117: 0.632 | AR117: 142 | AS117: 9.2% | AT117: 65 | AU117: 22 | AV117: 8 | AW117: 15 | AX117: 34.78%
A118: 113 | B118: SE | C118: Gustav Nyquist | D118: 27 | E118: F | F118: 76 | G118: 12 | H118: 36 | I118: 48 | J118: 18 | K118: 0 | L118: 10 | M118: 2 | N118: 0 | O118: 2 | P118: 0 | Q118: 29 | R118: 7 | S118: 0 | T118: 5 | U118: 2 | V118: 39 | W118: 9 | X118: 0 | Y118: 7 | Z118: 2 | AA118: 18.8% | AB118: 0.72569444 | AC118: 0.60694444 | AD118: 0.11736111 | AE118: 0.00069444444 | AF118: 0.544 | AG118: 1.631 | AH118: 2.175 | AI118: 0.542 | AJ118: 1.571 | AK118: 2.113 | AL118: 0.560 | AM118: 1.961 | AN118: 2.522 | AO118: 0.158 | AP118: 0.474 | AQ118: 0.632 | AR118: 165 | AS118: 7.3% | AT118: 54 | AU118: 20 | AV118: 4 | AW118: 1 | AX118: 80.00%
... A155: 150 | B155: FI | C155: Teuvo Teräväinen | D155: 22 | E155: F | F155: 81 | G155: 15 | H155: 27 | I155: 42 | J155: 16 | K155: -6 | L155: 10 | M155: 5 | N155: 0 | O155: 2 | P155: 1 | Q155: 17 | R155: 10 | S155: 0 | T155: 5 | U155: 2 | V155: 27 | W155: 15 | X155: 0 | Y155: 7 | Z155: 3 | AA155: 35.7% | AB155: 0.67638889 | AC155: 0.58263889 | AD155: 0.093055556 | AE155: 0 | AF155: 0.684 | AG155: 1.231 | AH155: 1.915 | AI155: 0.529 | AJ155: 0.900 | AK155: 1.429 | AL155: 1.657 | AM155: 3.313 | AN155: 4.970 | AO155: 0.185 | AP155: 0.333 | AQ155: 0.519 | AR155: 169 | AS155: 8.9% | AT155: 27 | AU155: 33 | AV155: 193 | AW155: 221 | AX155: 46.62%
A156: 151 | C156: Valtteri Filppula | D156: 32 | E156: F | F156: 79 | G156: 12 | H156: 30 | I156: 42 | J156: 26 | K156: -1 | L156: 12 | M156: 0 | N156: 0 | O156: 1 | P156: 0 | Q156: 23 | R156: 7 | S156: 0 | T156: 6 | U156: 0 | V156: 35 | W156: 7 | X156: 0 | Y156: 7 | Z156: 0 | AA156: 16.7% | AB156: 0.725 | AC156: 0.57361111 | AD156: 0.078472222 | AE156: 0.072222222 | AF156: 0.524 | AG156: 1.309 | AH156: 1.833 | AI156: 0.662 | AJ156: 1.269 | AK156: 1.931 | AL156: 0.000 | AM156: 2.815 | AN156: 2.815 | AO156: 0.152 | AP156: 0.380 | AQ156: 0.532 | AR156: 97 | AS156: 12.4% | AT156: 26 | AU156: 39 | AV156: 556 | AW156: 606 | AX156: 47.85%
A157: 152 | B157: US | C157: Seth Jones | D157: 22 | E157: D | F157: 75 | G157: 12 | H157: 30 | I157: 42 | J157: 24 | K157: 6 | L157: 11 | M157: 1 | N157: 0 | O157: 3 | P157: 3 | Q157: 24 | R157: 6 | S157: 0 | T157: 8 | U157: 2 | V157: 35 | W157: 7 | X157: 0 | Y157: 11 | Z157: 5 | AA157: 16.7% | AB157: 0.97430556 | AC157: 0.81666667 | AD157: 0.06875 | AE157: 0.088194444 | AF157: 0.410 | AG157: 1.026 | AH157: 1.436 | AI157: 0.449 | AJ157: 0.979 | AK157: 1.428 | AL157: 0.481 | AM157: 2.883 | AN157: 3.364 | AO157: 0.160 | AP157: 0.400 | AQ157: 0.560 | AR157: 152 | AS157: 7.9% | AT157: 61 | AU157: 118 | AV157: 0 | AW157: 0 | AX157: 0.00%
A158: 153 | B158: US | C158: Ryan McDonagh | D158: 27 | E158: D | F158: 77 | G158: 6 | H158: 36 | I158: 42 | J158: 37 | K158: 20 | L158: 4 | M158: 1 | N158: 1 | O158: 1 | P158: 0 | Q158: 22 | R158: 14 | S158: 0 | T158: 8 | U158: 2 | V158: 26 | W158: 15 | X158: 1 | Y158: 9 | Z158: 2 | AA158: 35.7% | AB158: 1.0145833 | AC158: 0.78680556 | AD158: 0.12847222 | AE158: 0.097916667 | AF158: 0.192 | AG158: 1.152 | AH158: 1.344 | AI158: 0.165 | AJ158: 0.907 | AK158: 1.072 | AL158: 0.252 | AM158: 3.525 | AN158: 3.777 | AO158: 0.078 | AP158: 0.468 | AQ158: 0.545 | AR158: 153 | AS158: 3.9% | AT158: 80 | AU158: 160 | AV158: 0 | AW158: 0 | AX158: 0.00%
A159: 154 | B159: CA | C159: James Neal | D159: 29 | E159: F | F159: 70 | G159: 23 | H159: 18 | I159: 41 | J159: 35 | K159: -10 | L159: 18 | M159: 5 | N159: 0 | O159: 5 | P159: 1 | Q159: 10 | R159: 8 | S159: 0 | T159: 4 | U159: 0 | V159: 28 | W159: 13 | X159: 0 | Y159: 9 | Z159: 1 | AA159: 31.7% | AB159: 0.73680556 | AC159: 0.62013889 | AD159: 0.11388889 | AE159: 0.0020833333 | AF159: 1.114 | AG159: 0.872 | AH159: 1.986 | AI159: 1.036 | AJ159: 0.576 | AK159: 1.612 | AL159: 1.562 | AM159: 2.499 | AN159: 4.061 | AO159: 0.329 | AP159: 0.257 | AQ159: 0.586 | AR159: 202 | AS159: 11.4% | AT159: 84 | AU159: 18 | AV159: 3 | AW159: 3 | AX159: 50.00%
A160: 155 | B160: CA | C160: Matt Duchene | D160: 25 | E160: F | F160: 77 | G160: 18 | H160: 23 | I160: 41 | J160: 12 | K160: -34 | L160: 14 | M160: 3 | N160: 1 | O160: 3 | P160: 1 | Q160: 17 | R160: 6 | S160: 0 | T160: 4 | U160: 2 | V160: 31 | W160: 9 | X160: 1 | Y160: 7 | Z160: 3 | AA160: 22.0% | AB160: 0.7625 | AC160: 0.61805556 | AD160: 0.10416667 | AE160: 0.039583333 | AF160: 0.766 | AG160: 0.979 | AH160: 1.746 | AI160: 0.735 | AJ160: 0.893 | AK160: 1.628 | AL160: 0.934 | AM160: 1.867 | AN160: 2.801 | AO160: 0.234 | AP160: 0.299 | AQ160: 0.532 | AR160: 160 | AS160: 11.3% | AT160: 42 | AU160: 41 | AV160: 687 | AW160: 411 | AX160: 62.57%
A161: 156 | B161: DK | C161: Frans Nielsen | D161: 32 | E161: F | F161: 79 | G161: 17 | H161: 24 | I161: 41 | J161: 18 | K161: -19 | L161: 11 | M161: 4 | N161: 2 | O161: 0 | P161: 0 | Q161: 13 | R161: 11 | S161: 0 | T161: 3 | U161: 1 | V161: 24 | W161: 15 | X161: 2 | Y161: 3 | Z161: 1 | AA161: 36.6% | AB161: 0.71319444 | AC161: 0.53333333 | AD161: 0.1 | AE161: 0.079166667 | AF161: 0.754 | AG161: 1.065 | AH161: 1.819 | AI161: 0.652 | AJ161: 0.771 | AK161: 1.423 | AL161: 1.261 | AM161: 3.467 | AN161: 4.728 | AO161: 0.215 | AP161: 0.304 | AQ161: 0.519 | AR161: 162 | AS161: 10.5% | AT161: 63 | AU161: 54 | AV161: 653 | AW161: 561 | AX161: 53.79%
A162: 157 | B162: US | C162: Brandon Dubinsky | D162: 30 | E162: F | F162: 80 | G162: 12 | H162: 29 | I162: 41 | J162: 91 | K162: 16 | L162: 10 | M162: 1 | N162: 1 | O162: 5 | P162: 1 | Q162: 26 | R162: 3 | S162: 0 | T162: 5 | U162: 3 | V162: 36 | W162: 4 | X162: 1 | Y162: 10 | Z162: 4 | AA162: 9.8% | AB162: 0.74513889 | AC162: 0.61458333 | AD162: 0.059027778 | AE162: 0.071527778 | AF162: 0.503 | AG162: 1.216 | AH162: 1.718 | AI162: 0.508 | AJ162: 1.321 | AK162: 1.829 | AL162: 0.528 | AM162: 1.585 | AN162: 2.114 | AO162: 0.150 | AP162: 0.363 | AQ162: 0.513 | AR162: 115 | AS162: 10.4% | AT162: 248 | AU162: 60 | AV162: 770 | AW162: 718 | AX162: 51.75%
A163: 158 | B163: US | C163: Keith Yandle | D163: 30 | E163: D | F163: 82 | G163: 5 | H163: 36 | I163: 41 | J163: 39 | K163: -6 | L163: 3 | M163: 2 | N163: 0 | O163: 0 | P163: 0 | Q163: 19 | R163: 16 | S163: 1 | T163: 2 | U163: 1 | V163: 22 | W163: 18 | X163: 1 | Y163: 2 | Z163: 1 | AA163: 43.9% | AB163: 0.91805556 | AC163: 0.71875 | AD163: 0.12916667 | AE163: 0.070833333 | AF163: 0.166 | AG163: 1.195 | AH163: 1.361 | AI163: 0.127 | AJ163: 0.805 | AK163: 0.933 | AL163: 0.470 | AM163: 3.763 | AN163: 4.234 | AO163: 0.061 | AP163: 0.439 | AQ163: 0.500 | AR163: 178 | AS163: 2.8% | AT163: 28 | AU163: 76 | AV163: 0 | AW163: 0 | AX163: 0.00%
A164: 159 | B164: AT | C164: Michael Grabner | D164: 29 | E164: F | F164: 76 | G164: 27 | H164: 13 | I164: 40 | J164: 10 | K164: 22 | L164: 26 | M164: 0 | N164: 1 | O164: 3 | P164: 0 | Q164: 11 | R164: 0 | S164: 2 | T164: 1 | U164: 0 | V164: 37 | W164: 0 | X164: 3 | Y164: 4 | Z164: 0 | AA164: 0.0% | AB164: 0.58680556 | AC164: 0.51319444 | AD164: 0.0027777778 | AE164: 0.070138889 | AF164: 1.513 | AG164: 0.728 | AH164: 2.241 | AI164: 1.665 | AJ164: 0.705 | AK164: 2.370 | AL164: 0.000 | AM164: 0.000 | AN164: 0.000 | AO164: 0.355 | AP164: 0.171 | AQ164: 0.526 | AR164: 162 | AS164: 16.7% | AT164: 41 | AU164: 34 | AV164: 7 | AW164: 6 | AX164: 53.85%
A165: 160 | B165: CA | C165: Adam Henrique | D165: 26 | E165: F | F165: 82 | G165: 20 | H165: 20 | I165: 40 | J165: 38 | K165: -20 | L165: 12 | M165: 6 | N165: 2 | O165: 2 | P165: 1 | Q165: 15 | R165: 4 | S165: 1 | T165: 3 | U165: 1 | V165: 27 | W165: 10 | X165: 3 | Y165: 5 | Z165: 2 | AA165: 25.0% | AB165: 0.75763889 | AC165: 0.55763889 | AD165: 0.10138889 | AE165: 0.09375 | AF165: 0.805 | AG165: 0.805 | AH165: 1.609 | AI165: 0.655 | AJ165: 0.819 | AK165: 1.475 | AL165: 1.801 | AM165: 1.201 | AN165: 3.002 | AO165: 0.244 | AP165: 0.244 | AQ165: 0.488 | AR165: 142 | AS165: 14.1% | AT165: 88 | AU165: 68 | AV165: 585 | AW165: 629 | AX165: 48.19%
A166: 161 | B166: CA | C166: Brayden Point | D166: 20 | E166: F | F166: 68 | G166: 18 | H166: 22 | I166: 40 | J166: 14 | K166: 4 | L166: 13 | M166: 5 | N166: 0 | O166: 2 | P166: 0 | Q166: 15 | R166: 7 | S166: 0 | T166: 5 | U166: 1 | V166: 28 | W166: 12 | X166: 0 | Y166: 7 | Z166: 1 | AA166: 30.0% | AB166: 0.71319444 | AC166: 0.59722222 | AD166: 0.10416667 | AE166: 0.011111111 | AF166: 0.928 | AG166: 1.134 | AH166: 2.061 | AI166: 0.800 | AJ166: 0.923 | AK166: 1.723 | AL166: 1.758 | AM166: 2.462 | AN166: 4.220 | AO166: 0.265 | AP166: 0.324 | AQ166: 0.588 | AR166: 122 | AS166: 14.8% | AT166: 39 | AU166: 31 | AV166: 238 | AW166: 293 | AX166: 44.82%
A167: 162 | B167: US | C167: Paul Stastny | D167: 31 | E167: F | F167: 66 | G167: 18 | H167: 22 | I167: 40 | J167: 36 | K167: 4 | L167: 13 | M167: 5 | N167: 0 | O167: 5 | P167: 0 | Q167: 14 | R167: 8 | S167: 0 | T167: 4 | U167: 0 | V167: 27 | W167: 13 | X167: 0 | Y167: 9 | Z167: 0 | AA167: 32.5% | AB167: 0.79722222 | AC167: 0.62152778 | AD167: 0.10694444 | AE167: 0.067361111 | AF167: 0.855 | AG167: 1.045 | AH167: 1.900 | AI167: 0.792 | AJ167: 0.853 | AK167: 1.644 | AL167: 1.760 | AM167: 2.816 | AN167: 4.577 | AO167: 0.273 | AP167: 0.333 | AQ167: 0.606 | AR167: 112 | AS167: 16.1% | AT167: 51 | AU167: 35 | AV167: 786 | AW167: 626 | AX167: 55.67%
A168: 163 | B168: US | C168: Lee Stempniak | D168: 33 | E168: F | F168: 82 | G168: 16 | H168: 24 | I168: 40 | J168: 32 | K168: 2 | L168: 14 | M168: 2 | N168: 0 | O168: 2 | P168: 0 | Q168: 20 | R168: 4 | S168: 0 | T168: 2 | U168: 0 | V168: 34 | W168: 6 | X168: 0 | Y168: 4 | Z168: 0 | AA168: 15.0% | AB168: 0.65972222 | AC168: 0.57847222 | AD168: 0.08125 | AE168: 0 | AF168: 0.739 | AG168: 1.108 | AH168: 1.847 | AI168: 0.738 | AJ168: 1.054 | AK168: 1.792 | AL168: 0.750 | AM168: 1.500 | AN168: 2.250 | AO168: 0.195 | AP168: 0.293 | AQ168: 0.488 | AR168: 131 | AS168: 12.2% | AT168: 113 | AU168: 16 | AV168: 3 | AW168: 5 | AX168: 37.50%
... A305: 300 | B305: CA | C305: Brett Ritchie | D305: 23 | E305: F | F305: 78 | G305: 16 | H305: 8 | I305: 24 | J305: 38 | K305: 11 | L305: 15 | M305: 1 | N305: 0 | O305: 2 | P305: 0 | Q305: 7 | R305: 1 | S305: 0 | T305: 0 | U305: 0 | V305: 22 | W305: 2 | X305: 0 | Y305: 2 | Z305: 0 | AA305: 8.3% | AB305: 0.53680556 | AC305: 0.47083333 | AD305: 0.065277778 | AE305: 0 | AF305: 0.954 | AG305: 0.477 | AH305: 1.431 | AI305: 1.020 | AJ305: 0.476 | AK305: 1.496 | AL305: 0.488 | AM305: 0.488 | AN305: 0.975 | AO305: 0.205 | AP305: 0.103 | AQ305: 0.308 | AR305: 167 | AS305: 9.6% | AT305: 153 | AU305: 23 | AV305: 1 | AW305: 1 | AX305: 50.00%
A307: Rk | C307: Name

Sheet Manquants
A1: Evander Kane
A2: David Pastrnak
A3: Jimmy Vesey | C3: Iginla | D3: =VLOOKUP(Manquants!C3,Tableau1[[Nom]:[HM]],4,0) -> 0 | I3: Colonne1 | J3: Colonne2 | K3: PoolPro | L3: HN | M3: Colonne3
C4: Hossa | D4: =VLOOKUP(Manquants!C4,Tableau1[[Nom]:[HM]],4,0) -> 0 | F4: Hossa | G4: #N/A | I4: David | J4: Backes | K4: 52 | L4: 50 | M4: 46 | O4: 52 | P4: 50
C5: Purcell | D5: =VLOOKUP(Manquants!C5,Tableau1[[Nom]:[HM]],4,0) -> #N/A | F5: Rieder | G5: #N/A | I5: Tyler | J5: Bozak | K5: 44 | M5: 45 | O5: 44
C6: Puljujarvi | D6: =VLOOKUP(Manquants!C6,Tableau1[[Nom]:[HM]],4,0) -> #N/A | F6: Brouwer | G6: #N/A | I6: Troy | J6: Brouwer | K6: 49 | L6: 43 | M6: 40 | O6: 49 | P6: 43
C7: Rieder | D7: =VLOOKUP(Manquants!C7,Tableau1[[Nom]:[HM]],4,0) -> #N/A | F7: Lehtera | G7: #N/A | I7: Andre | J7: Burakovsky | K7: 36 | L7: 51 | M7: 43 | O7: 36 | P7: 51
C8: Brouwer | D8: =VLOOKUP(Manquants!C8,Tableau1[[Nom]:[HM]],4,0) -> 0 | F8: Nylander | I8: Shane | J8: Doan | K8: 42 | L8: 42 | M8: 43 | O8: 42 | P8: 42
C9: Hartnell | D9: =VLOOKUP(Manquants!C9,Tableau1[[Nom]:[HM]],4,0) -> 0 | F9: Stafford | G9: #N/A | I9: Joonas | J9: Donskoi | K9: 42 | M9: 43 | O9: 42
C10: Smith | D10: =VLOOKUP(Manquants!C10,Tableau1[[Nom]:[HM]],4,0) -> 0 | F10: Muzzin | I10: Tyler | J10: Ennis | K10: 37 | L10: 42 | M10: 44 | O10: 37 | P10: 42
C11: Lehtera | D11: =VLOOKUP(Manquants!C11,Tableau1[[Nom]:[HM]],4,0) -> #N/A | F11: Seabrook | I11: Carl | J11: Hagelin | K11: 41 | L11: 45 | M11: 42 | O11: 41 | P11: 45
C12: Miller | D12: =VLOOKUP(Manquants!C12,Tableau1[[Nom]:[HM]],4,0) -> 0 | F12: Killorn | I12: Dougie | J12: Hamilton | K12: 47 | L12: 44 | M12: 45 | O12: 47 | P12: 44
C13: Nylander | D13: =VLOOKUP(Manquants!C13,Tableau1[[Nom]:[HM]],4,0) -> 0 | F13: Hagelin | I13: Marian | J13: Hossa | K13: 42 | L13: 43 | M13: 40 | O13: 42 | P13: 43
C14: Vanek | D14: =VLOOKUP(Manquants!C14,Tableau1[[Nom]:[HM]],4,0) -> 0 | F14: Donskoi | I14: Alex | J14: Killorn | K14: 43 | L14: 40 | M14: 42 | O14: 43 | P14: 40
C15: Stafford | D15: =VLOOKUP(Manquants!C15,Tableau1[[Nom]:[HM]],4,0) -> #N/A | F15: Vermette | G15: #N/A | I15: Nick | J15: Leddy | K15: 42 | L15: 41 | M15: 45 | O15: 42 | P15: 41
C16: Muzzin | D16: =VLOOKUP(Manquants!C16,Tableau1[[Nom]:[HM]],4,0) -> #N/A | F16: Burakovsky | G16: #N/A | I16: Jori | J16: Lehtera | K16: 40 | L16: 36 | M16: 41 | O16: 40 | P16: 36
C17: Seabrook | D17: =VLOOKUP(Manquants!C17,Tableau1[[Nom]:[HM]],4,0) -> 0 | F17: Doan | G17: #N/A | I17: Elias | J17: Lindholm | K17: 44 | L17: 31 | M17: 47 | O17: 44 | P17: 31
C18: Ribeiro | D18: =VLOOKUP(Manquants!C18,Tableau1[[Nom]:[HM]],4,0) -> 0 | F18: Ennis | I18: Jake | J18: Muzzin | K18: 42 | L18: 39 | M18: 42 | O18: 42 | P18: 39
C19: Killorn | D19: =VLOOKUP(Manquants!C19,Tableau1[[Nom]:[HM]],4,0) -> 0 | F19: Sifverberg | G19: #N/A | I19: William | J19: Nylander | L19: 55 | M19: 41 | P19: 55
C20: Ekblad | D20: =VLOOKUP(Manquants!C20,Tableau1[[Nom]:[HM]],4,0) -> #N/A | F20: Yandle | I20: Jean-Gabriel | J20: Pageau | M20: 47
C21: Hagelin | D21: =VLOOKUP(Manquants!C21,Tableau1[[Nom]:[HM]],4,0) -> #N/A | F21: Leddy | G21: #N/A | I21: Tanner | J21: Pearson | K21: 43 | L21: 45 | M21: 45 | O21: 43 | P21: 45
C22: Colborne | D22: =VLOOKUP(Manquants!C22,Tableau1[[Nom]:[HM]],4,0) -> #N/A | F22: Hamilton | I22: Mathieu | J22: Perreault | K22: 45 | L22: 42 | M22: 46 | O22: 45 | P22: 42
C23: Duclair | D23: =VLOOKUP(Manquants!C23,Tableau1[[Nom]:[HM]],4,0) -> #N/A | F23: Pearson | I23: Tobias | J23: Rieder | K23: 41 | L23: 43 | M23: 40 | O23: 41 | P23: 43
C24: Donskoi | D24: =VLOOKUP(Manquants!C24,Tableau1[[Nom]:[HM]],4,0) -> #N/A | F24: Bozak | G24: #N/A | I24: Morgan | J24: Rielly | K24: 42 | L24: 48 | M24: 46 | O24: 42 | P24: 48
C25: Backlund | D25: =VLOOKUP(Manquants!C25,Tableau1[[Nom]:[HM]],4,0) -> 0 | F25: Rielly | I25: Brent | J25: Seabrook | K25: 42 | L25: 39 | M25: 42 | O25: 42 | P25: 39
C26: Vermette | D26: =VLOOKUP(Manquants!C26,Tableau1[[Nom]:[HM]],4,0) -> 0 | F26: Perreault | G26: #N/A | I26: Jakob | J26: Sifverberg | K26: 42 | L26: 51 | M26: 44 | O26: 42 | P26: 51
C27: Burakovsky | D27: =VLOOKUP(Manquants!C27,Tableau1[[Nom]:[HM]],4,0) -> #N/A | F27: Backes | G27: #N/A | I27: Drew | J27: Stafford | K27: 36 | L27: 36 | M27: 41 | O27: 36 | P27: 36
C28: Doan | D28: =VLOOKUP(Manquants!C28,Tableau1[[Nom]:[HM]],4,0) -> #N/A | F28: Lindholm | G28: #N/A | I28: Antoine | J28: Vermette | L28: 35 | M28: 43 | P28: 35
C29: Zajac | D29: =VLOOKUP(Manquants!C29,Tableau1[[Nom]:[HM]],4,0) -> 0 | F29: Pageau | I29: Keith | J29: Yandle | K29: 49 | M29: 45 | O29: 49
C30: Horvat | D30: =VLOOKUP(Manquants!C30,Tableau1[[Nom]:[HM]],4,0) -> 0
C31: Foligno | D31: =VLOOKUP(Manquants!C31,Tableau1[[Nom]:[HM]],4,0) -> 0 | I31: Seth | J31: Jones
C32: Ennis | D32: =VLOOKUP(Manquants!C32,Tableau1[[Nom]:[HM]],4,0) -> #N/A | G32: #N/A | I32: David | J32: Pastrnak
C33: Anisimov | D33: =VLOOKUP(Manquants!C33,Tableau1[[Nom]:[HM]],4,0) -> 0 | I33: TJ | J33: Brodie
C34: Sifverberg | D34: =VLOOKUP(Manquants!C34,Tableau1[[Nom]:[HM]],4,0) -> #N/A | G34: #N/A | I34: Mitch | J34: Marner
C35: Nelson | D35: =VLOOKUP(Manquants!C35,Tableau1[[Nom]:[HM]],4,0) -> 0
C36: Yandle | D36: =VLOOKUP(Manquants!C36,Tableau1[[Nom]:[HM]],4,0) -> 0 | G36: #N/A
C37: Leddy | D37: =VLOOKUP(Manquants!C37,Tableau1[[Nom]:[HM]],4,0) -> #N/A | G37: #N/A
C38: Hamilton | D38: =VLOOKUP(Manquants!C38,Tableau1[[Nom]:[HM]],4,0) -> 0 | E38: 19 | G38: #N/A
C39: Shattenkirk | D39: =VLOOKUP(Manquants!C39,Tableau1[[Nom]:[HM]],4,0) -> 0
C40: Faulk | D40: =VLOOKUP(Manquants!C40,Tableau1[[Nom]:[HM]],4,0) -> 0
C41: Pominville | D41: =VLOOKUP(Manquants!C41,Tableau1[[Nom]:[HM]],4,0) -> 0
C42: Johansson | D42: =VLOOKUP(Manquants!C42,Tableau1[[Nom]:[HM]],4,0) -> 0
C43: Hanzal | D43: =VLOOKUP(Manquants!C43,Tableau1[[Nom]:[HM]],4,0) -> 0
C44: Pearson | D44: =VLOOKUP(Manquants!C44,Tableau1[[Nom]:[HM]],4,0) -> #N/A | G44: #N/A
C45: Bozak | D45: =VLOOKUP(Manquants!C45,Tableau1[[Nom]:[HM]],4,0) -> 0 | G45: #N/A
C46: Kreider | D46: =VLOOKUP(Manquants!C46,Tableau1[[Nom]:[HM]],4,0) -> 0
C47: Suter | D47: =VLOOKUP(Manquants!C47,Tableau1[[Nom]:[HM]],4,0) -> 0
C48: Rielly | D48: =VLOOKUP(Manquants!C48,Tableau1[[Nom]:[HM]],4,0) -> #N/A | G48: #N/A
C49: Spooner | D49: =VLOOKUP(Manquants!C49,Tableau1[[Nom]:[HM]],4,0) -> 0
C50: Perreault | D50: =VLOOKUP(Manquants!C50,Tableau1[[Nom]:[HM]],4,0) -> 0 | G50: #N/A
C51: Granlund | D51: =VLOOKUP(Manquants!C51,Tableau1[[Nom]:[HM]],4,0) -> 0
B52: Ryan | C52: Strome | D52: =VLOOKUP(Manquants!C52,Tableau1[[Nom]:[HM]],4,0) -> #N/A
C53: Bennett | D53: =VLOOKUP(Manquants!C53,Tableau1[[Nom]:[HM]],4,0) -> 0
C54: Niederreiter | D54: =VLOOKUP(Manquants!C54,Tableau1[[Nom]:[HM]],4,0) -> 0
C55: Backes | D55: =VLOOKUP(Manquants!C55,Tableau1[[Nom]:[HM]],4,0) -> 0 | G55: #N/A
C56: Pietrangelo | D56: =VLOOKUP(Manquants!C56,Tableau1[[Nom]:[HM]],4,0) -> 0
C57: Ristolainen | D57: =VLOOKUP(Manquants!C57,Tableau1[[Nom]:[HM]],4,0) -> 0
C58: Lindholm | D58: =VLOOKUP(Manquants!C58,Tableau1[[Nom]:[HM]],4,0) -> #N/A | G58: #N/A
C59: Pageau | D59: =VLOOKUP(Manquants!C59,Tableau1[[Nom]:[HM]],4,0) -> 0 | E59: 26 | G59: #N/A
C60: Williams | D60: =VLOOKUP(Manquants!C60,Tableau1[[Nom]:[HM]],4,0) -> 0
C61: Tatar | D61: =VLOOKUP(Manquants!C61,Tableau1[[Nom]:[HM]],4,0) -> 0
C62: Coyle | D62: =VLOOKUP(Manquants!C62,Tableau1[[Nom]:[HM]],4,0) -> 0
C63: Ryan | D63: =VLOOKUP(Manquants!C63,Tableau1[[Nom]:[HM]],4,0) -> 0
C64: Jones | D64: =VLOOKUP(Manquants!C64,Tableau1[[Nom]:[HM]],4,0) -> #N/A | F64: Jones | G64: #N/A
C65: Soderberg | D65: =VLOOKUP(Manquants!C65,Tableau1[[Nom]:[HM]],4,0) -> #N/A
C66: Dubinsky | D66: =VLOOKUP(Manquants!C66,Tableau1[[Nom]:[HM]],4,0) -> 0
C67: Teravainen | D67: =VLOOKUP(Manquants!C67,Tableau1[[Nom]:[HM]],4,0) -> 0
C68: Marner | D68: =VLOOKUP(Manquants!C68,Tableau1[[Nom]:[HM]],4,0) -> 0 | F68: Marner | G68: #N/A
C69: Kadri | D69: =VLOOKUP(Manquants!C69,Tableau1[[Nom]:[HM]],4,0) -> 0
C70: Nyquist | D70: =VLOOKUP(Manquants!C70,Tableau1[[Nom]:[HM]],4,0) -> 0
C71: Laine | D71: =VLOOKUP(Manquants!C71,Tableau1[[Nom]:[HM]],4,0) -> 0
C72: Fabbri | D72: =VLOOKUP(Manquants!C72,Tableau1[[Nom]:[HM]],4,0) -> 0
C73: Pastrnak | D73: =VLOOKUP(Manquants!C73,Tableau1[[Nom]:[HM]],4,0) -> 0 | F73: Pastrnak | G73: #N/A
C74: Brodie | D74: =VLOOKUP(Manquants!C74,Tableau1[[Nom]:[HM]],4,0) -> #N/A | F74: Brodie | G74: #N/A
C75: Couturier | D75: =VLOOKUP(Manquants!C75,Tableau1[[Nom]:[HM]],4,0) -> 0
D76: =VLOOKUP(Manquants!C76,Tableau1[[Nom]:[HM]],4,0) -> #N/A
D77: =VLOOKUP(Manquants!C77,Tableau1[[Nom]:[HM]],4,0) -> #N/A
D78: =VLOOKUP(Manquants!C78,Tableau1[[Nom]:[HM]],4,0) -> #N/A
D79: =VLOOKUP(Manquants!C79,Tableau1[[Nom]:[HM]],4,0) -> #N/A
D80: =VLOOKUP(Manquants!C80,Tableau1[[Nom]:[HM]],4,0) -> #N/A
D81: =VLOOKUP(Manquants!C81,Tableau1[[Nom]:[HM]],4,0) -> #N/A
D82: =VLOOKUP(Manquants!C82,Tableau1[[Nom]:[HM]],4,0) -> #N/A

Sheet ESPN
A2: 1 | B2: Jamie Benn*, Dal LW O | C2: 41 | D2: 52 | E2: =C2+D2 -> 93 | H2: Jamie Benn | I2: 93 | K2: Sidney | L2: Crosby | M2: =K2&" "&L2 -> Sidney Crosby | N2: =VLOOKUP(M2,$H$2:$I$201,2,0) -> 93 | P2: Marian | Q2: Hossa | W2: 44
A3: 2 | B3: Patrick Kane, Chi RW | C3: 43 | D3: 48 | E3: =C3+D3 -> 91 | H3: Patrick Kane | I3: 91 | K3: Patrick | L3: Kane | M3: =K3&" "&L3 -> Patrick Kane | N3: =VLOOKUP(M3,$H$2:$I$201,2,0) -> 91 | P3: Tobias | Q3: Rieder
A4: 3 | B4: Sidney Crosby, Pit C | C4: 35 | D4: 58 | E4: =C4+D4 -> 93 | H4: Sidney Crosby | I4: 93 | K4: Connor | L4: McDavid | M4: =K4&" "&L4 -> Connor McDavid | N4: =VLOOKUP(M4,$H$2:$I$201,2,0) -> 84 | P4: Troy | Q4: Brouwer
A5: 4 | B5: Joe Pavelski, SJ C | C5: 38 | D5: 38 | E5: =C5+D5 -> 76 | H5: Joe Pavelski | I5: 76 | K5: Jamie | L5: Benn | M5: =K5&" "&L5 -> Jamie Benn | N5: =VLOOKUP(M5,$H$2:$I$201,2,0) -> 93 | P5: Jori | Q5: Lehtera | W5: 40
A6: 5 | B6: Erik Karlsson, Ott D | C6: 19 | D6: 63 | E6: =C6+D6 -> 82 | H6: Erik Karlsson | I6: 82 | K6: Tyler | L6: Seguin | M6: =K6&" "&L6 -> Tyler Seguin | N6: =VLOOKUP(M6,$H$2:$I$201,2,0) -> 77 | P6: William | Q6: Nylander | W6: 47
A7: 6 | B7: Vladimir Tarasenko, StL RW | C7: 42 | D7: 39 | E7: =C7+D7 -> 81 | H7: Vladimir Tarasenko | I7: 81 | K7: John | L7: Tavares | M7: =K7&" "&L7 -> John Tavares | N7: =VLOOKUP(M7,$H$2:$I$201,2,0) -> 78 | P7: Drew | Q7: Stafford
A8: 7 | B8: Alex Ovechkin, Wsh RW | C8: 51 | D8: 22 | E8: =C8+D8 -> 73 | H8: Alex Ovechkin | I8: 73 | K8: Johnny | L8: Gaudreau | M8: =K8&" "&L8 -> Johnny Gaudreau | N8: =VLOOKUP(M8,$H$2:$I$201,2,0) -> 84 | P8: Jake | Q8: Muzzin | W8: 39
A9: 8 | B9: Connor McDavid, Edm C | C9: 30 | D9: 54 | E9: =C9+D9 -> 84 | H9: Connor McDavid | I9: 84 | K9: Erik | L9: Karlsson | M9: =K9&" "&L9 -> Erik Karlsson | N9: =VLOOKUP(M9,$H$2:$I$201,2,0) -> 82 | P9: Brent | Q9: Seabrook | W9: 37
A10: 9 | B10: Brent Burns, SJ D | C10: 28 | D10: 43 | E10: =C10+D10 -> 71 | H10: Brent Burns | I10: 71 | K10: Vladimir | L10: Tarasenko | M10: =K10&" "&L10 -> Vladimir Tarasenko | N10: =VLOOKUP(M10,$H$2:$I$201,2,0) -> 81 | P10: Alex | Q10: Killorn | W10: 39
A11: 10 | B11: Johnny Gaudreau, Cgy LW | C11: 34 | D11: 50 | E11: =C11+D11 -> 84 | H11: Johnny Gaudreau | I11: 84 | K11: Alexander | L11: Ovechkin | M11: =K11&" "&L11 -> Alexander Ovechkin | N11: 73 | P11: Carl | Q11: Hagelin | W11: 46
A12: 11 | B12: John Tavares, NYI C | C12: 36 | D12: 42 | E12: =C12+D12 -> 78 | H12: John Tavares | I12: 78 | K12: Joe | L12: Pavelski | M12: =K12&" "&L12 -> Joe Pavelski | N12: =VLOOKUP(M12,$H$2:$I$201,2,0) -> 76 | P12: Joonas | Q12: Donskoi
A13: 12 | B13: Artemi Panarin, Chi C | C13: 32 | D13: 50 | E13: =C13+D13 -> 82 | H13: Artemi Panarin | I13: 82 | K13: Nicklas | L13: Backstrom | M13: =K13&" "&L13 -> Nicklas Backstrom | N13: =VLOOKUP(M13,$H$2:$I$201,2,0) -> 76 | P13: Antoine | Q13: Vermette
A14: 13 | B14: Tyler Seguin*, Dal C O | C14: 35 | D14: 42 | E14: =C14+D14 -> 77 | H14: Tyler Seguin | I14: 77 | K14: Claude | L14: Giroux | M14: =K14&" "&L14 -> Claude Giroux | N14: =VLOOKUP(M14,$H$2:$I$201,2,0) -> 70 | P14: Andre | Q14: Burakovsky
A15: 14 | B15: Nikita Kucherov, TB RW | C15: 34 | D15: 40 | E15: =C15+D15 -> 74 | H15: Nikita Kucherov | I15: 74 | K15: Evgeni | L15: Malkin | M15: =K15&" "&L15 -> Evgeni Malkin | N15: =VLOOKUP(M15,$H$2:$I$201,2,0) -> 72 | P15: Shane | Q15: Doan | W15: 41
A16: 15 | B16: Nicklas Backstrom, Wsh C | C16: 19 | D16: 57 | E16: =C16+D16 -> 76 | H16: Nicklas Backstrom | I16: 76 | K16: Evgeny | L16: Kuznetsov | M16: =K16&" "&L16 -> Evgeny Kuznetsov | N16: =VLOOKUP(M16,$H$2:$I$201,2,0) -> 80 | P16: Tyler | Q16: Ennis
A17: 16 | B17: Patrice Bergeron, Bos C | C17: 26 | D17: 34 | E17: =C17+D17 -> 60 | H17: Patrice Bergeron | I17: 60 | K17: Steven | L17: Stamkos | M17: =K17&" "&L17 -> Steven Stamkos | N17: =VLOOKUP(M17,$H$2:$I$201,2,0) -> 70 | P17: Jakob | Q17: Sifverberg
A18: 17 | B18: Evgeni Malkin, Pit C | C18: 27 | D18: 45 | E18: =C18+D18 -> 72 | H18: Evgeni Malkin | I18: 72 | K18: Nikita | L18: Kucherov | M18: =K18&" "&L18 -> Nikita Kucherov | N18: =VLOOKUP(M18,$H$2:$I$201,2,0) -> 74 | P18: Keith | Q18: Yandle | W18: 46
A19: 18 | B19: Dustin Byfuglien, Wpg D | C19: 18 | D19: 33 | E19: =C19+D19 -> 51 | H19: Dustin Byfuglien | I19: 51 | K19: Anze | L19: Kopitar | M19: =K19&" "&L19 -> Anze Kopitar | N19: =VLOOKUP(M19,$H$2:$I$201,2,0) -> 73 | P19: Nick | Q19: Leddy | W19: 35
A20: 19 | B20: Blake Wheeler, Wpg RW | C20: 30 | D20: 43 | E20: =C20+D20 -> 73 | H20: Blake Wheeler | I20: 73 | K20: Ryan | L20: Getzlaf | M20: =K20&" "&L20 -> Ryan Getzlaf | N20: =VLOOKUP(M20,$H$2:$I$201,2,0) -> 66 | P20: Dougie | Q20: Hamilton | W20: 44
A21: 20 | B21: Steven Stamkos, TB C | C21: 40 | D21: 30 | E21: =C21+D21 -> 70 | H21: Steven Stamkos | I21: 70 | K21: Artemi | L21: Panarin | M21: =K21&" "&L21 -> Artemi Panarin | N21: =VLOOKUP(M21,$H$2:$I$201,2,0) -> 82 | P21: Tanner | Q21: Pearson
A22: 21 | B22: Anze Kopitar, LA C | C22: 23 | D22: 50 | E22: =C22+D22 -> 73 | H22: Anze Kopitar | I22: 73 | K22: Joe | L22: Thornton | M22: =K22&" "&L22 -> Joe Thornton | N22: =VLOOKUP(M22,$H$2:$I$201,2,0) -> 76 | P22: Tyler | Q22: Bozak
A23: 22 | B23: Joe Thornton, SJ C | C23: 17 | D23: 59 | E23: =C23+D23 -> 76 | H23: Joe Thornton | I23: 76 | K23: Blake | L23: Wheeler | M23: =K23&" "&L23 -> Blake Wheeler | N23: =VLOOKUP(M23,$H$2:$I$201,2,0) -> 73 | P23: Morgan | Q23: Rielly
A24: 23 | B24: Evgeny Kuznetsov, Wsh C | C24: 25 | D24: 55 | E24: =C24+D24 -> 80 | H24: Evgeny Kuznetsov | I24: 80 | K24: Aleksander | L24: Barkov | M24: =K24&" "&L24 -> Aleksander Barkov | N24: =VLOOKUP(M24,$H$2:$I$201,2,0) -> 59 | P24: Mathieu | Q24: Perreault
A25: 24 | B25: Corey Perry, Ana RW | C25: 33 | D25: 30 | E25: =C25+D25 -> 63 | H25: Corey Perry | I25: 63 | K25: Mark | L25: Scheifele | M25: =K25&" "&L25 -> Mark Scheifele | N25: =VLOOKUP(M25,$H$2:$I$201,2,0) -> 61 | P25: David | Q25: Backes | W25: 52
A26: 25 | B26: Phil Kessel*, Pit RW O | C26: 28 | D26: 38 | E26: =C26+D26 -> 66 | H26: Phil Kessel | I26: 66 | K26: Ryan | L26: Johansen | M26: =K26&" "&L26 -> Ryan Johansen | N26: =VLOOKUP(M26,$H$2:$I$201,2,0) -> 54 | P26: Elias | Q26: Lindholm
A27: 26 | B27: Wayne Simmonds, Phi LW | C27: 30 | D27: 27 | E27: =C27+D27 -> 57 | H27: Wayne Simmonds | I27: 57 | K27: Filip | L27: Forsberg | M27: =K27&" "&L27 -> Filip Forsberg | N27: =VLOOKUP(M27,$H$2:$I$201,2,0) -> 57 | P27: Jean-Gabriel | Q27: Pageau
A28: 27 | B28: Oliver Ekman-Larsson, Ari D | C28: 24 | D28: 32 | E28: =C28+D28 -> 56 | H28: Oliver Ekman-Larsson | I28: 56 | K28: Sean | L28: Monahan | M28: =K28&" "&L28 -> Sean Monahan | N28: =VLOOKUP(M28,$H$2:$I$201,2,0) -> 68
A29: 28 | B29: P.K. Subban*, Nsh D O | C29: 9 | D29: 44 | E29: =C29+D29 -> 53 | H29: P.K. Subban | I29: 53 | K29: Corey | L29: Perry | M29: =K29&" "&L29 -> Corey Perry | N29: =VLOOKUP(M29,$H$2:$I$201,2,0) -> 63
A30: 29 | B30: Claude Giroux, Phi C | C30: 24 | D30: 46 | E30: =C30+D30 -> 70 | H30: Claude Giroux | I30: 70 | K30: Taylor | L30: Hall | M30: =K30&" "&L30 -> Taylor Hall | N30: =VLOOKUP(M30,$H$2:$I$201,2,0) -> 63
A31: 30 | B31: Tyler Toffoli, LA RW | C31: 34 | D31: 30 | E31: =C31+D31 -> 64 | H31: Tyler Toffoli | I31: 64 | K31: Max | L31: Pacioretty | M31: =K31&" "&L31 -> Max Pacioretty | N31: =VLOOKUP(M31,$H$2:$I$201,2,0) -> 61
A32: 31 | B32: Ryan Getzlaf, Ana C | C32: 15 | D32: 51 | E32: =C32+D32 -> 66 | H32: Ryan Getzlaf | I32: 66 | K32: Jakub | L32: Voracek | M32: =K32&" "&L32 -> Jakub Voracek | N32: =VLOOKUP(M32,$H$2:$I$201,2,0) -> 57
A33: 32 | B33: Drew Doughty, LA D | C33: 11 | D33: 35 | E33: =C33+D33 -> 46 | H33: Drew Doughty | I33: 46 | K33: Jonathan | L33: Huberdeau | M33: =K33&" "&L33 -> Jonathan Huberdeau | N33: =VLOOKUP(M33,$H$2:$I$201,2,0) -> 60
A34: 33 | B34: Kris Letang, Pit D | C34: 14 | D34: 39 | E34: =C34+D34 -> 53 | H34: Kris Letang | I34: 53 | K34: Brent | L34: Burns | M34: =K34&" "&L34 -> Brent Burns | N34: =VLOOKUP(M34,$H$2:$I$201,2,0) -> 71
A35: 34 | B35: Roman Josi, Nsh D | C35: 14 | D35: 49 | E35: =C35+D35 -> 63 | H35: Roman Josi | I35: 63 | K35: Jack | L35: Eichel | M35: =K35&" "&L35 -> Jack Eichel | N35: =VLOOKUP(M35,$H$2:$I$201,2,0) -> 64
A36: 35 | B36: Max Pacioretty, Mon LW | C36: 32 | D36: 29 | E36: =C36+D36 -> 61 | H36: Max Pacioretty | I36: 61 | K36: Logan | L36: Couture | M36: =K36&" "&L36 -> Logan Couture | N36: =VLOOKUP(M36,$H$2:$I$201,2,0) -> 56
A37: 36 | B37: Mark Giordano, Cgy D | C37: 17 | D37: 35 | E37: =C37+D37 -> 52 | H37: Mark Giordano | I37: 52 | K37: David | L37: Krejci | M37: =K37&" "&L37 -> David Krejci | N37: =VLOOKUP(M37,$H$2:$I$201,2,0) -> 55
A38: 37 | B38: Daniel Sedin, Van LW | C38: 25 | D38: 41 | E38: =C38+D38 -> 66 | H38: Daniel Sedin | I38: 66 | K38: Jordan | L38: Eberle | M38: =K38&" "&L38 -> Jordan Eberle | N38: =VLOOKUP(M38,$H$2:$I$201,2,0) -> 56
A39: 38 | B39: Jonathan Toews, Chi C | C39: 28 | D39: 32 | E39: =C39+D39 -> 60 | H39: Jonathan Toews | I39: 60 | K39: Kristopher | L39: Letang | M39: =K39&" "&L39 -> Kristopher Letang | N39: 53
A40: 39 | B40: Shea Weber, Mon D | C40: 17 | D40: 28 | E40: =C40+D40 -> 45 | H40: Shea Weber | I40: 45 | K40: Phil | L40: Kessel | M40: =K40&" "&L40 -> Phil Kessel | N40: =VLOOKUP(M40,$H$2:$I$201,2,0) -> 66
A41: 40 | B41: Brad Marchand, Bos LW | C41: 29 | D41: 23 | E41: =C41+D41 -> 52 | H41: Brad Marchand | I41: 52 | K41: Jonathan | L41: Toews | M41: =K41&" "&L41 -> Jonathan Toews | N41: =VLOOKUP(M41,$H$2:$I$201,2,0) -> 60
A42: 41 | B42: Filip Forsberg, Nsh C | C42: 27 | D42: 30 | E42: =C42+D42 -> 57 | H42: Filip Forsberg | I42: 57 | K42: Mark | L42: Stone | M42: =K42&" "&L42 -> Mark Stone | N42: =VLOOKUP(M42,$H$2:$I$201,2,0) -> 62
A43: 42 | B43: John Klingberg, Dal D | C43: 12 | D43: 42 | E43: =C43+D43 -> 54 | H43: John Klingberg | I43: 54 | K43: Ryan | L43: O'Reilly | M43: =K43&" "&L43 -> Ryan O'Reilly | N43: =VLOOKUP(M43,$H$2:$I$201,2,0) -> 59
A44: 43 | B44: James Neal, Nsh LW | C44: 26 | D44: 25 | E44: =C44+D44 -> 51 | H44: James Neal | I44: 51 | K44: Matt | L44: Duchene | M44: =K44&" "&L44 -> Matt Duchene | N44: =VLOOKUP(M44,$H$2:$I$201,2,0) -> 58
A45: 44 | B45: Jakub Voracek, Phi RW | C45: 17 | D45: 40 | E45: =C45+D45 -> 57 | H45: Jakub Voracek | I45: 57 | K45: Patrice | L45: Bergeron | M45: =K45&" "&L45 -> Patrice Bergeron | N45: =VLOOKUP(M45,$H$2:$I$201,2,0) -> 60
A46: 45 | B46: Jack Eichel, Buf C | C46: 30 | D46: 34 | E46: =C46+D46 -> 64 | H46: Jack Eichel | I46: 64 | K46: Alex | L46: Galchenyuk | M46: =K46&" "&L46 -> Alex Galchenyuk | N46: =VLOOKUP(M46,$H$2:$I$201,2,0) -> 48
A47: 46 | B47: Ryan Kesler, Ana C | C47: 22 | D47: 33 | E47: =C47+D47 -> 55 | H47: Ryan Kesler | I47: 55 | K47: Jason | L47: Spezza | M47: =K47&" "&L47 -> Jason Spezza | N47: =VLOOKUP(M47,$H$2:$I$201,2,0) -> 62
A48: 47 | B48: Jonathan Huberdeau, Fla LW | C48: 20 | D48: 40 | E48: =C48+D48 -> 60 | H48: Jonathan Huberdeau | I48: 60 | K48: Nathan | L48: MacKinnon | M48: =K48&" "&L48 -> Nathan MacKinnon | N48: =VLOOKUP(M48,$H$2:$I$201,2,0) -> 53
A49: 48 | B49: Jeff Carter*, LA RW O | C49: 25 | D49: 37 | E49: =C49+D49 -> 62 | H49: Jeff Carter | I49: 62 | K49: Auston | L49: Matthews | M49: =K49&" "&L49 -> Auston Matthews | N49: =VLOOKUP(M49,$H$2:$I$201,2,0) -> 56
A50: 49 | B50: T.J. Oshie, Wsh RW | C50: 24 | D50: 29 | E50: =C50+D50 -> 53 | H50: T.J. Oshie | I50: 53 | K50: Tyler | L50: Toffoli | M50: =K50&" "&L50 -> Tyler Toffoli | N50: =VLOOKUP(M50,$H$2:$I$201,2,0) -> 64
A51: 50 | B51: Shayne Gostisbehere, Phi D | C51: 20 | D51: 34 | E51: =C51+D51 -> 54 | H51: Shayne Gostisbehere | I51: 54 | K51: Jeff | L51: Carter | M51: =K51&" "&L51 -> Jeff Carter | N51: =VLOOKUP(M51,$H$2:$I$201,2,0) -> 62
... A68: 67 | B68: Mike Hoffman, Ott LW | C68: 31 | D68: 29 | E68: =C68+D68 -> 60 | H68: Mike Hoffman | I68: 60 | K68: Alexander | L68: Radulov | M68: =K68&" "&L68 -> Alexander Radulov | N68: =VLOOKUP(M68,$H$2:$I$201,2,0) -> 42
A69: 68 | B69: Kevin Shattenkirk, StL D | C69: 10 | D69: 28 | E69: =C69+D69 -> 38 | H69: Kevin Shattenkirk | I69: 38 | K69: Oliver | L69: Ekman-Lars… | M69: =K69&" "&L69 -> Oliver Ekman-Lars… | N69: 56
A70: 69 | B70: Bobby Ryan, Ott RW | C70: 32 | D70: 32 | E70: =C70+D70 -> 64 | H70: Bobby Ryan | I70: 64 | K70: Roman | L70: Josi | M70: =K70&" "&L70 -> Roman Josi | N70: =VLOOKUP(M70,$H$2:$I$201,2,0) -> 63
A71: 70 | B71: Adam Henrique, NJ C | C71: 29 | D71: 28 | E71: =C71+D71 -> 57 | H71: Adam Henrique | I71: 57 | K71: Jonathan | L71: Drouin | M71: =K71&" "&L71 -> Jonathan Drouin | N71: =VLOOKUP(M71,$H$2:$I$201,2,0) -> 43
A72: 71 | B72: Logan Couture, SJ C | C72: 23 | D72: 33 | E72: =C72+D72 -> 56 | H72: Logan Couture | I72: 56 | K72: Henrik | L72: Sedin | M72: =K72&" "&L72 -> Henrik Sedin | N72: =VLOOKUP(M72,$H$2:$I$201,2,0) -> 55
A73: 72 | B73: Ryan Johansen, Nsh C | C73: 22 | D73: 32 | E73: =C73+D73 -> 54 | H73: Ryan Johansen | I73: 54 | K73: James | L73: Neal | M73: =K73&" "&L73 -> James Neal | N73: =VLOOKUP(M73,$H$2:$I$201,2,0) -> 51
A74: 73 | B74: Gabriel Landeskog, Col LW | C74: 23 | D74: 36 | E74: =C74+D74 -> 59 | H74: Gabriel Landeskog | I74: 59 | K74: Vincent | L74: Trocheck | M74: =K74&" "&L74 -> Vincent Trocheck | N74: =VLOOKUP(M74,$H$2:$I$201,2,0) -> 43
A75: 74 | B75: Andrei Markov, Mon D | C75: 9 | D75: 37 | E75: =C75+D75 -> 46 | H75: Andrei Markov | I75: 46 | K75: Gabriel | L75: Landeskog | M75: =K75&" "&L75 -> Gabriel Landeskog | N75: =VLOOKUP(M75,$H$2:$I$201,2,0) -> 59
A76: 75 | B76: Auston Matthews, Tor C | C76: 25 | D76: 31 | E76: =C76+D76 -> 56 | H76: Auston Matthews | I76: 56 | K76: John | L76: Klingberg | M76: =K76&" "&L76 -> John Klingberg | N76: =VLOOKUP(M76,$H$2:$I$201,2,0) -> 54
A77: 76 | B77: Ryan Suter, Min D | C77: 6 | D77: 37 | E77: =C77+D77 -> 43 | H77: Ryan Suter | I77: 43 | K77: Andrew | L77: Ladd | M77: =K77&" "&L77 -> Andrew Ladd | N77: =VLOOKUP(M77,$H$2:$I$201,2,0) -> 51
A78: 77 | B78: Tomas Plekanec, Mon C | C78: 21 | D78: 33 | E78: =C78+D78 -> 54 | H78: Tomas Plekanec | I78: 54 | K78: Brandon | L78: Saad | M78: =K78&" "&L78 -> Brandon Saad | N78: =VLOOKUP(M78,$H$2:$I$201,2,0) -> 54
A79: 78 | B79: Jason Spezza, Dal C | C79: 25 | D79: 37 | E79: =C79+D79 -> 62 | H79: Jason Spezza | I79: 62 | K79: Kyle | L79: Palmieri | M79: =K79&" "&L79 -> Kyle Palmieri | N79: =VLOOKUP(M79,$H$2:$I$201,2,0) -> 59
A80: 79 | B80: Henrik Sedin, Van C | C80: 12 | D80: 43 | E80: =C80+D80 -> 55 | H80: Henrik Sedin | I80: 55 | K80: Leon | L80: Draisaitl | M80: =K80&" "&L80 -> Leon Draisaitl | N80: =VLOOKUP(M80,$H$2:$I$201,2,0) -> 56
A81: 80 | B81: Torey Krug*, Bos D O | C81: 8 | D81: 34 | E81: =C81+D81 -> 42 | H81: Torey Krug | I81: 42 | K81: Bryan | L81: Little | M81: =K81&" "&L81 -> Bryan Little | N81: =VLOOKUP(M81,$H$2:$I$201,2,0) -> 51
... A83: 82 | B83: Aleksander Barkov, Fla C | C83: 25 | D83: 34 | E83: =C83+D83 -> 59 | H83: Aleksander Barkov | I83: 59 | K83: Jussi | L83: Jokinen | M83: =K83&" "&L83 -> Jussi Jokinen | N83: =VLOOKUP(M83,$H$2:$I$201,2,0) -> 50
A84: 83 | B84: Nathan MacKinnon, Col C | C84: 22 | D84: 31 | E84: =C84+D84 -> 53 | H84: Nathan MacKinnon | I84: 53 | K84: Ryan | L84: Nugent-Hopki… | M84: =K84&" "&L84 -> Ryan Nugent-Hopki… | N84: 48
A85: 84 | B85: Derek Stepan, NYR C | C85: 20 | D85: 36 | E85: =C85+D85 -> 56 | H85: Derek Stepan | I85: 56 | K85: Loui | L85: Eriksson | M85: =K85&" "&L85 -> Loui Eriksson | N85: =VLOOKUP(M85,$H$2:$I$201,2,0) -> 58
A86: 85 | B86: Victor Hedman, TB D | C86: 9 | D86: 35 | E86: =C86+D86 -> 44 | H86: Victor Hedman | I86: 44 | K86: Bobby | L86: Ryan | M86: =K86&" "&L86 -> Bobby Ryan | N86: =VLOOKUP(M86,$H$2:$I$201,2,0) -> 64
A87: 86 | B87: Mats Zuccarello, NYR RW | C87: 20 | D87: 36 | E87: =C87+D87 -> 56 | H87: Mats Zuccarello | I87: 56 | K87: T.J. | L87: Oshie | M87: =K87&" "&L87 -> T.J. Oshie | N87: =VLOOKUP(M87,$H$2:$I$201,2,0) -> 53
A88: 87 | B88: Loui Eriksson, Van LW | C88: 27 | D88: 31 | E88: =C88+D88 -> 58 | H88: Loui Eriksson | I88: 58 | K88: Brad | L88: Marchand | M88: =K88&" "&L88 -> Brad Marchand | N88: =VLOOKUP(M88,$H$2:$I$201,2,0) -> 52
A89: 88 | B89: Kyle Okposo, Buf RW | C89: 19 | D89: 31 | E89: =C89+D89 -> 50 | H89: Kyle Okposo | I89: 50 | K89: Adam | L89: Henrique | M89: =K89&" "&L89 -> Adam Henrique | N89: =VLOOKUP(M89,$H$2:$I$201,2,0) -> 57
A90: 89 | B90: Derick Brassard, Ott C | C90: 21 | D90: 33 | E90: =C90+D90 -> 54 | H90: Derick Brassard | I90: 54 | K90: Ondrej | L90: Palat | M90: =K90&" "&L90 -> Ondrej Palat | N90: =VLOOKUP(M90,$H$2:$I$201,2,0) -> 52
A91: 90 | B91: James van Riemsdyk, Tor LW | C91: 24 | D91: 30 | E91: =C91+D91 -> 54 | H91: James van Riemsdyk | I91: 54 | K91: Derek | L91: Stepan | M91: =K91&" "&L91 -> Derek Stepan | N91: =VLOOKUP(M91,$H$2:$I$201,2,0) -> 56
A92: 91 | B92: Andrew Ladd, NYI LW | C92: 23 | D92: 28 | E92: =C92+D92 -> 51 | H92: Andrew Ladd | I92: 51 | K92: Dylan | L92: Larkin | M92: =K92&" "&L92 -> Dylan Larkin | N92: =VLOOKUP(M92,$H$2:$I$201,2,0) -> 54
A93: 92 | B93: Scott Hartnell, Cls LW | C93: 23 | D93: 28 | E93: =C93+D93 -> 51 | H93: Scott Hartnell | I93: 51 | K93: Mika | L93: Zibanejad | M93: =K93&" "&L93 -> Mika Zibanejad | N93: =VLOOKUP(M93,$H$2:$I$201,2,0) -> 48
A94: 93 | B94: Jake Muzzin, LA D | C94: 9 | D94: 30 | E94: =C94+D94 -> 39 | H94: Jake Muzzin | I94: 39 | K94: John | L94: Carlson | M94: =K94&" "&L94 -> John Carlson | N94: =VLOOKUP(M94,$H$2:$I$201,2,0) -> 47
A95: 94 | B95: Aaron Ekblad, Fla D | C95: 14 | D95: 25 | E95: =C95+D95 -> 39 | H95: Aaron Ekblad | I95: 39 | K95: Dustin | L95: Byfuglien | M95: =K95&" "&L95 -> Dustin Byfuglien | N95: =VLOOKUP(M95,$H$2:$I$201,2,0) -> 51
A96: 95 | B96: Mikko Koivu, Min C | C96: 15 | D96: 38 | E96: =C96+D96 -> 53 | H96: Mikko Koivu | I96: 53 | K96: Mark | L96: Giordano | M96: =K96&" "&L96 -> Mark Giordano | N96: =VLOOKUP(M96,$H$2:$I$201,2,0) -> 52
... A201: 200 | B201: Andrew Shaw, Mon C | C201: 17 | D201: 17 | E201: =C201+D201 -> 34 | H201: Andrew Shaw | I201: 34 | K201: Elias | L201: Lindholm | M201: =K201&" "&L201 -> Elias Lindholm | N201: =VLOOKUP(M201,$H$2:$I$201,2,0) -> #N/A
K202: Jean-Gabriel | L202: Pageau | M202: =K202&" "&L202 -> Jean-Gabriel Pageau | N202: =VLOOKUP(M202,$H$2:$I$201,2,0) -> #N/A
K203: Seth | L203: Jones | M203: =K203&" "&L203 -> Seth Jones | N203: =VLOOKUP(M203,$H$2:$I$201,2,0) -> 41
K204: David | L204: Pastrnak | M204: =K204&" "&L204 -> David Pastrnak | N204: =VLOOKUP(M204,$H$2:$I$201,2,0) -> 43
K205: TJ | L205: Brodie | M205: =K205&" "&L205 -> TJ Brodie | N205: =VLOOKUP(M205,$H$2:$I$201,2,0) -> #N/A
K206: Mitchell | L206: Marner | M206: =K206&" "&L206 -> Mitchell Marner | N206: =VLOOKUP(M206,$H$2:$I$201,2,0) -> #N/A

Sheet CBS
A1: Evgeni Malkin, PIT | B1: 78 | C1: 40 | D1: 49 | E1: 90 | F1: 39 | G1: 20 | H1: 0 | I1: 107 | J1: 384 | M1: Evgeni | N1: Malkin | O1: =M1&" "&N1 -> Evgeni Malkin | P1: 90 | R1: Teuvo | S1: Teravainen | T1: =R1&" "&S1 -> Teuvo Teravainen | U1: =VLOOKUP(T1,$O$1:$P$511,2,0) -> 29 | V1: 29
A2: Sidney Crosby, PIT | B2: 78 | C2: 36 | D2: 53 | E2: 89 | F2: 38 | G2: 16 | H2: 0 | I2: 45 | J2: 356 | M2: Sidney | N2: Crosby | O2: =M2&" "&N2 -> Sidney Crosby | P2: 89 | R2: Alexander | S2: Wennberg | T2: =R2&" "&S2 -> Alexander Wennberg | U2: =VLOOKUP(T2,$O$1:$P$511,2,0) -> 49 | V2: 49
A3: Tyler Seguin, DAL | B3: 78 | C3: 37 | D3: 44 | E3: 82 | F3: 29 | G3: 15 | H3: 0 | I3: 21 | J3: 337 | M3: Tyler | N3: Seguin | O3: =M3&" "&N3 -> Tyler Seguin | P3: 82 | R3: Bo | S3: Horvat | T3: =R3&" "&S3 -> Bo Horvat | U3: =VLOOKUP(T3,$O$1:$P$511,2,0) -> 44 | V3: 44
A4: Steven Stamkos, TB | B4: 78 | C4: 43 | D4: 34 | E4: 78 | F4: 17 | G4: 16 | H4: 1 | I4: 43 | J4: 311 | M4: Steven | N4: Stamkos | O4: =M4&" "&N4 -> Steven Stamkos | P4: 78 | R4: Charlie | S4: Coyle | T4: =R4&" "&S4 -> Charlie Coyle | U4: =VLOOKUP(T4,$O$1:$P$511,2,0) -> 40 | V4: 40
A5: Patrice Bergeron, BOS | B5: 78 | C5: 35 | D5: 36 | E5: 71 | F5: 23 | G5: 14 | H5: 1 | I5: 46 | J5: 307 | M5: Patrice | N5: Bergeron | O5: =M5&" "&N5 -> Patrice Bergeron | P5: 71 | R5: Shayne | S5: Gostisbehe… | T5: =R5&" "&S5 -> Shayne Gostisbehe… | U5: =VLOOKUP(T5,$O$1:$P$511,2,0) -> #N/A | V5: #N/A
A6: Joe Pavelski, SJ | B6: 78 | C6: 42 | D6: 35 | E6: 78 | F6: 19 | G6: 13 | H6: 0 | I6: 28 | J6: 307 | M6: Joe | N6: Pavelski | O6: =M6&" "&N6 -> Joe Pavelski | P6: 78 | R6: Mikael | S6: Granlund | T6: =R6&" "&S6 -> Mikael Granlund | U6: =VLOOKUP(T6,$O$1:$P$511,2,0) -> 42 | V6: 42
A7: Jason Spezza, DAL | B7: 78 | C7: 35 | D7: 37 | E7: 72 | F7: 29 | G7: 16 | H7: 0 | I7: 26 | J7: 297 | M7: Jason | N7: Spezza | O7: =M7&" "&N7 -> Jason Spezza | P7: 72 | R7: Jesse | S7: Puljujarvi | T7: =R7&" "&S7 -> Jesse Puljujarvi | U7: =VLOOKUP(T7,$O$1:$P$511,2,0) -> 34 | V7: 34
A8: John Tavares, NYI | B8: 78 | C8: 37 | D8: 39 | E8: 76 | F8: 0 | G8: 13 | H8: 0 | I8: 44 | J8: 281 | M8: John | N8: Tavares | O8: =M8&" "&N8 -> John Tavares | P8: 76 | R8: Brock | S8: Nelson | T8: =R8&" "&S8 -> Brock Nelson | U8: =VLOOKUP(T8,$O$1:$P$511,2,0) -> 41 | V8: 41
A9: Nicklas Backstrom, WAS | B9: 78 | C9: 21 | D9: 56 | E9: 78 | F9: 24 | G9: 17 | H9: 0 | I9: 43 | J9: 280 | M9: Nicklas | N9: Backstrom | O9: =M9&" "&N9 -> Nicklas Backstrom | P9: 78 | R9: Travis | S9: Zajac | T9: =R9&" "&S9 -> Travis Zajac | U9: =VLOOKUP(T9,$O$1:$P$511,2,0) -> 51 | V9: 51
A10: Ryan Getzlaf, ANA | B10: 78 | C10: 17 | D10: 58 | E10: 75 | F10: 24 | G10: 12 | H10: 0 | I10: 52 | J10: 275 | M10: Ryan | N10: Getzlaf | O10: =M10&" "&N10 -> Ryan Getzlaf | P10: 75 | R10: Pierre-A | S10: Parenteau | T10: =R10&" "&S10 -> Pierre-A Parenteau | U10: =VLOOKUP(T10,$O$1:$P$511,2,0) -> #N/A | V10: #N/A
A11: Anze Kopitar, LA | B11: 78 | C11: 26 | D11: 48 | E11: 75 | F11: 22 | G11: 10 | H11: 1 | I11: 16 | J11: 269 | M11: Anze | N11: Kopitar | O11: =M11&" "&N11 -> Anze Kopitar | P11: 75 | R11: Joe | S11: Colborne | T11: =R11&" "&S11 -> Joe Colborne | U11: =VLOOKUP(T11,$O$1:$P$511,2,0) -> 45 | V11: 45
A12: Claude Giroux, PHI | B12: 78 | C12: 25 | D12: 48 | E12: 73 | F12: 0 | G12: 15 | H12: 1 | I12: 50 | J12: 264 | M12: Claude | N12: Giroux | O12: =M12&" "&N12 -> Claude Giroux | P12: 73 | R12: Teddy | S12: Purcell | T12: =R12&" "&S12 -> Teddy Purcell | U12: =VLOOKUP(T12,$O$1:$P$511,2,0) -> 47 | V12: 47
A13: Jonathan Toews, CHI | B13: 78 | C13: 29 | D13: 34 | E13: 64 | F13: 35 | G13: 5 | H13: 3 | I13: 73 | J13: 264 | M13: Jonathan | N13: Toews | O13: =M13&" "&N13 -> Jonathan Toews | P13: 64 | R13: David | S13: Perron | T13: =R13&" "&S13 -> David Perron | U13: =VLOOKUP(T13,$O$1:$P$511,2,0) -> 42 | V13: 42
A14: Jeff Carter, LA | B14: 78 | C14: 28 | D14: 39 | E14: 67 | F14: 15 | G14: 8 | H14: 1 | I14: 24 | J14: 263 | M14: Jeff | N14: Carter | O14: =M14&" "&N14 -> Jeff Carter | P14: 67 | R14: Artem | S14: Anisimov | T14: =R14&" "&S14 -> Artem Anisimov | U14: =VLOOKUP(T14,$O$1:$P$511,2,0) -> 47 | V14: 47
A15: David Krejci, BOS | B15: 78 | C15: 20 | D15: 53 | E15: 73 | F15: 22 | G15: 12 | H15: 1 | I15: 35 | J15: 261 | M15: David | N15: Krejci | O15: =M15&" "&N15 -> David Krejci | P15: 73 | R15: Nick | S15: Bjugstad | T15: =R15&" "&S15 -> Nick Bjugstad | U15: =VLOOKUP(T15,$O$1:$P$511,2,0) -> 40 | V15: 40
A16: Evgeny Kuznetsov, WAS | B16: 78 | C16: 19 | D16: 52 | E16: 71 | F16: 26 | G16: 9 | H16: 0 | I16: 36 | J16: 261 | M16: Evgeny | N16: Kuznetsov | O16: =M16&" "&N16 -> Evgeny Kuznetsov | P16: 71 | R16: Kevin | S16: Hayes | T16: =R16&" "&S16 -> Kevin Hayes | U16: =VLOOKUP(T16,$O$1:$P$511,2,0) -> 37 | V16: 37
A17: Joe Thornton, SJ | B17: 78 | C17: 17 | D17: 60 | E17: 77 | F17: 20 | G17: 13 | H17: 0 | I17: 53 | J17: 261 | M17: Joe | N17: Thornton | O17: =M17&" "&N17 -> Joe Thornton | P17: 77 | R17: Vladislav | S17: Namestn… | T17: =R17&" "&S17 -> Vladislav Namestn… | U17: =VLOOKUP(T17,$O$1:$P$511,2,0) -> #N/A | V17: #N/A
A18: Logan Couture, SJ | B18: 78 | C18: 26 | D18: 41 | E18: 68 | F18: 8 | G18: 12 | H18: 0 | I18: 32 | J18: 257 | M18: Logan | N18: Couture | O18: =M18&" "&N18 -> Logan Couture | P18: 68 | R18: Pavel | S18: Zacha | T18: =R18&" "&S18 -> Pavel Zacha | U18: =VLOOKUP(T18,$O$1:$P$511,2,0) -> 37 | V18: 37
A19: Ryan Johansen, NSH | B19: 78 | C19: 17 | D19: 46 | E19: 64 | F19: 32 | G19: 13 | H19: 0 | I19: 56 | J19: 257 | M19: Ryan | N19: Johansen | O19: =M19&" "&N19 -> Ryan Johansen | P19: 64 | R19: Alexander | S19: Radulov | T19: =R19&" "&S19 -> Alexander Radulov | U19: =VLOOKUP(T19,$O$1:$P$511,2,0) -> 39 | V19: 39
A20: Mark Scheifele, WPG | B20: 78 | C20: 34 | D20: 36 | E20: 70 | F20: -2 | G20: 8 | H20: 0 | I20: 52 | J20: 248 | M20: Mark | N20: Scheifele | O20: =M20&" "&N20 -> Mark Scheifele | P20: 70 | R20: Jonathan | S20: Drouin | T20: =R20&" "&S20 -> Jonathan Drouin | U20: =VLOOKUP(T20,$O$1:$P$511,2,0) -> 60 | V20: 60
A21: Ryan Kesler, ANA | B21: 78 | C21: 27 | D21: 34 | E21: 62 | F21: 17 | G21: 8 | H21: 0 | I21: 67 | J21: 242 | M21: Ryan | N21: Kesler | O21: =M21&" "&N21 -> Ryan Kesler | P21: 62 | R21: Kyle | S21: Turris | T21: =R21&" "&S21 -> Kyle Turris | U21: =VLOOKUP(T21,$O$1:$P$511,2,0) -> 45 | V21: 45
A22: Tyler Johnson, TB | B22: 78 | C22: 23 | D22: 37 | E22: 60 | F22: 26 | G22: 12 | H22: 0 | I22: 30 | J22: 240 | M22: Tyler | N22: Johnson | O22: =M22&" "&N22 -> Tyler Johnson | P22: 60 | R22: Patrik | S22: Laine | T22: =R22&" "&S22 -> Patrik Laine | U22: =VLOOKUP(T22,$O$1:$P$511,2,0) -> 37 | V22: 37
A23: Derick Brassard, OTT | B23: 78 | C23: 28 | D23: 35 | E23: 63 | F23: 6 | G23: 15 | H23: 0 | I23: 36 | J23: 240 | M23: Derick | N23: Brassard | O23: =M23&" "&N23 -> Derick Brassard | P23: 63 | R23: Zach | S23: Parise | T23: =R23&" "&S23 -> Zach Parise | U23: =VLOOKUP(T23,$O$1:$P$511,2,0) -> 62 | V23: 62
A24: Derek Stepan, NYR | B24: 78 | C24: 26 | D24: 34 | E24: 61 | F24: 13 | G24: 11 | H24: 1 | I24: 22 | J24: 238 | M24: Derek | N24: Stepan | O24: =M24&" "&N24 -> Derek Stepan | P24: 61 | R24: Kristopher | S24: Letang | T24: =R24&" "&S24 -> Kristopher Letang | U24: =VLOOKUP(T24,$O$1:$P$511,2,0) -> #N/A | V24: #N/A
A25: Connor McDavid, EDM | B25: 78 | C25: 28 | D25: 53 | E25: 82 | F25: -25 | G25: 11 | H25: 0 | I25: 29 | J25: 233 | M25: Connor | N25: McDavid | O25: =M25&" "&N25 -> Connor McDavid | P25: 82 | R25: Auston | S25: Matthews | T25: =R25&" "&S25 -> Auston Matthews | U25: =VLOOKUP(T25,$O$1:$P$511,2,0) -> 37 | V25: 37
A26: Brayden Schenn, PHI | B26: 78 | C26: 28 | D26: 35 | E26: 64 | F26: 6 | G26: 11 | H26: 0 | I26: 36 | J26: 232 | M26: Brayden | N26: Schenn | O26: =M26&" "&N26 -> Brayden Schenn | P26: 64 | R26: Ryan | S26: Johansen | T26: =R26&" "&S26 -> Ryan Johansen | U26: =VLOOKUP(T26,$O$1:$P$511,2,0) -> 64 | V26: 64
A27: Alex Galchenyuk, MON | B27: 78 | C27: 32 | D27: 26 | E27: 58 | F27: 9 | G27: 10 | H27: 0 | I27: 22 | J27: 227 | M27: Alex | N27: Galchenyuk | O27: =M27&" "&N27 -> Alex Galchenyuk | P27: 58 | R27: Vincent | S27: Trocheck | T27: =R27&" "&S27 -> Vincent Trocheck | U27: =VLOOKUP(T27,$O$1:$P$511,2,0) -> 55 | V27: 55
A28: Antoine Vermette, ANA | B28: 78 | C28: 22 | D28: 26 | E28: 48 | F28: 38 | G28: 9 | H28: 0 | I28: 86 | J28: 225 | M28: Antoine | N28: Vermette | O28: =M28&" "&N28 -> Antoine Vermette | P28: 48 | R28: Alex | S28: Galchenyuk | T28: =R28&" "&S28 -> Alex Galchenyuk | U28: =VLOOKUP(T28,$O$1:$P$511,2,0) -> 58 | V28: 58
A29: Matt Duchene, COL | B29: 78 | C29: 34 | D29: 30 | E29: 64 | F29: -7 | G29: 8 | H29: 0 | I29: 26 | J29: 218 | M29: Matt | N29: Duchene | O29: =M29&" "&N29 -> Matt Duchene | P29: 64 | R29: Andrew | S29: Ladd | T29: =R29&" "&S29 -> Andrew Ladd | U29: =VLOOKUP(T29,$O$1:$P$511,2,0) -> 49 | V29: 49
A30: Sean Monahan, CGY | B30: 78 | C30: 27 | D30: 32 | E30: 60 | F30: 1 | G30: 11 | H30: 0 | I30: 18 | J30: 216 | M30: Sean | N30: Monahan | O30: =M30&" "&N30 -> Sean Monahan | P30: 60 | R30: Bobby | S30: Ryan | T30: =R30&" "&S30 -> Bobby Ryan | U30: =VLOOKUP(T30,$O$1:$P$511,2,0) -> 60 | V30: 60
A31: Mika Zibanejad, NYR | B31: 78 | C31: 22 | D31: 32 | E31: 54 | F31: 23 | G31: 8 | H31: 1 | I31: 15 | J31: 212 | M31: Mika | N31: Zibanejad | O31: =M31&" "&N31 -> Mika Zibanejad | P31: 54 | R31: Jaden | S31: Schwartz | T31: =R31&" "&S31 -> Jaden Schwartz | U31: =VLOOKUP(T31,$O$1:$P$511,2,0) -> 49 | V31: 49
A32: Aleksander Barkov, FLA | B32: 78 | C32: 32 | D32: 32 | E32: 65 | F32: -22 | G32: 10 | H32: 1 | I32: 11 | J32: 210 | M32: Aleksander | N32: Barkov | O32: =M32&" "&N32 -> Aleksander Barkov | P32: 65 | R32: Artemi | S32: Panarin | T32: =R32&" "&S32 -> Artemi Panarin | U32: =VLOOKUP(T32,$O$1:$P$511,2,0) -> 84 | V32: 84
A33: Tomas Plekanec, MON | B33: 78 | C33: 15 | D33: 40 | E33: 55 | F33: 15 | G33: 8 | H33: 0 | I33: 40 | J33: 207 | M33: Tomas | N33: Plekanec | O33: =M33&" "&N33 -> Tomas Plekanec | P33: 55 | R33: Tyler | S33: Johnson | T33: =R33&" "&S33 -> Tyler Johnson | U33: =VLOOKUP(T33,$O$1:$P$511,2,0) -> 60 | V33: 60
A34: Nathan MacKinnon, COL | B34: 78 | C34: 24 | D34: 33 | E34: 58 | F34: -12 | G34: 9 | H34: 0 | I34: 24 | J34: 207 | M34: Nathan | N34: MacKinnon | O34: =M34&" "&N34 -> Nathan MacKinnon | P34: 58 | R34: Milan | S34: Lucic | T34: =R34&" "&S34 -> Milan Lucic | U34: =VLOOKUP(T34,$O$1:$P$511,2,0) -> 49 | V34: 49
A35: Rickard Rakell, ANA | B35: 78 | C35: 25 | D35: 27 | E35: 53 | F35: 15 | G35: 5 | H35: 0 | I35: 17 | J35: 205 | M35: Rickard | N35: Rakell | O35: =M35&" "&N35 -> Rickard Rakell | P35: 53 | R35: Aleksander | S35: Barkov | T35: =R35&" "&S35 -> Aleksander Barkov | U35: =VLOOKUP(T35,$O$1:$P$511,2,0) -> 65 | V35: 65
A36: Nazem Kadri, TOR | B36: 78 | C36: 20 | D36: 30 | E36: 51 | F36: -19 | G36: 9 | H36: 0 | I36: 94 | J36: 200 | M36: Nazem | N36: Kadri | O36: =M36&" "&N36 -> Nazem Kadri | P36: 51 | R36: Filip | S36: Forsberg | T36: =R36&" "&S36 -> Filip Forsberg | U36: =VLOOKUP(T36,$O$1:$P$511,2,0) -> 64 | V36: 64
... A39: Paul Stastny, STL | B39: 78 | C39: 13 | D39: 47 | E39: 60 | F39: 7 | G39: 8 | H39: 0 | I39: 42 | J39: 198 | M39: Paul | N39: Stastny | O39: =M39&" "&N39 -> Paul Stastny | P39: 60 | R39: Sidney | S39: Crosby | T39: =R39&" "&S39 -> Sidney Crosby | U39: =VLOOKUP(T39,$O$1:$P$511,2,0) -> 89 | V39: 89
A40: Ryan Spooner, BOS | B40: 78 | C40: 14 | D40: 38 | E40: 52 | F40: 13 | G40: 10 | H40: 0 | I40: 33 | J40: 198 | M40: Ryan | N40: Spooner | O40: =M40&" "&N40 -> Ryan Spooner | P40: 52 | R40: Ryan | S40: Nugent-Hopki… | T40: =R40&" "&S40 -> Ryan Nugent-Hopki… | U40: =VLOOKUP(T40,$O$1:$P$511,2,0) -> #N/A | V40: #N/A
A41: Nick Bonino, PIT | B41: 78 | C41: 13 | D41: 34 | E41: 48 | F41: 37 | G41: 2 | H41: 1 | I41: 47 | J41: 196 | M41: Nick | N41: Bonino | O41: =M41&" "&N41 -> Nick Bonino | P41: 48 | R41: Thomas | S41: Vanek | T41: =R41&" "&S41 -> Thomas Vanek | U41: =VLOOKUP(T41,$O$1:$P$511,2,0) -> 44 | V41: 44
A42: Artem Anisimov, CHI | B42: 78 | C42: 24 | D42: 22 | E42: 47 | F42: 29 | G42: 5 | H42: 2 | I42: 15 | J42: 193 | M42: Artem | N42: Anisimov | O42: =M42&" "&N42 -> Artem Anisimov | P42: 47 | R42: Sean | S42: Couturier | T42: =R42&" "&S42 -> Sean Couturier | U42: =VLOOKUP(T42,$O$1:$P$511,2,0) -> 52 | V42: 52
A43: Vincent Trocheck, FLA | B43: 78 | C43: 25 | D43: 29 | E43: 55 | F43: -14 | G43: 7 | H43: 0 | I43: 43 | J43: 186 | M43: Vincent | N43: Trocheck | O43: =M43&" "&N43 -> Vincent Trocheck | P43: 55 | R43: Patrick | S43: Marleau | T43: =R43&" "&S43 -> Patrick Marleau | U43: =VLOOKUP(T43,$O$1:$P$511,2,0) -> 47 | V43: 47
A44: Dylan Larkin, DET | B44: 78 | C44: 24 | D44: 22 | E44: 47 | F44: 3 | G44: 2 | H44: 0 | I44: 47 | J44: 184 | M44: Dylan | N44: Larkin | O44: =M44&" "&N44 -> Dylan Larkin | P44: 47 | R44: John | S44: Carlson | T44: =R44&" "&S44 -> John Carlson | U44: =VLOOKUP(T44,$O$1:$P$511,2,0) -> 63 | V44: 63
A45: Adam Henrique, NJ | B45: 78 | C45: 34 | D45: 22 | E45: 56 | F45: -12 | G45: 5 | H45: 1 | I45: 23 | J45: 182 | M45: Adam | N45: Henrique | O45: =M45&" "&N45 -> Adam Henrique | P45: 56 | R45: Evgeny | S45: Kuznetsov | T45: =R45&" "&S45 -> Evgeny Kuznetsov | U45: =VLOOKUP(T45,$O$1:$P$511,2,0) -> 71 | V45: 71
A46: Mike Ribeiro, NSH | B46: 78 | C46: 6 | D46: 43 | E46: 50 | F46: 22 | G46: 8 | H46: 0 | I46: 64 | J46: 178 | M46: Mike | N46: Ribeiro | O46: =M46&" "&N46 -> Mike Ribeiro | P46: 50 | R46: Eric | S46: Staal | T46: =R46&" "&S46 -> Eric Staal | U46: =VLOOKUP(T46,$O$1:$P$511,2,0) -> 36 | V46: 36
A47: Zack Smith, OTT | B47: 78 | C47: 26 | D47: 12 | E47: 38 | F47: 18 | G47: 3 | H47: 3 | I47: 82 | J47: 176 | M47: Zack | N47: Smith | O47: =M47&" "&N47 -> Zack Smith | P47: 38 | R47: Connor | S47: McDavid | T47: =R47&" "&S47 -> Connor McDavid | U47: =VLOOKUP(T47,$O$1:$P$511,2,0) -> 82 | V47: 82
A48: Robby Fabbri, STL | B48: 78 | C48: 21 | D48: 28 | E48: 50 | F48: 10 | G48: 5 | H48: 0 | I48: 28 | J48: 176 | M48: Robby | N48: Fabbri | O48: =M48&" "&N48 -> Robby Fabbri | P48: 50 | R48: Rick | S48: Nash | T48: =R48&" "&S48 -> Rick Nash | U48: =VLOOKUP(T48,$O$1:$P$511,2,0) -> 51 | V48: 51
A49: J.T. Miller, NYR | B49: 78 | C49: 22 | D49: 23 | E49: 45 | F49: 18 | G49: 2 | H49: 0 | I49: 50 | J49: 176 | M49: J.T. | N49: Miller | O49: =M49&" "&N49 -> J.T. Miller | P49: 45 | R49: Kyle | S49: Okposo | T49: =R49&" "&S49 -> Kyle Okposo | U49: =VLOOKUP(T49,$O$1:$P$511,2,0) -> 54 | V49: 54
A50: Mathieu Perreault, WPG | B50: 78 | C50: 11 | D50: 40 | E50: 51 | F50: -8 | G50: 12 | H50: 0 | I50: 37 | J50: 172 | M50: Mathieu | N50: Perreault | O50: =M50&" "&N50 -> Mathieu Perreault | P50: 51 | R50: Sam | S50: Reinhart | T50: =R50&" "&S50 -> Sam Reinhart | U50: =VLOOKUP(T50,$O$1:$P$511,2,0) -> 41 | V50: 41
A51: Sean Couturier, PHI | B51: 78 | C51: 15 | D51: 36 | E51: 52 | F51: 1 | G51: 4 | H51: 0 | I51: 37 | J51: 172 | M51: Sean | N51: Couturier | O51: =M51&" "&N51 -> Sean Couturier | P51: 52 | R51: Brendan | S51: Gallagher | T51: =R51&" "&S51 -> Brendan Gallagher | U51: =VLOOKUP(T51,$O$1:$P$511,2,0) -> 57 | V51: 57
A52: Brandon Dubinsky, CLB | B52: 78 | C52: 19 | D52: 33 | E52: 52 | F52: -18 | G52: 6 | H52: 0 | I52: 75 | J52: 171 | M52: Brandon | N52: Dubinsky | O52: =M52&" "&N52 -> Brandon Dubinsky | P52: 52 | R52: Tyler | S52: Seguin | T52: =R52&" "&S52 -> Tyler Seguin | U52: =VLOOKUP(T52,$O$1:$P$511,2,0) -> 82 | V52: 82
... A79: Vladislav Namestnikov, TB | B79: 78 | C79: 14 | D79: 22 | E79: 36 | F79: 24 | G79: 2 | H79: 0 | I79: 37 | J79: 146 | M79: Vladislav | N79: Namestnikov | O79: =M79&" "&N79 -> Vladislav Namestnikov | P79: 36 | R79: Henrik | S79: Sedin | T79: =R79&" "&S79 -> Henrik Sedin | U79: =VLOOKUP(T79,$O$1:$P$511,2,0) -> 69 | V79: 69
A80: Joe Colborne, COL | B80: 78 | C80: 20 | D80: 24 | E80: 45 | F80: -3 | G80: 3 | H80: 0 | I80: 33 | J80: 145 | M80: Joe | N80: Colborne | O80: =M80&" "&N80 -> Joe Colborne | P80: 45 | R80: James | S80: van Riemsdyk | T80: =R80&" "&S80 -> James van Riemsdyk | U80: =VLOOKUP(T80,$O$1:$P$511,2,0) -> #N/A | V80: #N/A
A81: Ryan Nugent-Hopkins, EDM | B81: 78 | C81: 18 | D81: 31 | E81: 50 | F81: -29 | G81: 8 | H81: 0 | I81: 31 | J81: 143 | M81: Ryan | N81: Nugent-Hopkins | O81: =M81&" "&N81 -> Ryan Nugent-Hopkins | P81: 50 | R81: Nino | S81: Niederreiter | T81: =R81&" "&S81 -> Nino Niederreiter | U81: =VLOOKUP(T81,$O$1:$P$511,2,0) -> 44 | V81: 44
A82: Bo Horvat, VAN | B82: 78 | C82: 18 | D82: 26 | E82: 44 | F82: -16 | G82: 7 | H82: 0 | I82: 19 | J82: 141 | M82: Bo | N82: Horvat | O82: =M82&" "&N82 -> Bo Horvat | P82: 44 | R82: John | S82: Tavares | T82: =R82&" "&S82 -> John Tavares | U82: =VLOOKUP(T82,$O$1:$P$511,2,0) -> 76 | V82: 76
A83: Frank Vatrano, BOS | B83: 78 | C83: 20 | D83: 4 | E83: 24 | F83: 12 | G83: 0 | H83: 0 | I83: 24 | J83: 136 | M83: Frank | N83: Vatrano | O83: =M83&" "&N83 -> Frank Vatrano | P83: 24 | R83: Ryan | S83: Getzlaf | T83: =R83&" "&S83 -> Ryan Getzlaf | U83: =VLOOKUP(T83,$O$1:$P$511,2,0) -> 75 | V83: 75
A84: Tyler Ennis, BUF | B84: 78 | C84: 12 | D84: 31 | E84: 43 | F84: -34 | G84: 7 | H84: 0 | I84: 61 | J84: 133 | M84: Tyler | N84: Ennis | O84: =M84&" "&N84 -> Tyler Ennis | P84: 43 | R84: Jakob | S84: Silfverberg | T84: =R84&" "&S84 -> Jakob Silfverberg | U84: =VLOOKUP(T84,$O$1:$P$511,2,0) -> 45 | V84: 45
A85: Alexander Wennberg, CLB | B85: 78 | C85: 9 | D85: 39 | E85: 49 | F85: -14 | G85: 8 | H85: 0 | I85: 2 | J85: 133 | M85: Alexander | N85: Wennberg | O85: =M85&" "&N85 -> Alexander Wennberg | P85: 49 | R85: Alex | S85: Pietrangelo | T85: =R85&" "&S85 -> Alex Pietrangelo | U85: =VLOOKUP(T85,$O$1:$P$511,2,0) -> 41 | V85: 41
A86: Brian Boyle, TB | B86: 78 | C86: 18 | D86: 7 | E86: 25 | F86: 16 | G86: 1 | H86: 0 | I86: 66 | J86: 132 | M86: Brian | N86: Boyle | O86: =M86&" "&N86 -> Brian Boyle | P86: 25 | R86: Daniel | S86: Sedin | T86: =R86&" "&S86 -> Daniel Sedin | U86: =VLOOKUP(T86,$O$1:$P$511,2,0) -> 68 | V86: 68
A87: Jori Lehtera, STL | B87: 78 | C87: 10 | D87: 26 | E87: 36 | F87: 12 | G87: 3 | H87: 0 | I87: 39 | J87: 132 | M87: Jori | N87: Lehtera | O87: =M87&" "&N87 -> Jori Lehtera | P87: 36 | R87: James | S87: Neal | T87: =R87&" "&S87 -> James Neal | U87: =VLOOKUP(T87,$O$1:$P$511,2,0) -> 61 | V87: 61
A88: Radek Faksa, DAL | B88: 78 | C88: 11 | D88: 11 | E88: 23 | F88: 38 | G88: 0 | H88: 0 | I88: 29 | J88: 132 | M88: Radek | N88: Faksa | O88: =M88&" "&N88 -> Radek Faksa | P88: 23 | R88: Bryan | S88: Little | T88: =R88&" "&S88 -> Bryan Little | U88: =VLOOKUP(T88,$O$1:$P$511,2,0) -> 63 | V88: 63
A89: Patrik Berglund, STL | B89: 78 | C89: 18 | D89: 12 | E89: 31 | F89: 7 | G89: 2 | H89: 0 | I89: 24 | J89: 131 | M89: Patrik | N89: Berglund | O89: =M89&" "&N89 -> Patrik Berglund | P89: 31 | R89: Joe | S89: Pavelski | T89: =R89&" "&S89 -> Joe Pavelski | U89: =VLOOKUP(T89,$O$1:$P$511,2,0) -> 78 | V89: 78
A90: Mike Fisher, NSH | B90: 78 | C90: 18 | D90: 12 | E90: 30 | F90: 9 | G90: 3 | H90: 0 | I90: 28 | J90: 131 | M90: Mike | N90: Fisher | O90: =M90&" "&N90 -> Mike Fisher | P90: 30 | R90: Anze | S90: Kopitar | T90: =R90&" "&S90 -> Anze Kopitar | U90: =VLOOKUP(T90,$O$1:$P$511,2,0) -> 75 | V90: 75
A91: Linden Vey, CGY | B91: 78 | C91: 10 | D91: 27 | E91: 38 | F91: 6 | G91: 9 | H91: 0 | I91: 15 | J91: 129 | M91: Linden | N91: Vey | O91: =M91&" "&N91 -> Linden Vey | P91: 38 | R91: Brayden | S91: Schenn | T91: =R91&" "&S91 -> Brayden Schenn | U91: =VLOOKUP(T91,$O$1:$P$511,2,0) -> 64 | V91: 64
A92: Eric Staal, MIN | B92: 78 | C92: 12 | D92: 24 | E92: 36 | F92: -15 | G92: 3 | H92: 0 | I92: 43 | J92: 128 | M92: Eric | N92: Staal | O92: =M92&" "&N92 -> Eric Staal | P92: 36 | R92: Nikolaj | S92: Ehlers | T92: =R92&" "&S92 -> Nikolaj Ehlers | U92: =VLOOKUP(T92,$O$1:$P$511,2,0) -> 42 | V92: 42
... A128: Andy Andreoff, LA | B128: 78 | C128: 11 | D128: 2 | E128: 14 | F128: 0 | G128: 0 | H128: 0 | I128: 83 | J128: 75 | M128: Andy | N128: Andreoff | O128: =M128&" "&N128 -> Andy Andreoff | P128: 14 | R128: Dustin | S128: Byfuglien | T128: =R128&" "&S128 -> Dustin Byfuglien | U128: =VLOOKUP(T128,$O$1:$P$511,2,0) -> 56 | V128: 56
A129: Marcus Kruger, CHI | B129: 78 | C129: 0 | D129: 8 | E129: 8 | F129: 18 | G129: 0 | H129: 0 | I129: 41 | J129: 69 | M129: Marcus | N129: Kruger | O129: =M129&" "&N129 -> Marcus Kruger | P129: 8 | R129: Alexander | S129: Ovechkin | T129: =R129&" "&S129 -> Alexander Ovechkin | U129: =VLOOKUP(T129,$O$1:$P$511,2,0) -> #N/A | V129: #N/A
A130: Joakim Nordstrom, CAR | B130: 78 | C130: 11 | D130: 16 | E130: 28 | F130: -25 | G130: 0 | H130: 0 | I130: 16 | J130: 68 | M130: Joakim | N130: Nordstrom | O130: =M130&" "&N130 -> Joakim Nordstrom | P130: 28 | R130: Jaromir | S130: Jagr | T130: =R130&" "&S130 -> Jaromir Jagr | U130: =VLOOKUP(T130,$O$1:$P$511,2,0) -> 60 | V130: 60
A131: Phillip Danault, MON | B131: 78 | C131: 6 | D131: 9 | E131: 15 | F131: 0 | G131: 0 | H131: 0 | I131: 26 | J131: 67 | M131: Phillip | N131: Danault | O131: =M131&" "&N131 -> Phillip Danault | P131: 15 | R131: Alexander | S131: Steen | T131: =R131&" "&S131 -> Alexander Steen | U131: =VLOOKUP(T131,$O$1:$P$511,2,0) -> 62 | V131: 62
A132: Laurent Dauphin, ARI | B132: 78 | C132: 12 | D132: 12 | E132: 25 | F132: -33 | G132: 3 | H132: 0 | I132: 31 | J132: 66 | M132: Laurent | N132: Dauphin | O132: =M132&" "&N132 -> Laurent Dauphin | P132: 25 | R132: Robby | S132: Fabbri | T132: =R132&" "&S132 -> Robby Fabbri | U132: =VLOOKUP(T132,$O$1:$P$511,2,0) -> 50 | V132: 50
A133: Mark Letestu, EDM | B133: 78 | C133: 10 | D133: 14 | E133: 25 | F133: -32 | G133: 6 | H133: 1 | I133: 10 | J133: 65 | M133: Mark | N133: Letestu | O133: =M133&" "&N133 -> Mark Letestu | P133: 25 | R133: Paul | S133: Stastny | T133: =R133&" "&S133 -> Paul Stastny | U133: =VLOOKUP(T133,$O$1:$P$511,2,0) -> 60 | V133: 60
A134: Stephen Gionta, NYI | B134: 78 | C134: 1 | D134: 13 | E134: 14 | F134: 8 | G134: 0 | H134: 0 | I134: 42 | J134: 62 | M134: Stephen | N134: Gionta | O134: =M134&" "&N134 -> Stephen Gionta | P134: 14 | R134: Jonathan | S134: Toews | T134: =R134&" "&S134 -> Jonathan Toews | U134: =VLOOKUP(T134,$O$1:$P$511,2,0) -> 64 | V134: 64
A135: Nick Shore, LA | B135: 78 | C135: 3 | D135: 8 | E135: 12 | F135: -3 | G135: 1 | H135: 0 | I135: 39 | J135: 62 | M135: Nick | N135: Shore | O135: =M135&" "&N135 -> Nick Shore | P135: 12 | R135: Max | S135: Domi | T135: =R135&" "&S135 -> Max Domi | U135: =VLOOKUP(T135,$O$1:$P$511,2,0) -> 51 | V135: 51
A136: Brian Flynn, MON | B136: 78 | C136: 6 | D136: 8 | E136: 14 | F136: -2 | G136: 0 | H136: 1 | I136: 10 | J136: 60 | M136: Brian | N136: Flynn | O136: =M136&" "&N136 -> Brian Flynn | P136: 14 | R136: Joe | S136: Thornton | T136: =R136&" "&S136 -> Joe Thornton | U136: =VLOOKUP(T136,$O$1:$P$511,2,0) -> 77 | V136: 77
A137: Marko Dano, WPG | B137: 78 | C137: 11 | D137: 10 | E137: 22 | F137: -34 | G137: 1 | H137: 0 | I137: 33 | J137: 59 | M137: Marko | N137: Dano | O137: =M137&" "&N137 -> Marko Dano | P137: 22 | R137: Jarome | S137: Iginla | T137: =R137&" "&S137 -> Jarome Iginla | U137: =VLOOKUP(T137,$O$1:$P$511,2,0) -> 47 | V137: 47
A138: Kyle Brodziak, STL | B138: 78 | C138: 8 | D138: 3 | E138: 11 | F138: 5 | G138: 0 | H138: 1 | I138: 36 | J138: 58 | M138: Kyle | N138: Brodziak | O138: =M138&" "&N138 -> Kyle Brodziak | P138: 11 | R138: Justin | S138: Faulk | T138: =R138&" "&S138 -> Justin Faulk | U138: =VLOOKUP(T138,$O$1:$P$511,2,0) -> 48 | V138: 48
A139: Jacob Josefson, NJ | B139: 78 | C139: 6 | D139: 14 | E139: 20 | F139: -34 | G139: 5 | H139: 0 | I139: 27 | J139: 56 | M139: Jacob | N139: Josefson | O139: =M139&" "&N139 -> Jacob Josefson | P139: 20 | R139: Ryan | S139: Spooner | T139: =R139&" "&S139 -> Ryan Spooner | U139: =VLOOKUP(T139,$O$1:$P$511,2,0) -> 52 | V139: 52
A140: Teuvo Teravainen, CAR | B140: 78 | C140: 10 | D140: 18 | E140: 29 | F140: -54 | G140: 3 | H140: 0 | I140: 20 | J140: 56 | M140: Teuvo | N140: Teravainen | O140: =M140&" "&N140 -> Teuvo Teravainen | P140: 29 | R140: Blake | S140: Wheeler | T140: =R140&" "&S140 -> Blake Wheeler | U140: =VLOOKUP(T140,$O$1:$P$511,2,0) -> 80 | V140: 80
A141: Chris VandeVelde, PHI | B141: 78 | C141: 3 | D141: 12 | E141: 15 | F141: 0 | G141: 0 | H141: 0 | I141: 24 | J141: 55 | M141: Chris | N141: VandeVelde | O141: =M141&" "&N141 -> Chris VandeVelde | P141: 15 | R141: Patrick | S141: Kane | T141: =R141&" "&S141 -> Patrick Kane | U141: =VLOOKUP(T141,$O$1:$P$511,2,0) -> 112 | V141: 112
... A157: Corey Perry, ANA | B157: 78 | C157: 36 | D157: 32 | E157: 68 | F157: 11 | G157: 13 | H157: 0 | I157: 60 | J157: 275 | M157: Corey | N157: Perry | O157: =M157&" "&N157 -> Corey Perry | P157: 68 | R157: Wayne | S157: Simmonds | T157: =R157&" "&S157 -> Wayne Simmonds | U157: =VLOOKUP(T157,$O$1:$P$511,2,0) -> 65 | V157: 65
A158: James Neal, NSH | B158: 78 | C158: 32 | D158: 28 | E158: 61 | F158: 29 | G158: 7 | H158: 0 | I158: 58 | J158: 275 | M158: James | N158: Neal | O158: =M158&" "&N158 -> James Neal | P158: 61 | R158: Oliver | S158: Ekman-Lars… | T158: =R158&" "&S158 -> Oliver Ekman-Lars… | U158: =VLOOKUP(T158,$O$1:$P$511,2,0) -> #N/A | V158: #N/A
A159: Wayne Simmonds, PHI | B159: 78 | C159: 34 | D159: 30 | E159: 65 | F159: 0 | G159: 11 | H159: 0 | I159: 143 | J159: 271 | M159: Wayne | N159: Simmonds | O159: =M159&" "&N159 -> Wayne Simmonds | P159: 65 | R159: Jack | S159: Eichel | T159: =R159&" "&S159 -> Jack Eichel | U159: =VLOOKUP(T159,$O$1:$P$511,2,0) -> 54 | V159: 54
A160: Blake Wheeler, WPG | B160: 78 | C160: 27 | D160: 53 | E160: 80 | F160: -6 | G160: 11 | H160: 2 | I160: 46 | J160: 270 | M160: Blake | N160: Wheeler | O160: =M160&" "&N160 -> Blake Wheeler | P160: 80 | R160: Mark | S160: Giordano | T160: =R160&" "&S160 -> Mark Giordano | U160: =VLOOKUP(T160,$O$1:$P$511,2,0) -> 52 | V160: 52
A161: Patric Hornqvist, PIT | B161: 78 | C161: 27 | D161: 27 | E161: 55 | F161: 35 | G161: 9 | H161: 0 | I161: 43 | J161: 263 | M161: Patric | N161: Hornqvist | O161: =M161&" "&N161 -> Patric Hornqvist | P161: 55 | R161: Tomas | S161: Tatar | T161: =R161&" "&S161 -> Tomas Tatar | U161: =VLOOKUP(T161,$O$1:$P$511,2,0) -> 48 | V161: 48
A162: Mark Stone, OTT | B162: 78 | C162: 26 | D162: 44 | E162: 71 | F162: 12 | G162: 11 | H162: 1 | I162: 41 | J162: 249 | M162: Mark | N162: Stone | O162: =M162&" "&N162 -> Mark Stone | P162: 71 | R162: T.J. | S162: Oshie | T162: =R162&" "&S162 -> T.J. Oshie | U162: =VLOOKUP(T162,$O$1:$P$511,2,0) -> 56 | V162: 56
A163: Jakub Voracek, PHI | B163: 78 | C163: 15 | D163: 50 | E163: 66 | F163: 6 | G163: 13 | H163: 0 | I163: 40 | J163: 237 | M163: Jakub | N163: Voracek | O163: =M163&" "&N163 -> Jakub Voracek | P163: 66 | R163: Mikkel | S163: Boedker | T163: =R163&" "&S163 -> Mikkel Boedker | U163: =VLOOKUP(T163,$O$1:$P$511,2,0) -> 58 | V163: 58
A164: Brendan Gallagher, MON | B164: 78 | C164: 28 | D164: 29 | E164: 57 | F164: 7 | G164: 8 | H164: 0 | I164: 46 | J164: 236 | M164: Brendan | N164: Gallagher | O164: =M164&" "&N164 -> Brendan Gallagher | P164: 57 | R164: Brandon | S164: Saad | T164: =R164&" "&S164 -> Brandon Saad | U164: =VLOOKUP(T164,$O$1:$P$511,2,0) -> 54 | V164: 54
A165: T.J. Oshie, WAS | B165: 78 | C165: 29 | D165: 27 | E165: 56 | F165: 24 | G165: 9 | H165: 0 | I165: 41 | J165: 236 | M165: T.J. | N165: Oshie | O165: =M165&" "&N165 -> T.J. Oshie | P165: 56 | R165: Mark | S165: Stone | T165: =R165&" "&S165 -> Mark Stone | U165: =VLOOKUP(T165,$O$1:$P$511,2,0) -> 71 | V165: 71
A166: Mats Zuccarello, NYR | B166: 78 | C166: 27 | D166: 34 | E166: 62 | F166: 15 | G166: 11 | H166: 0 | I166: 39 | J166: 234 | M166: Mats | N166: Zuccarello | O166: =M166&" "&N166 -> Mats Zuccarello | P166: 62 | R166: Nicklas | S166: Backstrom | T166: =R166&" "&S166 -> Nicklas Backstrom | U166: =VLOOKUP(T166,$O$1:$P$511,2,0) -> 78 | V166: 78
A167: Marian Hossa, CHI | B167: 78 | C167: 21 | D167: 28 | E167: 49 | F167: 31 | G167: 7 | H167: 3 | I167: 30 | J167: 233 | M167: Marian | N167: Hossa | O167: =M167&" "&N167 -> Marian Hossa | P167: 49 | R167: Duncan | S167: Keith | T167: =R167&" "&S167 -> Duncan Keith | U167: =VLOOKUP(T167,$O$1:$P$511,2,0) -> 58 | V167: 58
A168: Tyler Toffoli, LA | B168: 78 | C168: 30 | D168: 26 | E168: 57 | F168: 19 | G168: 5 | H168: 0 | I168: 20 | J168: 230 | M168: Tyler | N168: Toffoli | O168: =M168&" "&N168 -> Tyler Toffoli | P168: 57 | R168: Chris | S168: Kreider | T168: =R168&" "&S168 -> Chris Kreider | U168: =VLOOKUP(T168,$O$1:$P$511,2,0) -> 46 | V168: 46
A169: P.A. Parenteau, NYI | B169: 78 | C169: 25 | D169: 24 | E169: 50 | F169: 25 | G169: 7 | H169: 0 | I169: 76 | J169: 223 | M169: P.A. | N169: Parenteau | O169: =M169&" "&N169 -> P.A. Parenteau | P169: 50 | R169: Justin | S169: Williams | T169: =R169&" "&S169 -> Justin Williams | U169: =VLOOKUP(T169,$O$1:$P$511,2,0) -> 53 | V169: 53
A170: Jiri Hudler, DAL | B170: 78 | C170: 19 | D170: 34 | E170: 54 | F170: 44 | G170: 8 | H170: 0 | I170: 36 | J170: 222 | M170: Jiri | N170: Hudler | O170: =M170&" "&N170 -> Jiri Hudler | P170: 54 | R170: Mats | S170: Zuccarello | T170: =R170&" "&S170 -> Mats Zuccarello | U170: =VLOOKUP(T170,$O$1:$P$511,2,0) -> 62 | V170: 62
... A176: Shane Doan, ARI | B176: 78 | C176: 31 | D176: 20 | E176: 51 | F176: -17 | G176: 8 | H176: 0 | I176: 90 | J176: 194 | M176: Shane | N176: Doan | O176: =M176&" "&N176 -> Shane Doan | P176: 51 | R176: Marian | S176: Hossa | T176: =R176&" "&S176 -> Marian Hossa | U176: =VLOOKUP(T176,$O$1:$P$511,2,0) -> 49 | V176: 49
A177: Jakob Silfverberg, ANA | B177: 78 | C177: 21 | D177: 24 | E177: 45 | F177: 18 | G177: 2 | H177: 0 | I177: 31 | J177: 191 | M177: Jakob | N177: Silfverberg | O177: =M177&" "&N177 -> Jakob Silfverberg | P177: 45 | R177: Tobias | S177: Rieder | T177: =R177&" "&S177 -> Tobias Rieder | U177: =VLOOKUP(T177,$O$1:$P$511,2,0) -> #N/A | V177: #N/A
A178: Jaromir Jagr, FLA | B178: 78 | C178: 24 | D178: 36 | E178: 60 | F178: -15 | G178: 6 | H178: 0 | I178: 48 | J178: 187 | M178: Jaromir | N178: Jagr | O178: =M178&" "&N178 -> Jaromir Jagr | P178: 60 | R178: Troy | S178: Brouwer | T178: =R178&" "&S178 -> Troy Brouwer | U178: =VLOOKUP(T178,$O$1:$P$511,2,0) -> 41 | V178: 41
A179: Teddy Purcell, LA | B179: 78 | C179: 17 | D179: 29 | E179: 47 | F179: 24 | G179: 7 | H179: 0 | I179: 13 | J179: 187 | M179: Teddy | N179: Purcell | O179: =M179&" "&N179 -> Teddy Purcell | P179: 47 | R179: Jori | S179: Lehtera | T179: =R179&" "&S179 -> Jori Lehtera | U179: =VLOOKUP(T179,$O$1:$P$511,2,0) -> 36 | V179: 36
A180: Ryan Hartman, CHI | B180: 78 | C180: 16 | D180: 24 | E180: 40 | F180: 38 | G180: 4 | H180: 0 | I180: 27 | J180: 183 | M180: Ryan | N180: Hartman | O180: =M180&" "&N180 -> Ryan Hartman | P180: 40 | R180: William | S180: Nylander | T180: =R180&" "&S180 -> William Nylander | U180: =VLOOKUP(T180,$O$1:$P$511,2,0) -> 52 | V180: 52
A181: David Pastrnak, BOS | B181: 78 | C181: 25 | D181: 17 | E181: 42 | F181: 22 | G181: 1 | H181: 0 | I181: 32 | J181: 180 | M181: David | N181: Pastrnak | O181: =M181&" "&N181 -> David Pastrnak | P181: 42 | R181: Drew | S181: Stafford | T181: =R181&" "&S181 -> Drew Stafford | U181: =VLOOKUP(T181,$O$1:$P$511,2,0) -> 40 | V181: 40
A182: Jordan Eberle, EDM | B182: 78 | C182: 31 | D182: 27 | E182: 59 | F182: -28 | G182: 8 | H182: 0 | I182: 16 | J182: 179 | M182: Jordan | N182: Eberle | O182: =M182&" "&N182 -> Jordan Eberle | P182: 59 | R182: Jake | S182: Muzzin | T182: =R182&" "&S182 -> Jake Muzzin | U182: =VLOOKUP(T182,$O$1:$P$511,2,0) -> 41 | V182: 41
A183: Cam Atkinson, CLB | B183: 78 | C183: 27 | D183: 25 | E183: 53 | F183: -18 | G183: 6 | H183: 0 | I183: 20 | J183: 177 | M183: Cam | N183: Atkinson | O183: =M183&" "&N183 -> Cam Atkinson | P183: 53 | R183: Brent | S183: Seabrook | T183: =R183&" "&S183 -> Brent Seabrook | U183: =VLOOKUP(T183,$O$1:$P$511,2,0) -> 50 | V183: 50
...
