Workbook

Sheet Liste
A1: Colonne1 | B1: Prenom | C1: Nom | D1: Colonne32 | E1: Lepool.com | F1: HM | G1: Pool Pro | H1: HN | I1: ESPN | J1: CBS | K1: Moyenne | L1: Écart-type | M1: Moy. Sans HM | N1: Moy - HM
B2: Patrick | C2: Kane | E2: 89 | F2: 90 | G2: 95 | H2: 90 | I2: 91 | J2: 112 | K2: =AVERAGE(Tableau1[[#This Row],[Lepool.com]:[CBS]]) -> 94.5 | L2: =_xlfn.STDEV.S(Tableau1[[#This Row],[Lepool.com]:[CBS]]) -> 8.8260977 | M2: =AVERAGE(E2,G2,H2,I2,Tableau1[[#This Row],[CBS]]) -> 95.4 | N2: =AVERAGE(E2,G2,H2,I2,Tableau1[[#This Row],[CBS]])-Tableau1[[#This Row],[HM]] -> 5.4 | Q2: =VLOOKUP(P2,Tableau1[[Nom]:[Moyenne]],9,0) -> #N/A | R2: =VLOOKUP(P2,Tableau1[[Nom]:[Écart-type]],10,0) -> #N/A | S2: =Q2-R2 -> #N/A | T2: =Q2+R2 -> #N/A
B3: Sidney | C3: Crosby | E3: 87 | F3: 93 | G3: 102 | H3: 95 | I3: 93 | J3: 89 | K3: =AVERAGE(Tableau1[[#This Row],[Lepool.com]:[CBS]]) -> 93.166667 | L3: =_xlfn.STDEV.S(Tableau1[[#This Row],[Lepool.com]:[CBS]]) -> 5.231316 | M3: =AVERAGE(E3,G3,H3,I3,Tableau1[[#This Row],[CBS]]) -> 93.2 | N3: =AVERAGE(E3,G3,H3,I3,Tableau1[[#This Row],[CBS]])-Tableau1[[#This Row],[HM]] -> 0.2 | P3: Hedman | Q3: =VLOOKUP(P3,Tableau1[[Nom]:[Moyenne]],9,0) -> 51.666667 | R3: =VLOOKUP(P3,Tableau1[[Nom]:[Écart-type]],10,0) -> 4.6761808 | S3: =Q3-R3 -> 46.990486 | T3: =Q3+R3 -> 56.342847
B4: Jamie | C4: Benn | E4: 90 | F4: 92 | G4: 91 | H4: 82 | I4: 93 | J4: 92 | K4: =AVERAGE(Tableau1[[#This Row],[Lepool.com]:[CBS]]) -> 90 | L4: =_xlfn.STDEV.S(Tableau1[[#This Row],[Lepool.com]:[CBS]]) -> 4.0496913 | M4: =AVERAGE(E4,G4,H4,I4,Tableau1[[#This Row],[CBS]]) -> 89.6 | N4: =AVERAGE(E4,G4,H4,I4,Tableau1[[#This Row],[CBS]])-Tableau1[[#This Row],[HM]] -> -2.4 | P4: Klingberg | Q4: =VLOOKUP(P4,Tableau1[[Nom]:[Moyenne]],9,0) -> 56.833333 | R4: =VLOOKUP(P4,Tableau1[[Nom]:[Écart-type]],10,0) -> 2.4013885 | S4: =Q4-R4 -> 54.431945 | T4: =Q4+R4 -> 59.234722
B5: Connor | C5: McDavid | E5: 90 | F5: 87 | G5: 85 | H5: 96 | I5: 84 | J5: 82 | K5: =AVERAGE(Tableau1[[#This Row],[Lepool.com]:[CBS]]) -> 87.333333 | L5: =_xlfn.STDEV.S(Tableau1[[#This Row],[Lepool.com]:[CBS]]) -> 5.0464509 | M5: =AVERAGE(E5,G5,H5,I5,Tableau1[[#This Row],[CBS]]) -> 87.4 | N5: =AVERAGE(E5,G5,H5,I5,Tableau1[[#This Row],[CBS]])-Tableau1[[#This Row],[HM]] -> 0.4 | P5: Ekman-Larsson | Q5: =VLOOKUP(P5,Tableau1[[Nom]:[Moyenne]],9,0) -> 57.833333 | R5: =VLOOKUP(P5,Tableau1[[Nom]:[Écart-type]],10,0) -> 1.7224014 | S5: =Q5-R5 -> 56.110932 | T5: =Q5+R5 -> 59.555735
B6: Tyler | C6: Seguin | E6: 85 | F6: 85 | G6: 83 | H6: 75 | I6: 77 | J6: 82 | K6: =AVERAGE(Tableau1[[#This Row],[Lepool.com]:[CBS]]) -> 81.166667 | L6: =_xlfn.STDEV.S(Tableau1[[#This Row],[Lepool.com]:[CBS]]) -> 4.2150524 | M6: =AVERAGE(E6,G6,H6,I6,Tableau1[[#This Row],[CBS]]) -> 80.4 | N6: =AVERAGE(E6,G6,H6,I6,Tableau1[[#This Row],[CBS]])-Tableau1[[#This Row],[HM]] -> -4.6 | P6: Markov | Q6: =VLOOKUP(P6,Tableau1[[Nom]:[Moyenne]],9,0) -> #N/A | R6: =VLOOKUP(P6,Tableau1[[Nom]:[Écart-type]],10,0) -> #N/A | S6: =Q6-R6 -> #N/A | T6: =Q6+R6 -> #N/A
B7: Erik | C7: Karlsson | E7: 78 | F7: 80 | G7: 78 | H7: 77 | I7: 82 | J7: 88 | K7: =AVERAGE(Tableau1[[#This Row],[Lepool.com]:[CBS]]) -> 80.5 | L7: =_xlfn.STDEV.S(Tableau1[[#This Row],[Lepool.com]:[CBS]]) -> 4.0865633 | M7: =AVERAGE(E7,G7,H7,I7,Tableau1[[#This Row],[CBS]]) -> 80.6 | N7: =AVERAGE(E7,G7,H7,I7,Tableau1[[#This Row],[CBS]])-Tableau1[[#This Row],[HM]] -> 0.6 | Q7: =VLOOKUP(P7,Tableau1[[Nom]:[Moyenne]],9,0) -> #N/A | R7: =VLOOKUP(P7,Tableau1[[Nom]:[Écart-type]],10,0) -> #N/A | S7: =Q7-R7 -> #N/A | T7: =Q7+R7 -> #N/A
B8: Johnny | C8: Gaudreau | E8: 80 | F8: 84 | G8: 74 | H8: 80 | I8: 84 | J8: 77 | K8: =AVERAGE(Tableau1[[#This Row],[Lepool.com]:[CBS]]) -> 79.833333 | L8: =_xlfn.STDEV.S(Tableau1[[#This Row],[Lepool.com]:[CBS]]) -> 3.920034 | M8: =AVERAGE(E8,G8,H8,I8,Tableau1[[#This Row],[CBS]]) -> 79 | N8: =AVERAGE(E8,G8,H8,I8,Tableau1[[#This Row],[CBS]])-Tableau1[[#This Row],[HM]] -> -5 | Q8: =VLOOKUP(P8,Tableau1[[Nom]:[Moyenne]],9,0) -> #N/A | R8: =VLOOKUP(P8,Tableau1[[Nom]:[Écart-type]],10,0) -> #N/A | S8: =Q8-R8 -> #N/A | T8: =Q8+R8 -> #N/A
B9: John | C9: Tavares | E9: 80 | F9: 85 | G9: 76 | H9: 83 | I9: 78 | J9: 76 | K9: =AVERAGE(Tableau1[[#This Row],[Lepool.com]:[CBS]]) -> 79.666667 | L9: =_xlfn.STDEV.S(Tableau1[[#This Row],[Lepool.com]:[CBS]]) -> 3.7237973 | M9: =AVERAGE(E9,G9,H9,I9,Tableau1[[#This Row],[CBS]]) -> 78.6 | N9: =AVERAGE(E9,G9,H9,I9,Tableau1[[#This Row],[CBS]])-Tableau1[[#This Row],[HM]] -> -6.4 | Q9: =VLOOKUP(P9,Tableau1[[Nom]:[Moyenne]],9,0) -> #N/A | R9: =VLOOKUP(P9,Tableau1[[Nom]:[Écart-type]],10,0) -> #N/A | S9: =Q9-R9 -> #N/A | T9: =Q9+R9 -> #N/A
B10: Vladimir | C10: Tarasenko | E10: 77 | F10: 77 | G10: 75 | H10: 83 | I10: 81 | J10: 75 | K10: =AVERAGE(Tableau1[[#This Row],[Lepool.com]:[CBS]]) -> 78 | L10: =_xlfn.STDEV.S(Tableau1[[#This Row],[Lepool.com]:[CBS]]) -> 3.2863353 | M10: =AVERAGE(E10,G10,H10,I10,Tableau1[[#This Row],[CBS]]) -> 78.2 | N10: =AVERAGE(E10,G10,H10,I10,Tableau1[[#This Row],[CBS]])-Tableau1[[#This Row],[HM]] -> 1.2
B11: Evgeni | C11: Malkin | E11: 70 | F11: 76 | G11: 82 | H11: 73 | I11: 72 | J11: 90 | K11: =AVERAGE(Tableau1[[#This Row],[Lepool.com]:[CBS]]) -> 77.166667 | L11: =_xlfn.STDEV.S(Tableau1[[#This Row],[Lepool.com]:[CBS]]) -> 7.5476266 | M11: =AVERAGE(E11,G11,H11,I11,Tableau1[[#This Row],[CBS]]) -> 77.4 | N11: =AVERAGE(E11,G11,H11,I11,Tableau1[[#This Row],[CBS]])-Tableau1[[#This Row],[HM]] -> 1.4
B12: Joe | C12: Pavelski | E12: 81 | F12: 79 | G12: 72 | H12: 75 | I12: 76 | J12: 78 | K12: =AVERAGE(Tableau1[[#This Row],[Lepool.com]:[CBS]]) -> 76.833333 | L12: =_xlfn.STDEV.S(Tableau1[[#This Row],[Lepool.com]:[CBS]]) -> 3.1885211 | M12: =AVERAGE(E12,G12,H12,I12,Tableau1[[#This Row],[CBS]]) -> 76.4 | N12: =AVERAGE(E12,G12,H12,I12,Tableau1[[#This Row],[CBS]])-Tableau1[[#This Row],[HM]] -> -2.6
B13: Alexander | C13: Ovechkin | E13: 79 | F13: 79 | G13: 76 | H13: 75 | I13: 73 | J13: 76 | K13: =AVERAGE(Tableau1[[#This Row],[Lepool.com]:[CBS]]) -> 76.333333 | L13: =_xlfn.STDEV.S(Tableau1[[#This Row],[Lepool.com]:[CBS]]) -> 2.3380904 | M13: =AVERAGE(E13,G13,H13,I13,Tableau1[[#This Row],[CBS]]) -> 75.8 | N13: =AVERAGE(E13,G13,H13,I13,Tableau1[[#This Row],[CBS]])-Tableau1[[#This Row],[HM]] -> -3.2
B14: Nicklas | C14: Backstrom | E14: 76 | F14: 77 | G14: 75 | H14: 73 | I14: 76 | J14: 78 | K14: =AVERAGE(Tableau1[[#This Row],[Lepool.com]:[CBS]]) -> 75.833333 | L14: =_xlfn.STDEV.S(Tableau1[[#This Row],[Lepool.com]:[CBS]]) -> 1.7224014 | M14: =AVERAGE(E14,G14,H14,I14,Tableau1[[#This Row],[CBS]]) -> 75.6 | N14: =AVERAGE(E14,G14,H14,I14,Tableau1[[#This Row],[CBS]])-Tableau1[[#This Row],[HM]] -> -1.4
B15: Artemi | C15: Panarin | E15: 71 | F15: 74 | G15: 72 | H15: 66 | I15: 82 | J15: 84 | K15: =AVERAGE(Tableau1[[#This Row],[Lepool.com]:[CBS]]) -> 74.833333 | L15: =_xlfn.STDEV.S(Tableau1[[#This Row],[Lepool.com]:[CBS]]) -> 6.8823446 | M15: =AVERAGE(E15,G15,H15,I15,Tableau1[[#This Row],[CBS]]) -> 75 | N15: =AVERAGE(E15,G15,H15,I15,Tableau1[[#This Row],[CBS]])-Tableau1[[#This Row],[HM]] -> 1
B16: Evgeny | C16: Kuznetsov | E16: 69 | F16: 75 | G16: 72 | H16: 80 | I16: 80 | J16: 71 | K16: =AVERAGE(Tableau1[[#This Row],[Lepool.com]:[CBS]]) -> 74.5 | L16: =_xlfn.STDEV.S(Tableau1[[#This Row],[Lepool.com]:[CBS]]) -> 4.6797436 | M16: =AVERAGE(E16,G16,H16,I16,Tableau1[[#This Row],[CBS]]) -> 74.4 | N16: =AVERAGE(E16,G16,H16,I16,Tableau1[[#This Row],[CBS]])-Tableau1[[#This Row],[HM]] -> -0.6
B17: Nikita | C17: Kucherov | E17: 69 | F17: 72 | G17: 70 | H17: 77 | I17: 74 | J17: 85 | K17: =AVERAGE(Tableau1[[#This Row],[Lepool.com]:[CBS]]) -> 74.5 | L17: =_xlfn.STDEV.S(Tableau1[[#This Row],[Lepool.com]:[CBS]]) -> 5.8906706 | M17: =AVERAGE(E17,G17,H17,I17,Tableau1[[#This Row],[CBS]]) -> 75 | N17: =AVERAGE(E17,G17,H17,I17,Tableau1[[#This Row],[CBS]])-Tableau1[[#This Row],[HM]] -> 3
B18: Claude | C18: Giroux | E18: 75 | F18: 77 | G18: 76 | H18: 73 | I18: 70 | J18: 73 | K18: =AVERAGE(Tableau1[[#This Row],[Lepool.com]:[CBS]]) -> 74 | L18: =_xlfn.STDEV.S(Tableau1[[#This Row],[Lepool.com]:[CBS]]) -> 2.5298221 | M18: =AVERAGE(E18,G18,H18,I18,Tableau1[[#This Row],[CBS]]) -> 73.4 | N18: =AVERAGE(E18,G18,H18,I18,Tableau1[[#This Row],[CBS]])-Tableau1[[#This Row],[HM]] -> -3.6
B19: Steven | C19: Stamkos | E19: 74 | F19: 71 | G19: 77 | H19: 72 | I19: 70 | J19: 78 | K19: =AVERAGE(Tableau1[[#This Row],[Lepool.com]:[CBS]]) -> 73.666667 | L19: =_xlfn.STDEV.S(Tableau1[[#This Row],[Lepool.com]:[CBS]]) -> 3.2659863 | M19: =AVERAGE(E19,G19,H19,I19,Tableau1[[#This Row],[CBS]]) -> 74.2 | N19: =AVERAGE(E19,G19,H19,I19,Tableau1[[#This Row],[CBS]])-Tableau1[[#This Row],[HM]] -> 3.2
B20: Joe | C20: Thornton | E20: 71 | F20: 72 | G20: 70 | H20: 70 | I20: 76 | J20: 77 | K20: =AVERAGE(Tableau1[[#This Row],[Lepool.com]:[CBS]]) -> 72.666667 | L20: =_xlfn.STDEV.S(Tableau1[[#This Row],[Lepool.com]:[CBS]]) -> 3.0767949 | M20: =AVERAGE(E20,G20,H20,I20,Tableau1[[#This Row],[CBS]]) -> 72.8 | N20: =AVERAGE(E20,G20,H20,I20,Tableau1[[#This Row],[CBS]])-Tableau1[[#This Row],[HM]] -> 0.8
B21: Anze | C21: Kopitar | E21: 77 | F21: 72 | G21: 68 | H21: 70 | I21: 73 | J21: 75 | K21: =AVERAGE(Tableau1[[#This Row],[Lepool.com]:[CBS]]) -> 72.5 | L21: =_xlfn.STDEV.S(Tableau1[[#This Row],[Lepool.com]:[CBS]]) -> 3.2710854 | M21: =AVERAGE(E21,G21,H21,I21,Tableau1[[#This Row],[CBS]]) -> 72.6 | N21: =AVERAGE(E21,G21,H21,I21,Tableau1[[#This Row],[CBS]])-Tableau1[[#This Row],[HM]] -> 0.6
... B80: Brandon | C80: Saad | E80: 56 | F80: 57 | G80: 55 | H80: 58 | I80: 54 | J80: 54 | K80: =AVERAGE(Tableau1[[#This Row],[Lepool.com]:[CBS]]) -> 55.666667 | L80: =_xlfn.STDEV.S(Tableau1[[#This Row],[Lepool.com]:[CBS]]) -> 1.6329932 | M80: =AVERAGE(E80,G80,H80,I80,Tableau1[[#This Row],[CBS]]) -> 55.4 | N80: =AVERAGE(E80,G80,H80,I80,Tableau1[[#This Row],[CBS]])-Tableau1[[#This Row],[HM]] -> -1.6
B81: Auston | C81: Matthews | E81: 67 | F81: 52 | H81: 65 | I81: 56 | J81: 37 | K81: =AVERAGE(Tableau1[[#This Row],[Lepool.com]:[CBS]]) -> 55.4 | L81: =_xlfn.STDEV.S(Tableau1[[#This Row],[Lepool.com]:[CBS]]) -> 12.012493 | M81: =AVERAGE(E81,G81,H81,I81,Tableau1[[#This Row],[CBS]]) -> 56.25 | N81: =AVERAGE(E81,G81,H81,I81,Tableau1[[#This Row],[CBS]])-Tableau1[[#This Row],[HM]] -> 4.25
B82: Kyle | C82: Turris | E82: 61 | F82: 66 | G82: 61 | H82: 53 | I82: 46 | J82: 45 | K82: =AVERAGE(Tableau1[[#This Row],[Lepool.com]:[CBS]]) -> 55.333333 | L82: =_xlfn.STDEV.S(Tableau1[[#This Row],[Lepool.com]:[CBS]]) -> 8.6871553 | M82: =AVERAGE(E82,G82,H82,I82,Tableau1[[#This Row],[CBS]]) -> 53.2 | N82: =AVERAGE(E82,G82,H82,I82,Tableau1[[#This Row],[CBS]])-Tableau1[[#This Row],[HM]] -> -12.8
B83: Adam | C83: Henrique | E83: 53 | F83: 55 | G83: 53 | H83: 58 | I83: 57 | J83: 56 | K83: =AVERAGE(Tableau1[[#This Row],[Lepool.com]:[CBS]]) -> 55.333333 | L83: =_xlfn.STDEV.S(Tableau1[[#This Row],[Lepool.com]:[CBS]]) -> 2.0655911 | M83: =AVERAGE(E83,G83,H83,I83,Tableau1[[#This Row],[CBS]]) -> 55.4 | N83: =AVERAGE(E83,G83,H83,I83,Tableau1[[#This Row],[CBS]])-Tableau1[[#This Row],[HM]] -> 0.4
B84: Vincent | C84: Trocheck | E84: 57 | F84: 59 | G84: 58 | H84: 58 | I84: 43 | J84: 55 | K84: =AVERAGE(Tableau1[[#This Row],[Lepool.com]:[CBS]]) -> 55 | L84: =_xlfn.STDEV.S(Tableau1[[#This Row],[Lepool.com]:[CBS]]) -> 6.0332413 | M84: =AVERAGE(E84,G84,H84,I84,Tableau1[[#This Row],[CBS]]) -> 54.2 | N84: =AVERAGE(E84,G84,H84,I84,Tableau1[[#This Row],[CBS]])-Tableau1[[#This Row],[HM]] -> -4.8
B85: T.J. | C85: Oshie | E85: 54 | F85: 57 | G85: 56 | H85: 53 | I85: 53 | J85: 56 | K85: =AVERAGE(Tableau1[[#This Row],[Lepool.com]:[CBS]]) -> 54.833333 | L85: =_xlfn.STDEV.S(Tableau1[[#This Row],[Lepool.com]:[CBS]]) -> 1.7224014 | M85: =AVERAGE(E85,G85,H85,I85,Tableau1[[#This Row],[CBS]]) -> 54.4 | N85: =AVERAGE(E85,G85,H85,I85,Tableau1[[#This Row],[CBS]])-Tableau1[[#This Row],[HM]] -> -2.6
B86: John | C86: Carlson | E86: 52 | F86: 59 | G86: 50 | H86: 57 | I86: 47 | J86: 63 | K86: =AVERAGE(Tableau1[[#This Row],[Lepool.com]:[CBS]]) -> 54.666667 | L86: =_xlfn.STDEV.S(Tableau1[[#This Row],[Lepool.com]:[CBS]]) -> 6.0221812 | M86: =AVERAGE(E86,G86,H86,I86,Tableau1[[#This Row],[CBS]]) -> 53.8 | N86: =AVERAGE(E86,G86,H86,I86,Tableau1[[#This Row],[CBS]])-Tableau1[[#This Row],[HM]] -> -5.2
B87: Jussi | C87: Jokinen | E87: 54 | F87: 52 | G87: 56 | H87: 60 | I87: 50 | J87: 56 | K87: =AVERAGE(Tableau1[[#This Row],[Lepool.com]:[CBS]]) -> 54.666667 | L87: =_xlfn.STDEV.S(Tableau1[[#This Row],[Lepool.com]:[CBS]]) -> 3.5023801 | M87: =AVERAGE(E87,G87,H87,I87,Tableau1[[#This Row],[CBS]]) -> 55.2 | N87: =AVERAGE(E87,G87,H87,I87,Tableau1[[#This Row],[CBS]])-Tableau1[[#This Row],[HM]] -> 3.2
B88: Jaromir | C88: Jagr | E88: 54 | F88: 57 | G88: 52 | H88: 50 | I88: 54 | J88: 60 | K88: =AVERAGE(Tableau1[[#This Row],[Lepool.com]:[CBS]]) -> 54.5 | L88: =_xlfn.STDEV.S(Tableau1[[#This Row],[Lepool.com]:[CBS]]) -> 3.5637059 | M88: =AVERAGE(E88,G88,H88,I88,Tableau1[[#This Row],[CBS]]) -> 54 | N88: =AVERAGE(E88,G88,H88,I88,Tableau1[[#This Row],[CBS]])-Tableau1[[#This Row],[HM]] -> -3
B89: Jeff | C89: Skinner | E89: 56 | F89: 55 | G89: 56 | H89: 55 | I89: 53 | J89: 52 | K89: =AVERAGE(Tableau1[[#This Row],[Lepool.com]:[CBS]]) -> 54.5 | L89: =_xlfn.STDEV.S(Tableau1[[#This Row],[Lepool.com]:[CBS]]) -> 1.6431677 | M89: =AVERAGE(E89,G89,H89,I89,Tableau1[[#This Row],[CBS]]) -> 54.4 | N89: =AVERAGE(E89,G89,H89,I89,Tableau1[[#This Row],[CBS]])-Tableau1[[#This Row],[HM]] -> -0.6
B90: Ondrej | C90: Palat | E90: 52 | F90: 55 | G90: 57 | H90: 55 | I90: 52 | J90: 56 | K90: =AVERAGE(Tableau1[[#This Row],[Lepool.com]:[CBS]]) -> 54.5 | L90: =_xlfn.STDEV.S(Tableau1[[#This Row],[Lepool.com]:[CBS]]) -> 2.0736441 | M90: =AVERAGE(E90,G90,H90,I90,Tableau1[[#This Row],[CBS]]) -> 54.4 | N90: =AVERAGE(E90,G90,H90,I90,Tableau1[[#This Row],[CBS]])-Tableau1[[#This Row],[HM]] -> -0.6
B91: Patrick | C91: Sharp | E91: 56 | F91: 54 | G91: 48 | H91: 56 | I91: 55 | J91: 57 | K91: =AVERAGE(Tableau1[[#This Row],[Lepool.com]:[CBS]]) -> 54.333333 | L91: =_xlfn.STDEV.S(Tableau1[[#This Row],[Lepool.com]:[CBS]]) -> 3.2659863 | M91: =AVERAGE(E91,G91,H91,I91,Tableau1[[#This Row],[CBS]]) -> 54.4 | N91: =AVERAGE(E91,G91,H91,I91,Tableau1[[#This Row],[CBS]])-Tableau1[[#This Row],[HM]] -> 0.4
B92: Andrew | C92: Ladd | E92: 56 | F92: 50 | G92: 54 | H92: 66 | I92: 51 | J92: 49 | K92: =AVERAGE(Tableau1[[#This Row],[Lepool.com]:[CBS]]) -> 54.333333 | L92: =_xlfn.STDEV.S(Tableau1[[#This Row],[Lepool.com]:[CBS]]) -> 6.2822501 | M92: =AVERAGE(E92,G92,H92,I92,Tableau1[[#This Row],[CBS]]) -> 55.2 | N92: =AVERAGE(E92,G92,H92,I92,Tableau1[[#This Row],[CBS]])-Tableau1[[#This Row],[HM]] -> 5.2
B93: Dustin | C93: Byfuglien | E93: 57 | F93: 51 | G93: 55 | H93: 53 | I93: 51 | J93: 56 | K93: =AVERAGE(Tableau1[[#This Row],[Lepool.com]:[CBS]]) -> 53.833333 | L93: =_xlfn.STDEV.S(Tableau1[[#This Row],[Lepool.com]:[CBS]]) -> 2.5625508 | M93: =AVERAGE(E93,G93,H93,I93,Tableau1[[#This Row],[CBS]]) -> 54.4 | N93: =AVERAGE(E93,G93,H93,I93,Tableau1[[#This Row],[CBS]])-Tableau1[[#This Row],[HM]] -> 3.4
... B116: Robby | C116: Fabbri | E116: 48 | F116: 48 | G116: 51 | H116: 54 | I116: 49 | J116: 50 | K116: =AVERAGE(Tableau1[[#This Row],[Lepool.com]:[CBS]]) -> 50 | L116: =_xlfn.STDEV.S(Tableau1[[#This Row],[Lepool.com]:[CBS]]) -> 2.2803509 | M116: =AVERAGE(E116,G116,H116,I116,Tableau1[[#This Row],[CBS]]) -> 50.4 | N116: =AVERAGE(E116,G116,H116,I116,Tableau1[[#This Row],[CBS]])-Tableau1[[#This Row],[HM]] -> 2.4
B117: Jiri | C117: Hudler | E117: 51 | G117: 44 | H117: 53 | I117: 48 | J117: 54 | K117: =AVERAGE(Tableau1[[#This Row],[Lepool.com]:[CBS]]) -> 50 | L117: =_xlfn.STDEV.S(Tableau1[[#This Row],[Lepool.com]:[CBS]]) -> 4.0620192 | M117: =AVERAGE(E117,G117,H117,I117,Tableau1[[#This Row],[CBS]]) -> 50 | N117: =AVERAGE(E117,G117,H117,I117,Tableau1[[#This Row],[CBS]])-Tableau1[[#This Row],[HM]] -> 50
B118: Tomas | C118: Hertl | E118: 51 | F118: 52 | G118: 50 | H118: 49 | I118: 51 | J118: 46 | K118: =AVERAGE(Tableau1[[#This Row],[Lepool.com]:[CBS]]) -> 49.833333 | L118: =_xlfn.STDEV.S(Tableau1[[#This Row],[Lepool.com]:[CBS]]) -> 2.1369761 | M118: =AVERAGE(E118,G118,H118,I118,Tableau1[[#This Row],[CBS]]) -> 49.4 | N118: =AVERAGE(E118,G118,H118,I118,Tableau1[[#This Row],[CBS]])-Tableau1[[#This Row],[HM]] -> -2.6
B119: Jakob | C119: Sifverberg | F119: 44 | H119: 55 | K119: =AVERAGE(Tableau1[[#This Row],[Lepool.com]:[CBS]]) -> 49.5 | L119: =_xlfn.STDEV.S(Tableau1[[#This Row],[Lepool.com]:[CBS]]) -> 7.7781746 | M119: =AVERAGE(E119,G119,H119,I119,Tableau1[[#This Row],[CBS]]) -> 55 | N119: =AVERAGE(E119,G119,H119,I119,Tableau1[[#This Row],[CBS]])-Tableau1[[#This Row],[HM]] -> 11
B120: Shayne | C120: Gostisbehere | E120: 51 | F120: 51 | G120: 44 | H120: 43 | J120: 58 | K120: =AVERAGE(Tableau1[[#This Row],[Lepool.com]:[CBS]]) -> 49.4 | L120: =_xlfn.STDEV.S(Tableau1[[#This Row],[Lepool.com]:[CBS]]) -> 6.1073726 | M120: =AVERAGE(E120,G120,H120,I120,Tableau1[[#This Row],[CBS]]) -> 49 | N120: =AVERAGE(E120,G120,H120,I120,Tableau1[[#This Row],[CBS]])-Tableau1[[#This Row],[HM]] -> -2
B121: Rickard | C121: Rakell | E121: 49 | F121: 50 | G121: 47 | H121: 46 | I121: 51 | J121: 53 | K121: =AVERAGE(Tableau1[[#This Row],[Lepool.com]:[CBS]]) -> 49.333333 | L121: =_xlfn.STDEV.S(Tableau1[[#This Row],[Lepool.com]:[CBS]]) -> 2.5819889 | M121: =AVERAGE(E121,G121,H121,I121,Tableau1[[#This Row],[CBS]]) -> 49.2 | N121: =AVERAGE(E121,G121,H121,I121,Tableau1[[#This Row],[CBS]])-Tableau1[[#This Row],[HM]] -> -0.8
B122: Alexander | C122: Wennberg | E122: 51 | F122: 52 | G122: 42 | H122: 52 | J122: 49 | K122: =AVERAGE(Tableau1[[#This Row],[Lepool.com]:[CBS]]) -> 49.2 | L122: =_xlfn.STDEV.S(Tableau1[[#This Row],[Lepool.com]:[CBS]]) -> 4.2071368 | M122: =AVERAGE(E122,G122,H122,I122,Tableau1[[#This Row],[CBS]]) -> 48.5 | N122: =AVERAGE(E122,G122,H122,I122,Tableau1[[#This Row],[CBS]])-Tableau1[[#This Row],[HM]] -> -3.5
B123: Carl | C123: Soderberg | E123: 54 | F123: 48 | G123: 46 | H123: 48 | I123: 48 | J123: 51 | K123: =AVERAGE(Tableau1[[#This Row],[Lepool.com]:[CBS]]) -> 49.166667 | L123: =_xlfn.STDEV.S(Tableau1[[#This Row],[Lepool.com]:[CBS]]) -> 2.857738 | M123: =AVERAGE(E123,G123,H123,I123,Tableau1[[#This Row],[CBS]]) -> 49.4 | N123: =AVERAGE(E123,G123,H123,I123,Tableau1[[#This Row],[CBS]])-Tableau1[[#This Row],[HM]] -> 1.4
B124: Cam | C124: Atkinson | E124: 54 | F124: 49 | G124: 48 | H124: 41 | I124: 49 | J124: 53 | K124: =AVERAGE(Tableau1[[#This Row],[Lepool.com]:[CBS]]) -> 49 | L124: =_xlfn.STDEV.S(Tableau1[[#This Row],[Lepool.com]:[CBS]]) -> 4.6043458 | M124: =AVERAGE(E124,G124,H124,I124,Tableau1[[#This Row],[CBS]]) -> 49 | N124: =AVERAGE(E124,G124,H124,I124,Tableau1[[#This Row],[CBS]])-Tableau1[[#This Row],[HM]] -> 0
B125: Reilly | C125: Smith | E125: 47 | F125: 52 | G125: 48 | H125: 52 | I125: 42 | J125: 51 | K125: =AVERAGE(Tableau1[[#This Row],[Lepool.com]:[CBS]]) -> 48.666667 | L125: =_xlfn.STDEV.S(Tableau1[[#This Row],[Lepool.com]:[CBS]]) -> 3.8815804 | M125: =AVERAGE(E125,G125,H125,I125,Tableau1[[#This Row],[CBS]]) -> 48 | N125: =AVERAGE(E125,G125,H125,I125,Tableau1[[#This Row],[CBS]])-Tableau1[[#This Row],[HM]] -> -4
B126: Drew | C126: Doughty | E126: 53 | F126: 50 | G126: 46 | H126: 48 | I126: 46 | J126: 49 | K126: =AVERAGE(Tableau1[[#This Row],[Lepool.com]:[CBS]]) -> 48.666667 | L126: =_xlfn.STDEV.S(Tableau1[[#This Row],[Lepool.com]:[CBS]]) -> 2.6583203 | M126: =AVERAGE(E126,G126,H126,I126,Tableau1[[#This Row],[CBS]]) -> 48.4 | N126: =AVERAGE(E126,G126,H126,I126,Tableau1[[#This Row],[CBS]])-Tableau1[[#This Row],[HM]] -> -1.6
B127: Gustav | C127: Nyquist | E127: 55 | F127: 48 | G127: 48 | H127: 50 | I127: 47 | J127: 44 | K127: =AVERAGE(Tableau1[[#This Row],[Lepool.com]:[CBS]]) -> 48.666667 | L127: =_xlfn.STDEV.S(Tableau1[[#This Row],[Lepool.com]:[CBS]]) -> 3.6696957 | M127: =AVERAGE(E127,G127,H127,I127,Tableau1[[#This Row],[CBS]]) -> 48.8 | N127: =AVERAGE(E127,G127,H127,I127,Tableau1[[#This Row],[CBS]])-Tableau1[[#This Row],[HM]] -> 0.8
B128: Justin | C128: Williams | E128: 50 | F128: 47 | G128: 47 | H128: 47 | I128: 48 | J128: 53 | K128: =AVERAGE(Tableau1[[#This Row],[Lepool.com]:[CBS]]) -> 48.666667 | L128: =_xlfn.STDEV.S(Tableau1[[#This Row],[Lepool.com]:[CBS]]) -> 2.4221203 | M128: =AVERAGE(E128,G128,H128,I128,Tableau1[[#This Row],[CBS]]) -> 49 | N128: =AVERAGE(E128,G128,H128,I128,Tableau1[[#This Row],[CBS]])-Tableau1[[#This Row],[HM]] -> 2
B129: Sam | C129: Reinhart | E129: 49 | F129: 50 | G129: 47 | H129: 58 | I129: 46 | J129: 41 | K129: =AVERAGE(Tableau1[[#This Row],[Lepool.com]:[CBS]]) -> 48.5 | L129: =_xlfn.STDEV.S(Tableau1[[#This Row],[Lepool.com]:[CBS]]) -> 5.6124861 | M129: =AVERAGE(E129,G129,H129,I129,Tableau1[[#This Row],[CBS]]) -> 48.2 | N129: =AVERAGE(E129,G129,H129,I129,Tableau1[[#This Row],[CBS]])-Tableau1[[#This Row],[HM]] -> -1.8
B130: Nikolaj | C130: Ehlers | E130: 50 | F130: 49 | G130: 46 | H130: 55 | I130: 48 | J130: 42 | K130: =AVERAGE(Tableau1[[#This Row],[Lepool.com]:[CBS]]) -> 48.333333 | L130: =_xlfn.STDEV.S(Tableau1[[#This Row],[Lepool.com]:[CBS]]) -> 4.3204938 | M130: =AVERAGE(E130,G130,H130,I130,Tableau1[[#This Row],[CBS]]) -> 48.2 | N130: =AVERAGE(E130,G130,H130,I130,Tableau1[[#This Row],[CBS]])-Tableau1[[#This Row],[HM]] -> -0.8
B131: Marcus | C131: Johansson | E131: 54 | F131: 45 | G131: 45 | H131: 48 | I131: 45 | J131: 53 | K131: =AVERAGE(Tableau1[[#This Row],[Lepool.com]:[CBS]]) -> 48.333333 | L131: =_xlfn.STDEV.S(Tableau1[[#This Row],[Lepool.com]:[CBS]]) -> 4.1793141 | M131: =AVERAGE(E131,G131,H131,I131,Tableau1[[#This Row],[CBS]]) -> 49 | N131: =AVERAGE(E131,G131,H131,I131,Tableau1[[#This Row],[CBS]])-Tableau1[[#This Row],[HM]] -> 4
B132: Ryan | C132: Spooner | E132: 50 | F132: 46 | G132: 45 | H132: 50 | I132: 46 | J132: 52 | K132: =AVERAGE(Tableau1[[#This Row],[Lepool.com]:[CBS]]) -> 48.166667 | L132: =_xlfn.STDEV.S(Tableau1[[#This Row],[Lepool.com]:[CBS]]) -> 2.857738 | M132: =AVERAGE(E132,G132,H132,I132,Tableau1[[#This Row],[CBS]]) -> 48.6 | N132: =AVERAGE(E132,G132,H132,I132,Tableau1[[#This Row],[CBS]])-Tableau1[[#This Row],[HM]] -> 2.6
B133: Bo | C133: Horvat | E133: 49 | F133: 44 | G133: 48 | H133: 53 | J133: 44 | K133: =AVERAGE(Tableau1[[#This Row],[Lepool.com]:[CBS]]) -> 47.6 | L133: =_xlfn.STDEV.S(Tableau1[[#This Row],[Lepool.com]:[CBS]]) -> 3.7815341 | M133: =AVERAGE(E133,G133,H133,I133,Tableau1[[#This Row],[CBS]]) -> 48.5 | N133: =AVERAGE(E133,G133,H133,I133,Tableau1[[#This Row],[CBS]])-Tableau1[[#This Row],[HM]] -> 4.5
B134: Nazem | C134: Kadri | E134: 49 | F134: 48 | G134: 49 | H134: 41 | I134: 47 | J134: 51 | K134: =AVERAGE(Tableau1[[#This Row],[Lepool.com]:[CBS]]) -> 47.5 | L134: =_xlfn.STDEV.S(Tableau1[[#This Row],[Lepool.com]:[CBS]]) -> 3.4496377 | M134: =AVERAGE(E134,G134,H134,I134,Tableau1[[#This Row],[CBS]]) -> 47.4 | N134: =AVERAGE(E134,G134,H134,I134,Tableau1[[#This Row],[CBS]])-Tableau1[[#This Row],[HM]] -> -0.6
B135: Mathieu | C135: Perreault | F135: 46 | G135: 42 | H135: 51 | J135: 51 | K135: =AVERAGE(Tableau1[[#This Row],[Lepool.com]:[CBS]]) -> 47.5 | L135: =_xlfn.STDEV.S(Tableau1[[#This Row],[Lepool.com]:[CBS]]) -> 4.3588989 | M135: =AVERAGE(E135,G135,H135,I135,Tableau1[[#This Row],[CBS]]) -> 48 | N135: =AVERAGE(E135,G135,H135,I135,Tableau1[[#This Row],[CBS]])-Tableau1[[#This Row],[HM]] -> 2
B136: Brandon | C136: Dubinsky | E136: 49 | F136: 48 | G136: 45 | H136: 48 | I136: 42 | J136: 52 | K136: =AVERAGE(Tableau1[[#This Row],[Lepool.com]:[CBS]]) -> 47.333333 | L136: =_xlfn.STDEV.S(Tableau1[[#This Row],[Lepool.com]:[CBS]]) -> 3.4448028 | M136: =AVERAGE(E136,G136,H136,I136,Tableau1[[#This Row],[CBS]]) -> 47.2 | N136: =AVERAGE(E136,G136,H136,I136,Tableau1[[#This Row],[CBS]])-Tableau1[[#This Row],[HM]] -> -0.8
B137: Mike | C137: Ribeiro | E137: 47 | F137: 42 | G137: 48 | H137: 49 | I137: 48 | J137: 50 | K137: =AVERAGE(Tableau1[[#This Row],[Lepool.com]:[CBS]]) -> 47.333333 | L137: =_xlfn.STDEV.S(Tableau1[[#This Row],[Lepool.com]:[CBS]]) -> 2.8047579 | M137: =AVERAGE(E137,G137,H137,I137,Tableau1[[#This Row],[CBS]]) -> 48.4 | N137: =AVERAGE(E137,G137,H137,I137,Tableau1[[#This Row],[CBS]])-Tableau1[[#This Row],[HM]] -> 6.4
B138: Tomas | C138: Tatar | E138: 48 | F138: 47 | G138: 47 | H138: 44 | I138: 49 | J138: 48 | K138: =AVERAGE(Tableau1[[#This Row],[Lepool.com]:[CBS]]) -> 47.166667 | L138: =_xlfn.STDEV.S(Tableau1[[#This Row],[Lepool.com]:[CBS]]) -> 1.7224014 | M138: =AVERAGE(E138,G138,H138,I138,Tableau1[[#This Row],[CBS]]) -> 47.2 | N138: =AVERAGE(E138,G138,H138,I138,Tableau1[[#This Row],[CBS]])-Tableau1[[#This Row],[HM]] -> 0.2
B139: Sam | C139: Bennett | E139: 48 | F139: 46 | G139: 51 | H139: 54 | I139: 48 | J139: 36 | K139: =AVERAGE(Tableau1[[#This Row],[Lepool.com]:[CBS]]) -> 47.166667 | L139: =_xlfn.STDEV.S(Tableau1[[#This Row],[Lepool.com]:[CBS]]) -> 6.145459 | M139: =AVERAGE(E139,G139,H139,I139,Tableau1[[#This Row],[CBS]]) -> 47.4 | N139: =AVERAGE(E139,G139,H139,I139,Tableau1[[#This Row],[CBS]])-Tableau1[[#This Row],[HM]] -> 1.4
B140: Justin | C140: Faulk | E140: 51 | F140: 45 | G140: 47 | H140: 45 | I140: 47 | J140: 48 | K140: =AVERAGE(Tableau1[[#This Row],[Lepool.com]:[CBS]]) -> 47.166667 | L140: =_xlfn.STDEV.S(Tableau1[[#This Row],[Lepool.com]:[CBS]]) -> 2.228602 | M140: =AVERAGE(E140,G140,H140,I140,Tableau1[[#This Row],[CBS]]) -> 47.6 | N140: =AVERAGE(E140,G140,H140,I140,Tableau1[[#This Row],[CBS]])-Tableau1[[#This Row],[HM]] -> 2.6
B141: Anthony | C141: Duclair | E141: 50 | F141: 42 | G141: 49 | H141: 53 | I141: 47 | J141: 42 | K141: =AVERAGE(Tableau1[[#This Row],[Lepool.com]:[CBS]]) -> 47.166667 | L141: =_xlfn.STDEV.S(Tableau1[[#This Row],[Lepool.com]:[CBS]]) -> 4.445972 | M141: =AVERAGE(E141,G141,H141,I141,Tableau1[[#This Row],[CBS]]) -> 48.2 | N141: =AVERAGE(E141,G141,H141,I141,Tableau1[[#This Row],[CBS]])-Tableau1[[#This Row],[HM]] -> 6.2
B142: Jean-Gabriel | C142: Pageau | F142: 47 | G142: 49 | J142: 45 | K142: =AVERAGE(Tableau1[[#This Row],[Lepool.com]:[CBS]]) -> 47 | L142: =_xlfn.STDEV.S(Tableau1[[#This Row],[Lepool.com]:[CBS]]) -> 2 | M142: =AVERAGE(E142,G142,H142,I142,Tableau1[[#This Row],[CBS]]) -> 47 | N142: =AVERAGE(E142,G142,H142,I142,Tableau1[[#This Row],[CBS]])-Tableau1[[#This Row],[HM]] -> 0
B143: Marian | C143: Hossa | F143: 40 | G143: 52 | H143: 50 | I143: 44 | J143: 49 | K143: =AVERAGE(Tableau1[[#This Row],[Lepool.com]:[CBS]]) -> 47 | L143: =_xlfn.STDEV.S(Tableau1[[#This Row],[Lepool.com]:[CBS]]) -> 4.8989795 | M143: =AVERAGE(E143,G143,H143,I143,Tableau1[[#This Row],[CBS]]) -> 48.75 | N143: =AVERAGE(E143,G143,H143,I143,Tableau1[[#This Row],[CBS]])-Tableau1[[#This Row],[HM]] -> 8.75
B144: Patrik | C144: Laine | E144: 60 | F144: 48 | H144: 46 | I144: 43 | J144: 37 | K144: =AVERAGE(Tableau1[[#This Row],[Lepool.com]:[CBS]]) -> 46.8 | L144: =_xlfn.STDEV.S(Tableau1[[#This Row],[Lepool.com]:[CBS]]) -> 8.4675853 | M144: =AVERAGE(E144,G144,H144,I144,Tableau1[[#This Row],[CBS]]) -> 46.5 | N144: =AVERAGE(E144,G144,H144,I144,Tableau1[[#This Row],[CBS]])-Tableau1[[#This Row],[HM]] -> -1.5
B145: Tyler | C145: Bozak | F145: 45 | G145: 42 | H145: 48 | J145: 52 | K145: =AVERAGE(Tableau1[[#This Row],[Lepool.com]:[CBS]]) -> 46.75 | L145: =_xlfn.STDEV.S(Tableau1[[#This Row],[Lepool.com]:[CBS]]) -> 4.2720019 | M145: =AVERAGE(E145,G145,H145,I145,Tableau1[[#This Row],[CBS]]) -> 47.333333 | N145: =AVERAGE(E145,G145,H145,I145,Tableau1[[#This Row],[CBS]])-Tableau1[[#This Row],[HM]] -> 2.3333333
B146: TJ | C146: Brodie | F146: 49 | G146: 47 | H146: 44 | K146: =AVERAGE(Tableau1[[#This Row],[Lepool.com]:[CBS]]) -> 46.666667 | L146: =_xlfn.STDEV.S(Tableau1[[#This Row],[Lepool.com]:[CBS]]) -> 2.5166115 | M146: =AVERAGE(E146,G146,H146,I146,Tableau1[[#This Row],[CBS]]) -> 45.5 | N146: =AVERAGE(E146,G146,H146,I146,Tableau1[[#This Row],[CBS]])-Tableau1[[#This Row],[HM]] -> -3.5
B147: Jordan | C147: Staal | E147: 51 | F147: 46 | G147: 46 | H147: 42 | I147: 47 | J147: 48 | K147: =AVERAGE(Tableau1[[#This Row],[Lepool.com]:[CBS]]) -> 46.666667 | L147: =_xlfn.STDEV.S(Tableau1[[#This Row],[Lepool.com]:[CBS]]) -> 2.9439203 | M147: =AVERAGE(E147,G147,H147,I147,Tableau1[[#This Row],[CBS]]) -> 46.8 | N147: =AVERAGE(E147,G147,H147,I147,Tableau1[[#This Row],[CBS]])-Tableau1[[#This Row],[HM]] -> 0.8
B148: Scott | C148: Hartnell | E148: 50 | F148: 40 | G148: 43 | H148: 45 | I148: 51 | J148: 50 | K148: =AVERAGE(Tableau1[[#This Row],[Lepool.com]:[CBS]]) -> 46.5 | L148: =_xlfn.STDEV.S(Tableau1[[#This Row],[Lepool.com]:[CBS]]) -> 4.5055521 | M148: =AVERAGE(E148,G148,H148,I148,Tableau1[[#This Row],[CBS]]) -> 47.8 | N148: =AVERAGE(E148,G148,H148,I148,Tableau1[[#This Row],[CBS]])-Tableau1[[#This Row],[HM]] -> 7.8
B149: Patrick | C149: Marleau | E149: 50 | F149: 39 | G149: 45 | H149: 46 | I149: 52 | J149: 47 | K149: =AVERAGE(Tableau1[[#This Row],[Lepool.com]:[CBS]]) -> 46.5 | L149: =_xlfn.STDEV.S(Tableau1[[#This Row],[Lepool.com]:[CBS]]) -> 4.5055521 | M149: =AVERAGE(E149,G149,H149,I149,Tableau1[[#This Row],[CBS]]) -> 48 | N149: =AVERAGE(E149,G149,H149,I149,Tableau1[[#This Row],[CBS]])-Tableau1[[#This Row],[HM]] -> 9
B150: David | C150: Pastrnak | F150: 48 | G150: 47 | H150: 52 | I150: 43 | J150: 42 | K150: =AVERAGE(Tableau1[[#This Row],[Lepool.com]:[CBS]]) -> 46.4 | L150: =_xlfn.STDEV.S(Tableau1[[#This Row],[Lepool.com]:[CBS]]) -> 4.0373258 | M150: =AVERAGE(E150,G150,H150,I150,Tableau1[[#This Row],[CBS]]) -> 46 | N150: =AVERAGE(E150,G150,H150,I150,Tableau1[[#This Row],[CBS]])-Tableau1[[#This Row],[HM]] -> -2
B151: Charlie | C151: Coyle | E151: 49 | F151: 47 | G151: 46 | H151: 50 | J151: 40 | K151: =AVERAGE(Tableau1[[#This Row],[Lepool.com]:[CBS]]) -> 46.4 | L151: =_xlfn.STDEV.S(Tableau1[[#This Row],[Lepool.com]:[CBS]]) -> 3.9115214 | M151: =AVERAGE(E151,G151,H151,I151,Tableau1[[#This Row],[CBS]]) -> 46.25 | N151: =AVERAGE(E151,G151,H151,I151,Tableau1[[#This Row],[CBS]])-Tableau1[[#This Row],[HM]] -> -0.75
B152: Sean | C152: Couturier | E152: 49 | F152: 49 | G152: 40 | H152: 49 | I152: 39 | J152: 52 | K152: =AVERAGE(Tableau1[[#This Row],[Lepool.com]:[CBS]]) -> 46.333333 | L152: =_xlfn.STDEV.S(Tableau1[[#This Row],[Lepool.com]:[CBS]]) -> 5.4283208 | M152: =AVERAGE(E152,G152,H152,I152,Tableau1[[#This Row],[CBS]]) -> 45.8 | N152: =AVERAGE(E152,G152,H152,I152,Tableau1[[#This Row],[CBS]])-Tableau1[[#This Row],[HM]] -> -3.2
B153: Chris | C153: Kreider | E153: 48 | F153: 45 | G153: 47 | H153: 47 | I153: 45 | J153: 46 | K153: =AVERAGE(Tableau1[[#This Row],[Lepool.com]:[CBS]]) -> 46.333333 | L153: =_xlfn.STDEV.S(Tableau1[[#This Row],[Lepool.com]:[CBS]]) -> 1.2110601 | M153: =AVERAGE(E153,G153,H153,I153,Tableau1[[#This Row],[CBS]]) -> 46.6 | N153: =AVERAGE(E153,G153,H153,I153,Tableau1[[#This Row],[CBS]])-Tableau1[[#This Row],[HM]] -> 1.6
B154: Martin | C154: Hanzal | E154: 52 | F154: 45 | G154: 43 | H154: 43 | I154: 41 | J154: 52 | K154: =AVERAGE(Tableau1[[#This Row],[Lepool.com]:[CBS]]) -> 46 | L154: =_xlfn.STDEV.S(Tableau1[[#This Row],[Lepool.com]:[CBS]]) -> 4.8166378 | M154: =AVERAGE(E154,G154,H154,I154,Tableau1[[#This Row],[CBS]]) -> 46.2 | N154: =AVERAGE(E154,G154,H154,I154,Tableau1[[#This Row],[CBS]])-Tableau1[[#This Row],[HM]] -> 1.2
B155: Kevin | C155: Shattenkirk | E155: 48 | F155: 45 | G155: 46 | H155: 49 | I155: 38 | J155: 50 | K155: =AVERAGE(Tableau1[[#This Row],[Lepool.com]:[CBS]]) -> 46 | L155: =_xlfn.STDEV.S(Tableau1[[#This Row],[Lepool.com]:[CBS]]) -> 4.3358967 | M155: =AVERAGE(E155,G155,H155,I155,Tableau1[[#This Row],[CBS]]) -> 46.2 | N155: =AVERAGE(E155,G155,H155,I155,Tableau1[[#This Row],[CBS]])-Tableau1[[#This Row],[HM]] -> 1.2
B156: Travis | C156: Zajac | E156: 48 | F156: 44 | G156: 43 | H156: 44 | J156: 51 | K156: =AVERAGE(Tableau1[[#This Row],[Lepool.com]:[CBS]]) -> 46 | L156: =_xlfn.STDEV.S(Tableau1[[#This Row],[Lepool.com]:[CBS]]) -> 3.391165 | M156: =AVERAGE(E156,G156,H156,I156,Tableau1[[#This Row],[CBS]]) -> 46.5 | N156: =AVERAGE(E156,G156,H156,I156,Tableau1[[#This Row],[CBS]])-Tableau1[[#This Row],[HM]] -> 2.5
B157: Ryan | C157: Suter | E157: 50 | F157: 46 | G157: 46 | H157: 43 | I157: 43 | J157: 47 | K157: =AVERAGE(Tableau1[[#This Row],[Lepool.com]:[CBS]]) -> 45.833333 | L157: =_xlfn.STDEV.S(Tableau1[[#This Row],[Lepool.com]:[CBS]]) -> 2.6394444 | M157: =AVERAGE(E157,G157,H157,I157,Tableau1[[#This Row],[CBS]]) -> 45.8 | N157: =AVERAGE(E157,G157,H157,I157,Tableau1[[#This Row],[CBS]])-Tableau1[[#This Row],[HM]] -> -0.2
B158: Eric | C158: Staal | E158: 51 | F158: 41 | G158: 44 | H158: 50 | I158: 52 | J158: 36 | K158: =AVERAGE(Tableau1[[#This Row],[Lepool.com]:[CBS]]) -> 45.666667 | L158: =_xlfn.STDEV.S(Tableau1[[#This Row],[Lepool.com]:[CBS]]) -> 6.4083279 | M158: =AVERAGE(E158,G158,H158,I158,Tableau1[[#This Row],[CBS]]) -> 46.6 | N158: =AVERAGE(E158,G158,H158,I158,Tableau1[[#This Row],[CBS]])-Tableau1[[#This Row],[HM]] -> 5.6
B159: Teuvo | C159: Teravainen | E159: 47 | F159: 48 | G159: 55 | H159: 49 | J159: 29 | K159: =AVERAGE(Tableau1[[#This Row],[Lepool.com]:[CBS]]) -> 45.6 | L159: =_xlfn.STDEV.S(Tableau1[[#This Row],[Lepool.com]:[CBS]]) -> 9.7877474 | M159: =AVERAGE(E159,G159,H159,I159,Tableau1[[#This Row],[CBS]]) -> 45 | N159: =AVERAGE(E159,G159,H159,I159,Tableau1[[#This Row],[CBS]])-Tableau1[[#This Row],[HM]] -> -3
B160: Pierre-A | C160: Parenteau | E160: 48 | F160: 35 | G160: 40 | H160: 55 | J160: 50 | K160: =AVERAGE(Tableau1[[#This Row],[Lepool.com]:[CBS]]) -> 45.6 | L160: =_xlfn.STDEV.S(Tableau1[[#This Row],[Lepool.com]:[CBS]]) -> 8.0187281 | M160: =AVERAGE(E160,G160,H160,I160,Tableau1[[#This Row],[CBS]]) -> 48.25 | N160: =AVERAGE(E160,G160,H160,I160,Tableau1[[#This Row],[CBS]])-Tableau1[[#This Row],[HM]] -> 13.25
B161: Mikael | C161: Granlund | E161: 50 | F161: 46 | G161: 46 | H161: 42 | J161: 42 | K161: =AVERAGE(Tableau1[[#This Row],[Lepool.com]:[CBS]]) -> 45.2 | L161: =_xlfn.STDEV.S(Tableau1[[#This Row],[Lepool.com]:[CBS]]) -> 3.3466401 | M161: =AVERAGE(E161,G161,H161,I161,Tableau1[[#This Row],[CBS]]) -> 45 | N161: =AVERAGE(E161,G161,H161,I161,Tableau1[[#This Row],[CBS]])-Tableau1[[#This Row],[HM]] -> -1
B162: Nino | C162: Niederreiter | E162: 46 | F162: 46 | G162: 48 | H162: 48 | I162: 39 | J162: 44 | K162: =AVERAGE(Tableau1[[#This Row],[Lepool.com]:[CBS]]) -> 45.166667 | L162: =_xlfn.STDEV.S(Tableau1[[#This Row],[Lepool.com]:[CBS]]) -> 3.3714487 | M162: =AVERAGE(E162,G162,H162,I162,Tableau1[[#This Row],[CBS]]) -> 45 | N162: =AVERAGE(E162,G162,H162,I162,Tableau1[[#This Row],[CBS]])-Tableau1[[#This Row],[HM]] -> -1
B163: Jason | C163: Pominville | E163: 46 | F163: 45 | G163: 50 | H163: 42 | I163: 46 | J163: 42 | K163: =AVERAGE(Tableau1[[#This Row],[Lepool.com]:[CBS]]) -> 45.166667 | L163: =_xlfn.STDEV.S(Tableau1[[#This Row],[Lepool.com]:[CBS]]) -> 2.9944393 | M163: =AVERAGE(E163,G163,H163,I163,Tableau1[[#This Row],[CBS]]) -> 45.2 | N163: =AVERAGE(E163,G163,H163,I163,Tableau1[[#This Row],[CBS]])-Tableau1[[#This Row],[HM]] -> 0.2
B164: Jakob | C164: Silfverberg | E164: 46 | F164: 44 | G164: 42 | H164: 51 | I164: 43 | J164: 45 | K164: =AVERAGE(Tableau1[[#This Row],[Lepool.com]:[CBS]]) -> 45.166667 | L164: =_xlfn.STDEV.S(Tableau1[[#This Row],[Lepool.com]:[CBS]]) -> 3.1885211 | M164: =AVERAGE(E164,G164,H164,I164,Tableau1[[#This Row],[CBS]]) -> 45.4 | N164: =AVERAGE(E164,G164,H164,I164,Tableau1[[#This Row],[CBS]])-Tableau1[[#This Row],[HM]] -> 1.4
B165: Mikael | C165: Backlund | E165: 47 | F165: 43 | G165: 44 | H165: 42 | I165: 50 | J165: 44 | K165: =AVERAGE(Tableau1[[#This Row],[Lepool.com]:[CBS]]) -> 45 | L165: =_xlfn.STDEV.S(Tableau1[[#This Row],[Lepool.com]:[CBS]]) -> 2.9664794 | M165: =AVERAGE(E165,G165,H165,I165,Tableau1[[#This Row],[CBS]]) -> 45.4 | N165: =AVERAGE(E165,G165,H165,I165,Tableau1[[#This Row],[CBS]])-Tableau1[[#This Row],[HM]] -> 2.4
B166: William | C166: Nylander | F166: 41 | G166: 42 | H166: 42 | I166: 47 | J166: 52 | K166: =AVERAGE(Tableau1[[#This Row],[Lepool.com]:[CBS]]) -> 44.8 | L166: =_xlfn.STDEV.S(Tableau1[[#This Row],[Lepool.com]:[CBS]]) -> 4.6583259 | M166: =AVERAGE(E166,G166,H166,I166,Tableau1[[#This Row],[CBS]]) -> 45.75 | N166: =AVERAGE(E166,G166,H166,I166,Tableau1[[#This Row],[CBS]])-Tableau1[[#This Row],[HM]] -> 4.75
B167: David | C167: Backes | F167: 46 | G167: 36 | H167: 36 | I167: 52 | J167: 53 | K167: =AVERAGE(Tableau1[[#This Row],[Lepool.com]:[CBS]]) -> 44.6 | L167: =_xlfn.STDEV.S(Tableau1[[#This Row],[Lepool.com]:[CBS]]) -> 8.2945765 | M167: =AVERAGE(E167,G167,H167,I167,Tableau1[[#This Row],[CBS]]) -> 44.25 | N167: =AVERAGE(E167,G167,H167,I167,Tableau1[[#This Row],[CBS]])-Tableau1[[#This Row],[HM]] -> -1.75
B168: Brock | C168: Nelson | E168: 49 | F168: 44 | G168: 48 | H168: 41 | J168: 41 | K168: =AVERAGE(Tableau1[[#This Row],[Lepool.com]:[CBS]]) -> 44.6 | L168: =_xlfn.STDEV.S(Tableau1[[#This Row],[Lepool.com]:[CBS]]) -> 3.7815341 | M168: =AVERAGE(E168,G168,H168,I168,Tableau1[[#This Row],[CBS]]) -> 44.75 | N168: =AVERAGE(E168,G168,H168,I168,Tableau1[[#This Row],[CBS]])-Tableau1[[#This Row],[HM]] -> 0.75
B169: Carl | C169: Hagelin | F169: 42 | G169: 42 | H169: 43 | I169: 46 | J169: 49 | K169: =AVERAGE(Tableau1[[#This Row],[Lepool.com]:[CBS]]) -> 44.4 | L169: =_xlfn.STDEV.S(Tableau1[[#This Row],[Lepool.com]:[CBS]]) -> 3.0495901 | M169: =AVERAGE(E169,G169,H169,I169,Tableau1[[#This Row],[CBS]]) -> 45 | N169: =AVERAGE(E169,G169,H169,I169,Tableau1[[#This Row],[CBS]])-Tableau1[[#This Row],[HM]] -> 3
B170: Mitchell | C170: Marner | F170: 48 | H170: 49 | J170: 36 | K170: =AVERAGE(Tableau1[[#This Row],[Lepool.com]:[CBS]]) -> 44.333333 | L170: =_xlfn.STDEV.S(Tableau1[[#This Row],[Lepool.com]:[CBS]]) -> 7.2341781 | M170: =AVERAGE(E170,G170,H170,I170,Tableau1[[#This Row],[CBS]]) -> 42.5 | N170: =AVERAGE(E170,G170,H170,I170,Tableau1[[#This Row],[CBS]])-Tableau1[[#This Row],[HM]] -> -5.5
B171: Keith | C171: Yandle | F171: 45 | I171: 46 | J171: 42 | K171: =AVERAGE(Tableau1[[#This Row],[Lepool.com]:[CBS]]) -> 44.333333 | L171: =_xlfn.STDEV.S(Tableau1[[#This Row],[Lepool.com]:[CBS]]) -> 2.081666 | M171: =AVERAGE(E171,G171,H171,I171,Tableau1[[#This Row],[CBS]]) -> 44 | N171: =AVERAGE(E171,G171,H171,I171,Tableau1[[#This Row],[CBS]])-Tableau1[[#This Row],[HM]] -> -1
B172: Joe | C172: Colborne | E172: 45 | F172: 42 | G172: 45 | J172: 45 | K172: =AVERAGE(Tableau1[[#This Row],[Lepool.com]:[CBS]]) -> 44.25 | L172: =_xlfn.STDEV.S(Tableau1[[#This Row],[Lepool.com]:[CBS]]) -> 1.5 | M172: =AVERAGE(E172,G172,H172,I172,Tableau1[[#This Row],[CBS]]) -> 45 | N172: =AVERAGE(E172,G172,H172,I172,Tableau1[[#This Row],[CBS]])-Tableau1[[#This Row],[HM]] -> 3
B173: Alex | C173: Killorn | F173: 42 | G173: 47 | H173: 44 | I173: 39 | J173: 49 | K173: =AVERAGE(Tableau1[[#This Row],[Lepool.com]:[CBS]]) -> 44.2 | L173: =_xlfn.STDEV.S(Tableau1[[#This Row],[Lepool.com]:[CBS]]) -> 3.9623226 | M173: =AVERAGE(E173,G173,H173,I173,Tableau1[[#This Row],[CBS]]) -> 44.75 | N173: =AVERAGE(E173,G173,H173,I173,Tableau1[[#This Row],[CBS]])-Tableau1[[#This Row],[HM]] -> 2.75
B174: J.T. | C174: Miller | E174: 49 | F174: 41 | G174: 41 | H174: 43 | I174: 45 | J174: 45 | K174: =AVERAGE(Tableau1[[#This Row],[Lepool.com]:[CBS]]) -> 44 | L174: =_xlfn.STDEV.S(Tableau1[[#This Row],[Lepool.com]:[CBS]]) -> 3.0331502 | M174: =AVERAGE(E174,G174,H174,I174,Tableau1[[#This Row],[CBS]]) -> 44.6 | N174: =AVERAGE(E174,G174,H174,I174,Tableau1[[#This Row],[CBS]])-Tableau1[[#This Row],[HM]] -> 3.6
B175: Rasmus | C175: Ristolainen | E175: 45 | F175: 47 | G175: 45 | H175: 46 | I175: 41 | J175: 39 | K175: =AVERAGE(Tableau1[[#This Row],[Lepool.com]:[CBS]]) -> 43.833333 | L175: =_xlfn.STDEV.S(Tableau1[[#This Row],[Lepool.com]:[CBS]]) -> 3.1251667 | M175: =AVERAGE(E175,G175,H175,I175,Tableau1[[#This Row],[CBS]]) -> 43.2 | N175: =AVERAGE(E175,G175,H175,I175,Tableau1[[#This Row],[CBS]])-Tableau1[[#This Row],[HM]] -> -3.8
B176: Teddy | C176: Purcell | E176: 46 | F176: 40 | G176: 39 | H176: 47 | J176: 47 | K176: =AVERAGE(Tableau1[[#This Row],[Lepool.com]:[CBS]]) -> 43.8 | L176: =_xlfn.STDEV.S(Tableau1[[#This Row],[Lepool.com]:[CBS]]) -> 3.9623226 | M176: =AVERAGE(E176,G176,H176,I176,Tableau1[[#This Row],[CBS]]) -> 44.75 | N176: =AVERAGE(E176,G176,H176,I176,Tableau1[[#This Row],[CBS]])-Tableau1[[#This Row],[HM]] -> 4.75
B177: Alex | C177: Pietrangelo | E177: 48 | F177: 47 | G177: 45 | H177: 40 | I177: 41 | J177: 41 | K177: =AVERAGE(Tableau1[[#This Row],[Lepool.com]:[CBS]]) -> 43.666667 | L177: =_xlfn.STDEV.S(Tableau1[[#This Row],[Lepool.com]:[CBS]]) -> 3.4448028 | M177: =AVERAGE(E177,G177,H177,I177,Tableau1[[#This Row],[CBS]]) -> 43 | N177: =AVERAGE(E177,G177,H177,I177,Tableau1[[#This Row],[CBS]])-Tableau1[[#This Row],[HM]] -> -4
B178: Antoine | C178: Vermette | F178: 43 | G178: 42 | H178: 41 | J178: 48 | K178: =AVERAGE(Tableau1[[#This Row],[Lepool.com]:[CBS]]) -> 43.5 | L178: =_xlfn.STDEV.S(Tableau1[[#This Row],[Lepool.com]:[CBS]]) -> 3.1091264 | M178: =AVERAGE(E178,G178,H178,I178,Tableau1[[#This Row],[CBS]]) -> 43.666667 | N178: =AVERAGE(E178,G178,H178,I178,Tableau1[[#This Row],[CBS]])-Tableau1[[#This Row],[HM]] -> 0.66666667
B179: Artem | C179: Anisimov | E179: 44 | F179: 44 | G179: 44 | H179: 38 | J179: 47 | K179: =AVERAGE(Tableau1[[#This Row],[Lepool.com]:[CBS]]) -> 43.4 | L179: =_xlfn.STDEV.S(Tableau1[[#This Row],[Lepool.com]:[CBS]]) -> 3.2863353 | M179: =AVERAGE(E179,G179,H179,I179,Tableau1[[#This Row],[CBS]]) -> 43.25 | N179: =AVERAGE(E179,G179,H179,I179,Tableau1[[#This Row],[CBS]])-Tableau1[[#This Row],[HM]] -> -0.75
B180: Dylan | C180: Strome | E180: 50 | F180: 39 | H180: 50 | I180: 43 | J180: 35 | K180: =AVERAGE(Tableau1[[#This Row],[Lepool.com]:[CBS]]) -> 43.4 | L180: =_xlfn.STDEV.S(Tableau1[[#This Row],[Lepool.com]:[CBS]]) -> 6.6558245 | M180: =AVERAGE(E180,G180,H180,I180,Tableau1[[#This Row],[CBS]]) -> 44.5 | N180: =AVERAGE(E180,G180,H180,I180,Tableau1[[#This Row],[CBS]])-Tableau1[[#This Row],[HM]] -> 5.5
...

Sheet Manquants
A1: Evander Kane
A2: David Pastrnak
A3: Jimmy Vesey | C3: Iginla | D3: =VLOOKUP(Manquants!C3,Tableau1[[Nom]:[HM]],4,0) -> 39 | I3: Colonne1 | J3: Colonne2 | K3: PoolPro | L3: HN | M3: Colonne3
C4: Hossa | D4: =VLOOKUP(Manquants!C4,Tableau1[[Nom]:[HM]],4,0) -> 40 | F4: Hossa | G4: #N/A | I4: David | J4: Backes | K4: 52 | L4: 50 | M4: 46 | O4: 52 | P4: 50
C5: Purcell | D5: =VLOOKUP(Manquants!C5,Tableau1[[Nom]:[HM]],4,0) -> 40 | F5: Rieder | G5: #N/A | I5: Tyler | J5: Bozak | K5: 44 | M5: 45 | O5: 44
C6: Puljujarvi | D6: =VLOOKUP(Manquants!C6,Tableau1[[Nom]:[HM]],4,0) -> 40 | F6: Brouwer | G6: #N/A | I6: Troy | J6: Brouwer | K6: 49 | L6: 43 | M6: 40 | O6: 49 | P6: 43
C7: Rieder | D7: =VLOOKUP(Manquants!C7,Tableau1[[Nom]:[HM]],4,0) -> 40 | F7: Lehtera | G7: #N/A | I7: Andre | J7: Burakovsky | K7: 36 | L7: 51 | M7: 43 | O7: 36 | P7: 51
C8: Brouwer | D8: =VLOOKUP(Manquants!C8,Tableau1[[Nom]:[HM]],4,0) -> 40 | F8: Nylander | I8: Shane | J8: Doan | K8: 42 | L8: 42 | M8: 43 | O8: 42 | P8: 42
C9: Hartnell | D9: =VLOOKUP(Manquants!C9,Tableau1[[Nom]:[HM]],4,0) -> 40 | F9: Stafford | G9: #N/A | I9: Joonas | J9: Donskoi | K9: 42 | M9: 43 | O9: 42
C10: Smith | D10: =VLOOKUP(Manquants!C10,Tableau1[[Nom]:[HM]],4,0) -> 52 | F10: Muzzin | I10: Tyler | J10: Ennis | K10: 37 | L10: 42 | M10: 44 | O10: 37 | P10: 42
C11: Lehtera | D11: =VLOOKUP(Manquants!C11,Tableau1[[Nom]:[HM]],4,0) -> 41 | F11: Seabrook | I11: Carl | J11: Hagelin | K11: 41 | L11: 45 | M11: 42 | O11: 41 | P11: 45
C12: Miller | D12: =VLOOKUP(Manquants!C12,Tableau1[[Nom]:[HM]],4,0) -> 41 | F12: Killorn | I12: Dougie | J12: Hamilton | K12: 47 | L12: 44 | M12: 45 | O12: 47 | P12: 44
C13: Nylander | D13: =VLOOKUP(Manquants!C13,Tableau1[[Nom]:[HM]],4,0) -> 41 | F13: Hagelin | I13: Marian | J13: Hossa | K13: 42 | L13: 43 | M13: 40 | O13: 42 | P13: 43
C14: Vanek | D14: =VLOOKUP(Manquants!C14,Tableau1[[Nom]:[HM]],4,0) -> 41 | F14: Donskoi | I14: Alex | J14: Killorn | K14: 43 | L14: 40 | M14: 42 | O14: 43 | P14: 40
C15: Stafford | D15: =VLOOKUP(Manquants!C15,Tableau1[[Nom]:[HM]],4,0) -> 41 | F15: Vermette | G15: #N/A | I15: Nick | J15: Leddy | K15: 42 | L15: 41 | M15: 45 | O15: 42 | P15: 41
C16: Muzzin | D16: =VLOOKUP(Manquants!C16,Tableau1[[Nom]:[HM]],4,0) -> 42 | F16: Burakovsky | G16: #N/A | I16: Jori | J16: Lehtera | K16: 40 | L16: 36 | M16: 41 | O16: 40 | P16: 36
C17: Seabrook | D17: =VLOOKUP(Manquants!C17,Tableau1[[Nom]:[HM]],4,0) -> 42 | F17: Doan | G17: #N/A | I17: Elias | J17: Lindholm | K17: 44 | L17: 31 | M17: 47 | O17: 44 | P17: 31
C18: Ribeiro | D18: =VLOOKUP(Manquants!C18,Tableau1[[Nom]:[HM]],4,0) -> 42 | F18: Ennis | I18: Jake | J18: Muzzin | K18: 42 | L18: 39 | M18: 42 | O18: 42 | P18: 39
C19: Killorn | D19: =VLOOKUP(Manquants!C19,Tableau1[[Nom]:[HM]],4,0) -> 42 | F19: Sifverberg | G19: #N/A | I19: William | J19: Nylander | L19: 55 | M19: 41 | P19: 55
C20: Ekblad | D20: =VLOOKUP(Manquants!C20,Tableau1[[Nom]:[HM]],4,0) -> 42 | F20: Yandle | I20: Jean-Gabriel | J20: Pageau | M20: 47
C21: Hagelin | D21: =VLOOKUP(Manquants!C21,Tableau1[[Nom]:[HM]],4,0) -> 42 | F21: Leddy | G21: #N/A | I21: Tanner | J21: Pearson | K21: 43 | L21: 45 | M21: 45 | O21: 43 | P21: 45
C22: Colborne | D22: =VLOOKUP(Manquants!C22,Tableau1[[Nom]:[HM]],4,0) -> 42 | F22: Hamilton | I22: Mathieu | J22: Perreault | K22: 45 | L22: 42 | M22: 46 | O22: 45 | P22: 42
C23: Duclair | D23: =VLOOKUP(Manquants!C23,Tableau1[[Nom]:[HM]],4,0) -> 42 | F23: Pearson | I23: Tobias | J23: Rieder | K23: 41 | L23: 43 | M23: 40 | O23: 41 | P23: 43
C24: Donskoi | D24: =VLOOKUP(Manquants!C24,Tableau1[[Nom]:[HM]],4,0) -> 43 | F24: Bozak | G24: #N/A | I24: Morgan | J24: Rielly | K24: 42 | L24: 48 | M24: 46 | O24: 42 | P24: 48
C25: Backlund | D25: =VLOOKUP(Manquants!C25,Tableau1[[Nom]:[HM]],4,0) -> 43 | F25: Rielly | I25: Brent | J25: Seabrook | K25: 42 | L25: 39 | M25: 42 | O25: 42 | P25: 39
C26: Vermette | D26: =VLOOKUP(Manquants!C26,Tableau1[[Nom]:[HM]],4,0) -> 43 | F26: Perreault | G26: #N/A | I26: Jakob | J26: Sifverberg | K26: 42 | L26: 51 | M26: 44 | O26: 42 | P26: 51
C27: Burakovsky | D27: =VLOOKUP(Manquants!C27,Tableau1[[Nom]:[HM]],4,0) -> 43 | F27: Backes | G27: #N/A | I27: Drew | J27: Stafford | K27: 36 | L27: 36 | M27: 41 | O27: 36 | P27: 36
C28: Doan | D28: =VLOOKUP(Manquants!C28,Tableau1[[Nom]:[HM]],4,0) -> 43 | F28: Lindholm | G28: #N/A | I28: Antoine | J28: Vermette | L28: 35 | M28: 43 | P28: 35
C29: Zajac | D29: =VLOOKUP(Manquants!C29,Tableau1[[Nom]:[HM]],4,0) -> 44 | F29: Pageau | I29: Keith | J29: Yandle | K29: 49 | M29: 45 | O29: 49
C30: Horvat | D30: =VLOOKUP(Manquants!C30,Tableau1[[Nom]:[HM]],4,0) -> 44
C31: Foligno | D31: =VLOOKUP(Manquants!C31,Tableau1[[Nom]:[HM]],4,0) -> 44 | I31: Seth | J31: Jones
C32: Ennis | D32: =VLOOKUP(Manquants!C32,Tableau1[[Nom]:[HM]],4,0) -> 44 | G32: #N/A | I32: David | J32: Pastrnak
C33: Anisimov | D33: =VLOOKUP(Manquants!C33,Tableau1[[Nom]:[HM]],4,0) -> 44 | I33: TJ | J33: Brodie
C34: Sifverberg | D34: =VLOOKUP(Manquants!C34,Tableau1[[Nom]:[HM]],4,0) -> 44 | G34: #N/A | I34: Mitch | J34: Marner
C35: Nelson | D35: =VLOOKUP(Manquants!C35,Tableau1[[Nom]:[HM]],4,0) -> 44
C36: Yandle | D36: =VLOOKUP(Manquants!C36,Tableau1[[Nom]:[HM]],4,0) -> 45 | G36: #N/A
C37: Leddy | D37: =VLOOKUP(Manquants!C37,Tableau1[[Nom]:[HM]],4,0) -> 45 | G37: #N/A
C38: Hamilton | D38: =VLOOKUP(Manquants!C38,Tableau1[[Nom]:[HM]],4,0) -> 45 | E38: 19 | G38: #N/A
C39: Shattenkirk | D39: =VLOOKUP(Manquants!C39,Tableau1[[Nom]:[HM]],4,0) -> 45
C40: Faulk | D40: =VLOOKUP(Manquants!C40,Tableau1[[Nom]:[HM]],4,0) -> 45
C41: Pominville | D41: =VLOOKUP(Manquants!C41,Tableau1[[Nom]:[HM]],4,0) -> 45
C42: Johansson | D42: =VLOOKUP(Manquants!C42,Tableau1[[Nom]:[HM]],4,0) -> 45
C43: Hanzal | D43: =VLOOKUP(Manquants!C43,Tableau1[[Nom]:[HM]],4,0) -> 45
C44: Pearson | D44: =VLOOKUP(Manquants!C44,Tableau1[[Nom]:[HM]],4,0) -> 45 | G44: #N/A
C45: Bozak | D45: =VLOOKUP(Manquants!C45,Tableau1[[Nom]:[HM]],4,0) -> 45 | G45: #N/A
C46: Kreider | D46: =VLOOKUP(Manquants!C46,Tableau1[[Nom]:[HM]],4,0) -> 45
C47: Suter | D47: =VLOOKUP(Manquants!C47,Tableau1[[Nom]:[HM]],4,0) -> 46
C48: Rielly | D48: =VLOOKUP(Manquants!C48,Tableau1[[Nom]:[HM]],4,0) -> 46 | G48: #N/A
C49: Spooner | D49: =VLOOKUP(Manquants!C49,Tableau1[[Nom]:[HM]],4,0) -> 46
C50: Perreault | D50: =VLOOKUP(Manquants!C50,Tableau1[[Nom]:[HM]],4,0) -> 46 | G50: #N/A
C51: Granlund | D51: =VLOOKUP(Manquants!C51,Tableau1[[Nom]:[HM]],4,0) -> 46
B52: Ryan | C52: Strome | D52: =VLOOKUP(Manquants!C52,Tableau1[[Nom]:[HM]],4,0) -> 39
C53: Bennett | D53: =VLOOKUP(Manquants!C53,Tableau1[[Nom]:[HM]],4,0) -> 46
C54: Niederreiter | D54: =VLOOKUP(Manquants!C54,Tableau1[[Nom]:[HM]],4,0) -> 46
C55: Backes | D55: =VLOOKUP(Manquants!C55,Tableau1[[Nom]:[HM]],4,0) -> 46 | G55: #N/A
C56: Pietrangelo | D56: =VLOOKUP(Manquants!C56,Tableau1[[Nom]:[HM]],4,0) -> 47
C57: Ristolainen | D57: =VLOOKUP(Manquants!C57,Tableau1[[Nom]:[HM]],4,0) -> 47
C58: Lindholm | D58: =VLOOKUP(Manquants!C58,Tableau1[[Nom]:[HM]],4,0) -> 47 | G58: #N/A
C59: Pageau | D59: =VLOOKUP(Manquants!C59,Tableau1[[Nom]:[HM]],4,0) -> 47 | E59: 26 | G59: #N/A
C60: Williams | D60: =VLOOKUP(Manquants!C60,Tableau1[[Nom]:[HM]],4,0) -> 47
C61: Tatar | D61: =VLOOKUP(Manquants!C61,Tableau1[[Nom]:[HM]],4,0) -> 47
C62: Coyle | D62: =VLOOKUP(Manquants!C62,Tableau1[[Nom]:[HM]],4,0) -> 47
C63: Ryan | D63: =VLOOKUP(Manquants!C63,Tableau1[[Nom]:[HM]],4,0) -> 47
C64: Jones | D64: =VLOOKUP(Manquants!C64,Tableau1[[Nom]:[HM]],4,0) -> 48 | F64: Jones | G64: #N/A
C65: Soderberg | D65: =VLOOKUP(Manquants!C65,Tableau1[[Nom]:[HM]],4,0) -> 48
C66: Dubinsky | D66: =VLOOKUP(Manquants!C66,Tableau1[[Nom]:[HM]],4,0) -> 48
C67: Teravainen | D67: =VLOOKUP(Manquants!C67,Tableau1[[Nom]:[HM]],4,0) -> 48
C68: Marner | D68: =VLOOKUP(Manquants!C68,Tableau1[[Nom]:[HM]],4,0) -> 48 | F68: Marner | G68: #N/A
C69: Kadri | D69: =VLOOKUP(Manquants!C69,Tableau1[[Nom]:[HM]],4,0) -> 48
C70: Nyquist | D70: =VLOOKUP(Manquants!C70,Tableau1[[Nom]:[HM]],4,0) -> 48
C71: Laine | D71: =VLOOKUP(Manquants!C71,Tableau1[[Nom]:[HM]],4,0) -> 48
C72: Fabbri | D72: =VLOOKUP(Manquants!C72,Tableau1[[Nom]:[HM]],4,0) -> 48
C73: Pastrnak | D73: =VLOOKUP(Manquants!C73,Tableau1[[Nom]:[HM]],4,0) -> 48 | F73: Pastrnak | G73: #N/A
C74: Brodie | D74: =VLOOKUP(Manquants!C74,Tableau1[[Nom]:[HM]],4,0) -> 49 | F74: Brodie | G74: #N/A
C75: Couturier | D75: =VLOOKUP(Manquants!C75,Tableau1[[Nom]:[HM]],4,0) -> 49
D76: =VLOOKUP(Manquants!C76,Tableau1[[Nom]:[HM]],4,0) -> #N/A
D77: =VLOOKUP(Manquants!C77,Tableau1[[Nom]:[HM]],4,0) -> #N/A
D78: =VLOOKUP(Manquants!C78,Tableau1[[Nom]:[HM]],4,0) -> #N/A
D79: =VLOOKUP(Manquants!C79,Tableau1[[Nom]:[HM]],4,0) -> #N/A
D80: =VLOOKUP(Manquants!C80,Tableau1[[Nom]:[HM]],4,0) -> #N/A
D81: =VLOOKUP(Manquants!C81,Tableau1[[Nom]:[HM]],4,0) -> #N/A
D82: =VLOOKUP(Manquants!C82,Tableau1[[Nom]:[HM]],4,0) -> #N/A

Sheet ESPN
A2: 1 | B2: Jamie Benn*, Dal LW O | C2: 41 | D2: 52 | E2: =C2+D2 -> 93 | H2: Jamie Benn | I2: 93 | K2: Sidney | L2: Crosby | M2: =K2&" "&L2 -> Sidney Crosby | N2: =VLOOKUP(M2,$H$2:$I$201,2,0) -> 93 | P2: Marian | Q2: Hossa | W2: 44
A3: 2 | B3: Patrick Kane, Chi RW | C3: 43 | D3: 48 | E3: =C3+D3 -> 91 | H3: Patrick Kane | I3: 91 | K3: Patrick | L3: Kane | M3: =K3&" "&L3 -> Patrick Kane | N3: =VLOOKUP(M3,$H$2:$I$201,2,0) -> 91 | P3: Tobias | Q3: Rieder
A4: 3 | B4: Sidney Crosby, Pit C | C4: 35 | D4: 58 | E4: =C4+D4 -> 93 | H4: Sidney Crosby | I4: 93 | K4: Connor | L4: McDavid | M4: =K4&" "&L4 -> Connor McDavid | N4: =VLOOKUP(M4,$H$2:$I$201,2,0) -> 84 | P4: Troy | Q4: Brouwer
A5: 4 | B5: Joe Pavelski, SJ C | C5: 38 | D5: 38 | E5: =C5+D5 -> 76 | H5: Joe Pavelski | I5: 76 | K5: Jamie | L5: Benn | M5: =K5&" "&L5 -> Jamie Benn | N5: =VLOOKUP(M5,$H$2:$I$201,2,0) -> 93 | P5: Jori | Q5: Lehtera | W5: 40
A6: 5 | B6: Erik Karlsson, Ott D | C6: 19 | D6: 63 | E6: =C6+D6 -> 82 | H6: Erik Karlsson | I6: 82 | K6: Tyler | L6: Seguin | M6: =K6&" "&L6 -> Tyler Seguin | N6: =VLOOKUP(M6,$H$2:$I$201,2,0) -> 77 | P6: William | Q6: Nylander | W6: 47
A7: 6 | B7: Vladimir Tarasenko, StL RW | C7: 42 | D7: 39 | E7: =C7+D7 -> 81 | H7: Vladimir Tarasenko | I7: 81 | K7: John | L7: Tavares | M7: =K7&" "&L7 -> John Tavares | N7: =VLOOKUP(M7,$H$2:$I$201,2,0) -> 78 | P7: Drew | Q7: Stafford
A8: 7 | B8: Alex Ovechkin, Wsh RW | C8: 51 | D8: 22 | E8: =C8+D8 -> 73 | H8: Alex Ovechkin | I8: 73 | K8: Johnny | L8: Gaudreau | M8: =K8&" "&L8 -> Johnny Gaudreau | N8: =VLOOKUP(M8,$H$2:$I$201,2,0) -> 84 | P8: Jake | Q8: Muzzin | W8: 39
A9: 8 | B9: Connor McDavid, Edm C | C9: 30 | D9: 54 | E9: =C9+D9 -> 84 | H9: Connor McDavid | I9: 84 | K9: Erik | L9: Karlsson | M9: =K9&" "&L9 -> Erik Karlsson | N9: =VLOOKUP(M9,$H$2:$I$201,2,0) -> 82 | P9: Brent | Q9: Seabrook | W9: 37
A10: 9 | B10: Brent Burns, SJ D | C10: 28 | D10: 43 | E10: =C10+D10 -> 71 | H10: Brent Burns | I10: 71 | K10: Vladimir | L10: Tarasenko | M10: =K10&" "&L10 -> Vladimir Tarasenko | N10: =VLOOKUP(M10,$H$2:$I$201,2,0) -> 81 | P10: Alex | Q10: Killorn | W10: 39
A11: 10 | B11: Johnny Gaudreau, Cgy LW | C11: 34 | D11: 50 | E11: =C11+D11 -> 84 | H11: Johnny Gaudreau | I11: 84 | K11: Alexander | L11: Ovechkin | M11: =K11&" "&L11 -> Alexander Ovechkin | N11: 73 | P11: Carl | Q11: Hagelin | W11: 46
A12: 11 | B12: John Tavares, NYI C | C12: 36 | D12: 42 | E12: =C12+D12 -> 78 | H12: John Tavares | I12: 78 | K12: Joe | L12: Pavelski | M12: =K12&" "&L12 -> Joe Pavelski | N12: =VLOOKUP(M12,$H$2:$I$201,2,0) -> 76 | P12: Joonas | Q12: Donskoi
A13: 12 | B13: Artemi Panarin, Chi C | C13: 32 | D13: 50 | E13: =C13+D13 -> 82 | H13: Artemi Panarin | I13: 82 | K13: Nicklas | L13: Backstrom | M13: =K13&" "&L13 -> Nicklas Backstrom | N13: =VLOOKUP(M13,$H$2:$I$201,2,0) -> 76 | P13: Antoine | Q13: Vermette
A14: 13 | B14: Tyler Seguin*, Dal C O | C14: 35 | D14: 42 | E14: =C14+D14 -> 77 | H14: Tyler Seguin | I14: 77 | K14: Claude | L14: Giroux | M14: =K14&" "&L14 -> Claude Giroux | N14: =VLOOKUP(M14,$H$2:$I$201,2,0) -> 70 | P14: Andre | Q14: Burakovsky
A15: 14 | B15: Nikita Kucherov, TB RW | C15: 34 | D15: 40 | E15: =C15+D15 -> 74 | H15: Nikita Kucherov | I15: 74 | K15: Evgeni | L15: Malkin | M15: =K15&" "&L15 -> Evgeni Malkin | N15: =VLOOKUP(M15,$H$2:$I$201,2,0) -> 72 | P15: Shane | Q15: Doan | W15: 41
A16: 15 | B16: Nicklas Backstrom, Wsh C | C16: 19 | D16: 57 | E16: =C16+D16 -> 76 | H16: Nicklas Backstrom | I16: 76 | K16: Evgeny | L16: Kuznetsov | M16: =K16&" "&L16 -> Evgeny Kuznetsov | N16: =VLOOKUP(M16,$H$2:$I$201,2,0) -> 80 | P16: Tyler | Q16: Ennis
A17: 16 | B17: Patrice Bergeron, Bos C | C17: 26 | D17: 34 | E17: =C17+D17 -> 60 | H17: Patrice Bergeron | I17: 60 | K17: Steven | L17: Stamkos | M17: =K17&" "&L17 -> Steven Stamkos | N17: =VLOOKUP(M17,$H$2:$I$201,2,0) -> 70 | P17: Jakob | Q17: Sifverberg
A18: 17 | B18: Evgeni Malkin, Pit C | C18: 27 | D18: 45 | E18: =C18+D18 -> 72 | H18: Evgeni Malkin | I18: 72 | K18: Nikita | L18: Kucherov | M18: =K18&" "&L18 -> Nikita Kucherov | N18: =VLOOKUP(M18,$H$2:$I$201,2,0) -> 74 | P18: Keith | Q18: Yandle | W18: 46
A19: 18 | B19: Dustin Byfuglien, Wpg D | C19: 18 | D19: 33 | E19: =C19+D19 -> 51 | H19: Dustin Byfuglien | I19: 51 | K19: Anze | L19: Kopitar | M19: =K19&" "&L19 -> Anze Kopitar | N19: =VLOOKUP(M19,$H$2:$I$201,2,0) -> 73 | P19: Nick | Q19: Leddy | W19: 35
A20: 19 | B20: Blake Wheeler, Wpg RW | C20: 30 | D20: 43 | E20: =C20+D20 -> 73 | H20: Blake Wheeler | I20: 73 | K20: Ryan | L20: Getzlaf | M20: =K20&" "&L20 -> Ryan Getzlaf | N20: =VLOOKUP(M20,$H$2:$I$201,2,0) -> 66 | P20: Dougie | Q20: Hamilton | W20: 44
A21: 20 | B21: Steven Stamkos, TB C | C21: 40 | D21: 30 | E21: =C21+D21 -> 70 | H21: Steven Stamkos | I21: 70 | K21: Artemi | L21: Panarin | M21: =K21&" "&L21 -> Artemi Panarin | N21: =VLOOKUP(M21,$H$2:$I$201,2,0) -> 82 | P21: Tanner | Q21: Pearson
A22: 21 | B22: Anze Kopitar, LA C | C22: 23 | D22: 50 | E22: =C22+D22 -> 73 | H22: Anze Kopitar | I22: 73 | K22: Joe | L22: Thornton | M22: =K22&" "&L22 -> Joe Thornton | N22: =VLOOKUP(M22,$H$2:$I$201,2,0) -> 76 | P22: Tyler | Q22: Bozak
A23: 22 | B23: Joe Thornton, SJ C | C23: 17 | D23: 59 | E23: =C23+D23 -> 76 | H23: Joe Thornton | I23: 76 | K23: Blake | L23: Wheeler | M23: =K23&" "&L23 -> Blake Wheeler | N23: =VLOOKUP(M23,$H$2:$I$201,2,0) -> 73 | P23: Morgan | Q23: Rielly
A24: 23 | B24: Evgeny Kuznetsov, Wsh C | C24: 25 | D24: 55 | E24: =C24+D24 -> 80 | H24: Evgeny Kuznetsov | I24: 80 | K24: Aleksander | L24: Barkov | M24: =K24&" "&L24 -> Aleksander Barkov | N24: =VLOOKUP(M24,$H$2:$I$201,2,0) -> 59 | P24: Mathieu | Q24: Perreault
A25: 24 | B25: Corey Perry, Ana RW | C25: 33 | D25: 30 | E25: =C25+D25 -> 63 | H25: Corey Perry | I25: 63 | K25: Mark | L25: Scheifele | M25: =K25&" "&L25 -> Mark Scheifele | N25: =VLOOKUP(M25,$H$2:$I$201,2,0) -> 61 | P25: David | Q25: Backes | W25: 52
A26: 25 | B26: Phil Kessel*, Pit RW O | C26: 28 | D26: 38 | E26: =C26+D26 -> 66 | H26: Phil Kessel | I26: 66 | K26: Ryan | L26: Johansen | M26: =K26&" "&L26 -> Ryan Johansen | N26: =VLOOKUP(M26,$H$2:$I$201,2,0) -> 54 | P26: Elias | Q26: Lindholm
A27: 26 | B27: Wayne Simmonds, Phi LW | C27: 30 | D27: 27 | E27: =C27+D27 -> 57 | H27: Wayne Simmonds | I27: 57 | K27: Filip | L27: Forsberg | M27: =K27&" "&L27 -> Filip Forsberg | N27: =VLOOKUP(M27,$H$2:$I$201,2,0) -> 57 | P27: Jean-Gabriel | Q27: Pageau
A28: 27 | B28: Oliver Ekman-Larsson, Ari D | C28: 24 | D28: 32 | E28: =C28+D28 -> 56 | H28: Oliver Ekman-Larsson | I28: 56 | K28: Sean | L28: Monahan | M28: =K28&" "&L28 -> Sean Monahan | N28: =VLOOKUP(M28,$H$2:$I$201,2,0) -> 68
A29: 28 | B29: P.K. Subban*, Nsh D O | C29: 9 | D29: 44 | E29: =C29+D29 -> 53 | H29: P.K. Subban | I29: 53 | K29: Corey | L29: Perry | M29: =K29&" "&L29 -> Corey Perry | N29: =VLOOKUP(M29,$H$2:$I$201,2,0) -> 63
A30: 29 | B30: Claude Giroux, Phi C | C30: 24 | D30: 46 | E30: =C30+D30 -> 70 | H30: Claude Giroux | I30: 70 | K30: Taylor | L30: Hall | M30: =K30&" "&L30 -> Taylor Hall | N30: =VLOOKUP(M30,$H$2:$I$201,2,0) -> 63
A31: 30 | B31: Tyler Toffoli, LA RW | C31: 34 | D31: 30 | E31: =C31+D31 -> 64 | H31: Tyler Toffoli | I31: 64 | K31: Max | L31: Pacioretty | M31: =K31&" "&L31 -> Max Pacioretty | N31: =VLOOKUP(M31,$H$2:$I$201,2,0) -> 61
A32: 31 | B32: Ryan Getzlaf, Ana C | C32: 15 | D32: 51 | E32: =C32+D32 -> 66 | H32: Ryan Getzlaf | I32: 66 | K32: Jakub | L32: Voracek | M32: =K32&" "&L32 -> Jakub Voracek | N32: =VLOOKUP(M32,$H$2:$I$201,2,0) -> 57
A33: 32 | B33: Drew Doughty, LA D | C33: 11 | D33: 35 | E33: =C33+D33 -> 46 | H33: Drew Doughty | I33: 46 | K33: Jonathan | L33: Huberdeau | M33: =K33&" "&L33 -> Jonathan Huberdeau | N33: =VLOOKUP(M33,$H$2:$I$201,2,0) -> 60
A34: 33 | B34: Kris Letang, Pit D | C34: 14 | D34: 39 | E34: =C34+D34 -> 53 | H34: Kris Letang | I34: 53 | K34: Brent | L34: Burns | M34: =K34&" "&L34 -> Brent Burns | N34: =VLOOKUP(M34,$H$2:$I$201,2,0) -> 71
A35: 34 | B35: Roman Josi, Nsh D | C35: 14 | D35: 49 | E35: =C35+D35 -> 63 | H35: Roman Josi | I35: 63 | K35: Jack | L35: Eichel | M35: =K35&" "&L35 -> Jack Eichel | N35: =VLOOKUP(M35,$H$2:$I$201,2,0) -> 64
A36: 35 | B36: Max Pacioretty, Mon LW | C36: 32 | D36: 29 | E36: =C36+D36 -> 61 | H36: Max Pacioretty | I36: 61 | K36: Logan | L36: Couture | M36: =K36&" "&L36 -> Logan Couture | N36: =VLOOKUP(M36,$H$2:$I$201,2,0) -> 56
A37: 36 | B37: Mark Giordano, Cgy D | C37: 17 | D37: 35 | E37: =C37+D37 -> 52 | H37: Mark Giordano | I37: 52 | K37: David | L37: Krejci | M37: =K37&" "&L37 -> David Krejci | N37: =VLOOKUP(M37,$H$2:$I$201,2,0) -> 55
A38: 37 | B38: Daniel Sedin, Van LW | C38: 25 | D38: 41 | E38: =C38+D38 -> 66 | H38: Daniel Sedin | I38: 66 | K38: Jordan | L38: Eberle | M38: =K38&" "&L38 -> Jordan Eberle | N38: =VLOOKUP(M38,$H$2:$I$201,2,0) -> 56
A39: 38 | B39: Jonathan Toews, Chi C | C39: 28 | D39: 32 | E39: =C39+D39 -> 60 | H39: Jonathan Toews | I39: 60 | K39: Kristopher | L39: Letang | M39: =K39&" "&L39 -> Kristopher Letang | N39: 53
A40: 39 | B40: Shea Weber, Mon D | C40: 17 | D40: 28 | E40: =C40+D40 -> 45 | H40: Shea Weber | I40: 45 | K40: Phil | L40: Kessel | M40: =K40&" "&L40 -> Phil Kessel | N40: =VLOOKUP(M40,$H$2:$I$201,2,0) -> 66
A41: 40 | B41: Brad Marchand, Bos LW | C41: 29 | D41: 23 | E41: =C41+D41 -> 52 | H41: Brad Marchand | I41: 52 | K41: Jonathan | L41: Toews | M41: =K41&" "&L41 -> Jonathan Toews | N41: =VLOOKUP(M41,$H$2:$I$201,2,0) -> 60
A42: 41 | B42: Filip Forsberg, Nsh C | C42: 27 | D42: 30 | E42: =C42+D42 -> 57 | H42: Filip Forsberg | I42: 57 | K42: Mark | L42: Stone | M42: =K42&" "&L42 -> Mark Stone | N42: =VLOOKUP(M42,$H$2:$I$201,2,0) -> 62
A43: 42 | B43: John Klingberg, Dal D | C43: 12 | D43: 42 | E43: =C43+D43 -> 54 | H43: John Klingberg | I43: 54 | K43: Ryan | L43: O'Reilly | M43: =K43&" "&L43 -> Ryan O'Reilly | N43: =VLOOKUP(M43,$H$2:$I$201,2,0) -> 59
A44: 43 | B44: James Neal, Nsh LW | C44: 26 | D44: 25 | E44: =C44+D44 -> 51 | H44: James Neal | I44: 51 | K44: Matt | L44: Duchene | M44: =K44&" "&L44 -> Matt Duchene | N44: =VLOOKUP(M44,$H$2:$I$201,2,0) -> 58
A45: 44 | B45: Jakub Voracek, Phi RW | C45: 17 | D45: 40 | E45: =C45+D45 -> 57 | H45: Jakub Voracek | I45: 57 | K45: Patrice | L45: Bergeron | M45: =K45&" "&L45 -> Patrice Bergeron | N45: =VLOOKUP(M45,$H$2:$I$201,2,0) -> 60
A46: 45 | B46: Jack Eichel, Buf C | C46: 30 | D46: 34 | E46: =C46+D46 -> 64 | H46: Jack Eichel | I46: 64 | K46: Alex | L46: Galchenyuk | M46: =K46&" "&L46 -> Alex Galchenyuk | N46: =VLOOKUP(M46,$H$2:$I$201,2,0) -> 48
A47: 46 | B47: Ryan Kesler, Ana C | C47: 22 | D47: 33 | E47: =C47+D47 -> 55 | H47: Ryan Kesler | I47: 55 | K47: Jason | L47: Spezza | M47: =K47&" "&L47 -> Jason Spezza | N47: =VLOOKUP(M47,$H$2:$I$201,2,0) -> 62
A48: 47 | B48: Jonathan Huberdeau, Fla LW | C48: 20 | D48: 40 | E48: =C48+D48 -> 60 | H48: Jonathan Huberdeau | I48: 60 | K48: Nathan | L48: MacKinnon | M48: =K48&" "&L48 -> Nathan MacKinnon | N48: =VLOOKUP(M48,$H$2:$I$201,2,0) -> 53
A49: 48 | B49: Jeff Carter*, LA RW O | C49: 25 | D49: 37 | E49: =C49+D49 -> 62 | H49: Jeff Carter | I49: 62 | K49: Auston | L49: Matthews | M49: =K49&" "&L49 -> Auston Matthews | N49: =VLOOKUP(M49,$H$2:$I$201,2,0) -> 56
A50: 49 | B50: T.J. Oshie, Wsh RW | C50: 24 | D50: 29 | E50: =C50+D50 -> 53 | H50: T.J. Oshie | I50: 53 | K50: Tyler | L50: Toffoli | M50: =K50&" "&L50 -> Tyler Toffoli | N50: =VLOOKUP(M50,$H$2:$I$201,2,0) -> 64
A51: 50 | B51: Shayne Gostisbehere, Phi D | C51: 20 | D51: 34 | E51: =C51+D51 -> 54 | H51: Shayne Gostisbehere | I51: 54 | K51: Jeff | L51: Carter | M51: =K51&" "&L51 -> Jeff Carter | N51: =VLOOKUP(M51,$H$2:$I$201,2,0) -> 62
... A68: 67 | B68: Mike Hoffman, Ott LW | C68: 31 | D68: 29 | E68: =C68+D68 -> 60 | H68: Mike Hoffman | I68: 60 | K68: Alexander | L68: Radulov | M68: =K68&" "&L68 -> Alexander Radulov | N68: =VLOOKUP(M68,$H$2:$I$201,2,0) -> 42
A69: 68 | B69: Kevin Shattenkirk, StL D | C69: 10 | D69: 28 | E69: =C69+D69 -> 38 | H69: Kevin Shattenkirk | I69: 38 | K69: Oliver | L69: Ekman-Lars… | M69: =K69&" "&L69 -> Oliver Ekman-Lars… | N69: 56
A70: 69 | B70: Bobby Ryan, Ott RW | C70: 32 | D70: 32 | E70: =C70+D70 -> 64 | H70: Bobby Ryan | I70: 64 | K70: Roman | L70: Josi | M70: =K70&" "&L70 -> Roman Josi | N70: =VLOOKUP(M70,$H$2:$I$201,2,0) -> 63
A71: 70 | B71: Adam Henrique, NJ C | C71: 29 | D71: 28 | E71: =C71+D71 -> 57 | H71: Adam Henrique | I71: 57 | K71: Jonathan | L71: Drouin | M71: =K71&" "&L71 -> Jonathan Drouin | N71: =VLOOKUP(M71,$H$2:$I$201,2,0) -> 43
A72: 71 | B72: Logan Couture, SJ C | C72: 23 | D72: 33 | E72: =C72+D72 -> 56 | H72: Logan Couture | I72: 56 | K72: Henrik | L72: Sedin | M72: =K72&" "&L72 -> Henrik Sedin | N72: =VLOOKUP(M72,$H$2:$I$201,2,0) -> 55
A73: 72 | B73: Ryan Johansen, Nsh C | C73: 22 | D73: 32 | E73: =C73+D73 -> 54 | H73: Ryan Johansen | I73: 54 | K73: James | L73: Neal | M73: =K73&" "&L73 -> James Neal | N73: =VLOOKUP(M73,$H$2:$I$201,2,0) -> 51
A74: 73 | B74: Gabriel Landeskog, Col LW | C74: 23 | D74: 36 | E74: =C74+D74 -> 59 | H74: Gabriel Landeskog | I74: 59 | K74: Vincent | L74: Trocheck | M74: =K74&" "&L74 -> Vincent Trocheck | N74: =VLOOKUP(M74,$H$2:$I$201,2,0) -> 43
A75: 74 | B75: Andrei Markov, Mon D | C75: 9 | D75: 37 | E75: =C75+D75 -> 46 | H75: Andrei Markov | I75: 46 | K75: Gabriel | L75: Landeskog | M75: =K75&" "&L75 -> Gabriel Landeskog | N75: =VLOOKUP(M75,$H$2:$I$201,2,0) -> 59
A76: 75 | B76: Auston Matthews, Tor C | C76: 25 | D76: 31 | E76: =C76+D76 -> 56 | H76: Auston Matthews | I76: 56 | K76: John | L76: Klingberg | M76: =K76&" "&L76 -> John Klingberg | N76: =VLOOKUP(M76,$H$2:$I$201,2,0) -> 54
A77: 76 | B77: Ryan Suter, Min D | C77: 6 | D77: 37 | E77: =C77+D77 -> 43 | H77: Ryan Suter | I77: 43 | K77: Andrew | L77: Ladd | M77: =K77&" "&L77 -> Andrew Ladd | N77: =VLOOKUP(M77,$H$2:$I$201,2,0) -> 51
A78: 77 | B78: Tomas Plekanec, Mon C | C78: 21 | D78: 33 | E78: =C78+D78 -> 54 | H78: Tomas Plekanec | I78: 54 | K78: Brandon | L78: Saad | M78: =K78&" "&L78 -> Brandon Saad | N78: =VLOOKUP(M78,$H$2:$I$201,2,0) -> 54
A79: 78 | B79: Jason Spezza, Dal C | C79: 25 | D79: 37 | E79: =C79+D79 -> 62 | H79: Jason Spezza | I79: 62 | K79: Kyle | L79: Palmieri | M79: =K79&" "&L79 -> Kyle Palmieri | N79: =VLOOKUP(M79,$H$2:$I$201,2,0) -> 59
A80: 79 | B80: Henrik Sedin, Van C | C80: 12 | D80: 43 | E80: =C80+D80 -> 55 | H80: Henrik Sedin | I80: 55 | K80: Leon | L80: Draisaitl | M80: =K80&" "&L80 -> Leon Draisaitl | N80: =VLOOKUP(M80,$H$2:$I$201,2,0) -> 56
A81: 80 | B81: Torey Krug*, Bos D O | C81: 8 | D81: 34 | E81: =C81+D81 -> 42 | H81: Torey Krug | I81: 42 | K81: Bryan | L81: Little | M81: =K81&" "&L81 -> Bryan Little | N81: =VLOOKUP(M81,$H$2:$I$201,2,0) -> 51
... A83: 82 | B83: Aleksander Barkov, Fla C | C83: 25 | D83: 34 | E83: =C83+D83 -> 59 | H83: Aleksander Barkov | I83: 59 | K83: Jussi | L83: Jokinen | M83: =K83&" "&L83 -> Jussi Jokinen | N83: =VLOOKUP(M83,$H$2:$I$201,2,0) -> 50
A84: 83 | B84: Nathan MacKinnon, Col C | C84: 22 | D84: 31 | E84: =C84+D84 -> 53 | H84: Nathan MacKinnon | I84: 53 | K84: Ryan | L84: Nugent-Hopki… | M84: =K84&" "&L84 -> Ryan Nugent-Hopki… | N84: 48
A85: 84 | B85: Derek Stepan, NYR C | C85: 20 | D85: 36 | E85: =C85+D85 -> 56 | H85: Derek Stepan | I85: 56 | K85: Loui | L85: Eriksson | M85: =K85&" "&L85 -> Loui Eriksson | N85: =VLOOKUP(M85,$H$2:$I$201,2,0) -> 58
A86: 85 | B86: Victor Hedman, TB D | C86: 9 | D86: 35 | E86: =C86+D86 -> 44 | H86: Victor Hedman | I86: 44 | K86: Bobby | L86: Ryan | M86: =K86&" "&L86 -> Bobby Ryan | N86: =VLOOKUP(M86,$H$2:$I$201,2,0) -> 64
A87: 86 | B87: Mats Zuccarello, NYR RW | C87: 20 | D87: 36 | E87: =C87+D87 -> 56 | H87: Mats Zuccarello | I87: 56 | K87: T.J. | L87: Oshie | M87: =K87&" "&L87 -> T.J. Oshie | N87: =VLOOKUP(M87,$H$2:$I$201,2,0) -> 53
A88: 87 | B88: Loui Eriksson, Van LW | C88: 27 | D88: 31 | E88: =C88+D88 -> 58 | H88: Loui Eriksson | I88: 58 | K88: Brad | L88: Marchand | M88: =K88&" "&L88 -> Brad Marchand | N88: =VLOOKUP(M88,$H$2:$I$201,2,0) -> 52
A89: 88 | B89: Kyle Okposo, Buf RW | C89: 19 | D89: 31 | E89: =C89+D89 -> 50 | H89: Kyle Okposo | I89: 50 | K89: Adam | L89: Henrique | M89: =K89&" "&L89 -> Adam Henrique | N89: =VLOOKUP(M89,$H$2:$I$201,2,0) -> 57
A90: 89 | B90: Derick Brassard, Ott C | C90: 21 | D90: 33 | E90: =C90+D90 -> 54 | H90: Derick Brassard | I90: 54 | K90: Ondrej | L90: Palat | M90: =K90&" "&L90 -> Ondrej Palat | N90: =VLOOKUP(M90,$H$2:$I$201,2,0) -> 52
A91: 90 | B91: James van Riemsdyk, Tor LW | C91: 24 | D91: 30 | E91: =C91+D91 -> 54 | H91: James van Riemsdyk | I91: 54 | K91: Derek | L91: Stepan | M91: =K91&" "&L91 -> Derek Stepan | N91: =VLOOKUP(M91,$H$2:$I$201,2,0) -> 56
A92: 91 | B92: Andrew Ladd, NYI LW | C92: 23 | D92: 28 | E92: =C92+D92 -> 51 | H92: Andrew Ladd | I92: 51 | K92: Dylan | L92: Larkin | M92: =K92&" "&L92 -> Dylan Larkin | N92: =VLOOKUP(M92,$H$2:$I$201,2,0) -> 54
A93: 92 | B93: Scott Hartnell, Cls LW | C93: 23 | D93: 28 | E93: =C93+D93 -> 51 | H93: Scott Hartnell | I93: 51 | K93: Mika | L93: Zibanejad | M93: =K93&" "&L93 -> Mika Zibanejad | N93: =VLOOKUP(M93,$H$2:$I$201,2,0) -> 48
A94: 93 | B94: Jake Muzzin, LA D | C94: 9 | D94: 30 | E94: =C94+D94 -> 39 | H94: Jake Muzzin | I94: 39 | K94: John | L94: Carlson | M94: =K94&" "&L94 -> John Carlson | N94: =VLOOKUP(M94,$H$2:$I$201,2,0) -> 47
A95: 94 | B95: Aaron Ekblad, Fla D | C95: 14 | D95: 25 | E95: =C95+D95 -> 39 | H95: Aaron Ekblad | I95: 39 | K95: Dustin | L95: Byfuglien | M95: =K95&" "&L95 -> Dustin Byfuglien | N95: =VLOOKUP(M95,$H$2:$I$201,2,0) -> 51
A96: 95 | B96: Mikko Koivu, Min C | C96: 15 | D96: 38 | E96: =C96+D96 -> 53 | H96: Mikko Koivu | I96: 53 | K96: Mark | L96: Giordano | M96: =K96&" "&L96 -> Mark Giordano | N96: =VLOOKUP(M96,$H$2:$I$201,2,0) -> 52
... A201: 200 | B201: Andrew Shaw, Mon C | C201: 17 | D201: 17 | E201: =C201+D201 -> 34 | H201: Andrew Shaw | I201: 34 | K201: Elias | L201: Lindholm | M201: =K201&" "&L201 -> Elias Lindholm | N201: =VLOOKUP(M201,$H$2:$I$201,2,0) -> #N/A
K202: Jean-Gabriel | L202: Pageau | M202: =K202&" "&L202 -> Jean-Gabriel Pageau | N202: =VLOOKUP(M202,$H$2:$I$201,2,0) -> #N/A
K203: Seth | L203: Jones | M203: =K203&" "&L203 -> Seth Jones | N203: =VLOOKUP(M203,$H$2:$I$201,2,0) -> 41
K204: David | L204: Pastrnak | M204: =K204&" "&L204 -> David Pastrnak | N204: =VLOOKUP(M204,$H$2:$I$201,2,0) -> 43
K205: TJ | L205: Brodie | M205: =K205&" "&L205 -> TJ Brodie | N205: =VLOOKUP(M205,$H$2:$I$201,2,0) -> #N/A
K206: Mitchell | L206: Marner | M206: =K206&" "&L206 -> Mitchell Marner | N206: =VLOOKUP(M206,$H$2:$I$201,2,0) -> #N/A

Sheet CBS
A1: Evgeni Malkin, PIT | B1: 78 | C1: 40 | D1: 49 | E1: 90 | F1: 39 | G1: 20 | H1: 0 | I1: 107 | J1: 384 | M1: Evgeni | N1: Malkin | O1: =M1&" "&N1 -> Evgeni Malkin | P1: 90 | R1: Teuvo | S1: Teravainen | T1: =R1&" "&S1 -> Teuvo Teravainen | U1: =VLOOKUP(T1,$O$1:$P$511,2,0) -> 29 | V1: 29
A2: Sidney Crosby, PIT | B2: 78 | C2: 36 | D2: 53 | E2: 89 | F2: 38 | G2: 16 | H2: 0 | I2: 45 | J2: 356 | M2: Sidney | N2: Crosby | O2: =M2&" "&N2 -> Sidney Crosby | P2: 89 | R2: Alexander | S2: Wennberg | T2: =R2&" "&S2 -> Alexander Wennberg | U2: =VLOOKUP(T2,$O$1:$P$511,2,0) -> 49 | V2: 49
A3: Tyler Seguin, DAL | B3: 78 | C3: 37 | D3: 44 | E3: 82 | F3: 29 | G3: 15 | H3: 0 | I3: 21 | J3: 337 | M3: Tyler | N3: Seguin | O3: =M3&" "&N3 -> Tyler Seguin | P3: 82 | R3: Bo | S3: Horvat | T3: =R3&" "&S3 -> Bo Horvat | U3: =VLOOKUP(T3,$O$1:$P$511,2,0) -> 44 | V3: 44
A4: Steven Stamkos, TB | B4: 78 | C4: 43 | D4: 34 | E4: 78 | F4: 17 | G4: 16 | H4: 1 | I4: 43 | J4: 311 | M4: Steven | N4: Stamkos | O4: =M4&" "&N4 -> Steven Stamkos | P4: 78 | R4: Charlie | S4: Coyle | T4: =R4&" "&S4 -> Charlie Coyle | U4: =VLOOKUP(T4,$O$1:$P$511,2,0) -> 40 | V4: 40
A5: Patrice Bergeron, BOS | B5: 78 | C5: 35 | D5: 36 | E5: 71 | F5: 23 | G5: 14 | H5: 1 | I5: 46 | J5: 307 | M5: Patrice | N5: Bergeron | O5: =M5&" "&N5 -> Patrice Bergeron | P5: 71 | R5: Shayne | S5: Gostisbehe… | T5: =R5&" "&S5 -> Shayne Gostisbehe… | U5: =VLOOKUP(T5,$O$1:$P$511,2,0) -> #N/A | V5: #N/A
A6: Joe Pavelski, SJ | B6: 78 | C6: 42 | D6: 35 | E6: 78 | F6: 19 | G6: 13 | H6: 0 | I6: 28 | J6: 307 | M6: Joe | N6: Pavelski | O6: =M6&" "&N6 -> Joe Pavelski | P6: 78 | R6: Mikael | S6: Granlund | T6: =R6&" "&S6 -> Mikael Granlund | U6: =VLOOKUP(T6,$O$1:$P$511,2,0) -> 42 | V6: 42
A7: Jason Spezza, DAL | B7: 78 | C7: 35 | D7: 37 | E7: 72 | F7: 29 | G7: 16 | H7: 0 | I7: 26 | J7: 297 | M7: Jason | N7: Spezza | O7: =M7&" "&N7 -> Jason Spezza | P7: 72 | R7: Jesse | S7: Puljujarvi | T7: =R7&" "&S7 -> Jesse Puljujarvi | U7: =VLOOKUP(T7,$O$1:$P$511,2,0) -> 34 | V7: 34
A8: John Tavares, NYI | B8: 78 | C8: 37 | D8: 39 | E8: 76 | F8: 0 | G8: 13 | H8: 0 | I8: 44 | J8: 281 | M8: John | N8: Tavares | O8: =M8&" "&N8 -> John Tavares | P8: 76 | R8: Brock | S8: Nelson | T8: =R8&" "&S8 -> Brock Nelson | U8: =VLOOKUP(T8,$O$1:$P$511,2,0) -> 41 | V8: 41
A9: Nicklas Backstrom, WAS | B9: 78 | C9: 21 | D9: 56 | E9: 78 | F9: 24 | G9: 17 | H9: 0 | I9: 43 | J9: 280 | M9: Nicklas | N9: Backstrom | O9: =M9&" "&N9 -> Nicklas Backstrom | P9: 78 | R9: Travis | S9: Zajac | T9: =R9&" "&S9 -> Travis Zajac | U9: =VLOOKUP(T9,$O$1:$P$511,2,0) -> 51 | V9: 51
A10: Ryan Getzlaf, ANA | B10: 78 | C10: 17 | D10: 58 | E10: 75 | F10: 24 | G10: 12 | H10: 0 | I10: 52 | J10: 275 | M10: Ryan | N10: Getzlaf | O10: =M10&" "&N10 -> Ryan Getzlaf | P10: 75 | R10: Pierre-A | S10: Parenteau | T10: =R10&" "&S10 -> Pierre-A Parenteau | U10: =VLOOKUP(T10,$O$1:$P$511,2,0) -> #N/A | V10: #N/A
A11: Anze Kopitar, LA | B11: 78 | C11: 26 | D11: 48 | E11: 75 | F11: 22 | G11: 10 | H11: 1 | I11: 16 | J11: 269 | M11: Anze | N11: Kopitar | O11: =M11&" "&N11 -> Anze Kopitar | P11: 75 | R11: Joe | S11: Colborne | T11: =R11&" "&S11 -> Joe Colborne | U11: =VLOOKUP(T11,$O$1:$P$511,2,0) -> 45 | V11: 45
A12: Claude Giroux, PHI | B12: 78 | C12: 25 | D12: 48 | E12: 73 | F12: 0 | G12: 15 | H12: 1 | I12: 50 | J12: 264 | M12: Claude | N12: Giroux | O12: =M12&" "&N12 -> Claude Giroux | P12: 73 | R12: Teddy | S12: Purcell | T12: =R12&" "&S12 -> Teddy Purcell | U12: =VLOOKUP(T12,$O$1:$P$511,2,0) -> 47 | V12: 47
A13: Jonathan Toews, CHI | B13: 78 | C13: 29 | D13: 34 | E13: 64 | F13: 35 | G13: 5 | H13: 3 | I13: 73 | J13: 264 | M13: Jonathan | N13: Toews | O13: =M13&" "&N13 -> Jonathan Toews | P13: 64 | R13: David | S13: Perron | T13: =R13&" "&S13 -> David Perron | U13: =VLOOKUP(T13,$O$1:$P$511,2,0) -> 42 | V13: 42
A14: Jeff Carter, LA | B14: 78 | C14: 28 | D14: 39 | E14: 67 | F14: 15 | G14: 8 | H14: 1 | I14: 24 | J14: 263 | M14: Jeff | N14: Carter | O14: =M14&" "&N14 -> Jeff Carter | P14: 67 | R14: Artem | S14: Anisimov | T14: =R14&" "&S14 -> Artem Anisimov | U14: =VLOOKUP(T14,$O$1:$P$511,2,0) -> 47 | V14: 47
A15: David Krejci, BOS | B15: 78 | C15: 20 | D15: 53 | E15: 73 | F15: 22 | G15: 12 | H15: 1 | I15: 35 | J15: 261 | M15: David | N15: Krejci | O15: =M15&" "&N15 -> David Krejci | P15: 73 | R15: Nick | S15: Bjugstad | T15: =R15&" "&S15 -> Nick Bjugstad | U15: =VLOOKUP(T15,$O$1:$P$511,2,0) -> 40 | V15: 40
A16: Evgeny Kuznetsov, WAS | B16: 78 | C16: 19 | D16: 52 | E16: 71 | F16: 26 | G16: 9 | H16: 0 | I16: 36 | J16: 261 | M16: Evgeny | N16: Kuznetsov | O16: =M16&" "&N16 -> Evgeny Kuznetsov | P16: 71 | R16: Kevin | S16: Hayes | T16: =R16&" "&S16 -> Kevin Hayes | U16: =VLOOKUP(T16,$O$1:$P$511,2,0) -> 37 | V16: 37
A17: Joe Thornton, SJ | B17: 78 | C17: 17 | D17: 60 | E17: 77 | F17: 20 | G17: 13 | H17: 0 | I17: 53 | J17: 261 | M17: Joe | N17: Thornton | O17: =M17&" "&N17 -> Joe Thornton | P17: 77 | R17: Vladislav | S17: Namestn… | T17: =R17&" "&S17 -> Vladislav Namestn… | U17: =VLOOKUP(T17,$O$1:$P$511,2,0) -> #N/A | V17: #N/A
A18: Logan Couture, SJ | B18: 78 | C18: 26 | D18: 41 | E18: 68 | F18: 8 | G18: 12 | H18: 0 | I18: 32 | J18: 257 | M18: Logan | N18: Couture | O18: =M18&" "&N18 -> Logan Couture | P18: 68 | R18: Pavel | S18: Zacha | T18: =R18&" "&S18 -> Pavel Zacha | U18: =VLOOKUP(T18,$O$1:$P$511,2,0) -> 37 | V18: 37
A19: Ryan Johansen, NSH | B19: 78 | C19: 17 | D19: 46 | E19: 64 | F19: 32 | G19: 13 | H19: 0 | I19: 56 | J19: 257 | M19: Ryan | N19: Johansen | O19: =M19&" "&N19 -> Ryan Johansen | P19: 64 | R19: Alexander | S19: Radulov | T19: =R19&" "&S19 -> Alexander Radulov | U19: =VLOOKUP(T19,$O$1:$P$511,2,0) -> 39 | V19: 39
A20: Mark Scheifele, WPG | B20: 78 | C20: 34 | D20: 36 | E20: 70 | F20: -2 | G20: 8 | H20: 0 | I20: 52 | J20: 248 | M20: Mark | N20: Scheifele | O20: =M20&" "&N20 -> Mark Scheifele | P20: 70 | R20: Jonathan | S20: Drouin | T20: =R20&" "&S20 -> Jonathan Drouin | U20: =VLOOKUP(T20,$O$1:$P$511,2,0) -> 60 | V20: 60
A21: Ryan Kesler, ANA | B21: 78 | C21: 27 | D21: 34 | E21: 62 | F21: 17 | G21: 8 | H21: 0 | I21: 67 | J21: 242 | M21: Ryan | N21: Kesler | O21: =M21&" "&N21 -> Ryan Kesler | P21: 62 | R21: Kyle | S21: Turris | T21: =R21&" "&S21 -> Kyle Turris | U21: =VLOOKUP(T21,$O$1:$P$511,2,0) -> 45 | V21: 45
A22: Tyler Johnson, TB | B22: 78 | C22: 23 | D22: 37 | E22: 60 | F22: 26 | G22: 12 | H22: 0 | I22: 30 | J22: 240 | M22: Tyler | N22: Johnson | O22: =M22&" "&N22 -> Tyler Johnson | P22: 60 | R22: Patrik | S22: Laine | T22: =R22&" "&S22 -> Patrik Laine | U22: =VLOOKUP(T22,$O$1:$P$511,2,0) -> 37 | V22: 37
A23: Derick Brassard, OTT | B23: 78 | C23: 28 | D23: 35 | E23: 63 | F23: 6 | G23: 15 | H23: 0 | I23: 36 | J23: 240 | M23: Derick | N23: Brassard | O23: =M23&" "&N23 -> Derick Brassard | P23: 63 | R23: Zach | S23: Parise | T23: =R23&" "&S23 -> Zach Parise | U23: =VLOOKUP(T23,$O$1:$P$511,2,0) -> 62 | V23: 62
A24: Derek Stepan, NYR | B24: 78 | C24: 26 | D24: 34 | E24: 61 | F24: 13 | G24: 11 | H24: 1 | I24: 22 | J24: 238 | M24: Derek | N24: Stepan | O24: =M24&" "&N24 -> Derek Stepan | P24: 61 | R24: Kristopher | S24: Letang | T24: =R24&" "&S24 -> Kristopher Letang | U24: =VLOOKUP(T24,$O$1:$P$511,2,0) -> #N/A | V24: #N/A
A25: Connor McDavid, EDM | B25: 78 | C25: 28 | D25: 53 | E25: 82 | F25: -25 | G25: 11 | H25: 0 | I25: 29 | J25: 233 | M25: Connor | N25: McDavid | O25: =M25&" "&N25 -> Connor McDavid | P25: 82 | R25: Auston | S25: Matthews | T25: =R25&" "&S25 -> Auston Matthews | U25: =VLOOKUP(T25,$O$1:$P$511,2,0) -> 37 | V25: 37
A26: Brayden Schenn, PHI | B26: 78 | C26: 28 | D26: 35 | E26: 64 | F26: 6 | G26: 11 | H26: 0 | I26: 36 | J26: 232 | M26: Brayden | N26: Schenn | O26: =M26&" "&N26 -> Brayden Schenn | P26: 64 | R26: Ryan | S26: Johansen | T26: =R26&" "&S26 -> Ryan Johansen | U26: =VLOOKUP(T26,$O$1:$P$511,2,0) -> 64 | V26: 64
A27: Alex Galchenyuk, MON | B27: 78 | C27: 32 | D27: 26 | E27: 58 | F27: 9 | G27: 10 | H27: 0 | I27: 22 | J27: 227 | M27: Alex | N27: Galchenyuk | O27: =M27&" "&N27 -> Alex Galchenyuk | P27: 58 | R27: Vincent | S27: Trocheck | T27: =R27&" "&S27 -> Vincent Trocheck | U27: =VLOOKUP(T27,$O$1:$P$511,2,0) -> 55 | V27: 55
A28: Antoine Vermette, ANA | B28: 78 | C28: 22 | D28: 26 | E28: 48 | F28: 38 | G28: 9 | H28: 0 | I28: 86 | J28: 225 | M28: Antoine | N28: Vermette | O28: =M28&" "&N28 -> Antoine Vermette | P28: 48 | R28: Alex | S28: Galchenyuk | T28: =R28&" "&S28 -> Alex Galchenyuk | U28: =VLOOKUP(T28,$O$1:$P$511,2,0) -> 58 | V28: 58
A29: Matt Duchene, COL | B29: 78 | C29: 34 | D29: 30 | E29: 64 | F29: -7 | G29: 8 | H29: 0 | I29: 26 | J29: 218 | M29: Matt | N29: Duchene | O29: =M29&" "&N29 -> Matt Duchene | P29: 64 | R29: Andrew | S29: Ladd | T29: =R29&" "&S29 -> Andrew Ladd | U29: =VLOOKUP(T29,$O$1:$P$511,2,0) -> 49 | V29: 49
A30: Sean Monahan, CGY | B30: 78 | C30: 27 | D30: 32 | E30: 60 | F30: 1 | G30: 11 | H30: 0 | I30: 18 | J30: 216 | M30: Sean | N30: Monahan | O30: =M30&" "&N30 -> Sean Monahan | P30: 60 | R30: Bobby | S30: Ryan | T30: =R30&" "&S30 -> Bobby Ryan | U30: =VLOOKUP(T30,$O$1:$P$511,2,0) -> 60 | V30: 60
A31: Mika Zibanejad, NYR | B31: 78 | C31: 22 | D31: 32 | E31: 54 | F31: 23 | G31: 8 | H31: 1 | I31: 15 | J31: 212 | M31: Mika | N31: Zibanejad | O31: =M31&" "&N31 -> Mika Zibanejad | P31: 54 | R31: Jaden | S31: Schwartz | T31: =R31&" "&S31 -> Jaden Schwartz | U31: =VLOOKUP(T31,$O$1:$P$511,2,0) -> 49 | V31: 49
A32: Aleksander Barkov, FLA | B32: 78 | C32: 32 | D32: 32 | E32: 65 | F32: -22 | G32: 10 | H32: 1 | I32: 11 | J32: 210 | M32: Aleksander | N32: Barkov | O32: =M32&" "&N32 -> Aleksander Barkov | P32: 65 | R32: Artemi | S32: Panarin | T32: =R32&" "&S32 -> Artemi Panarin | U32: =VLOOKUP(T32,$O$1:$P$511,2,0) -> 84 | V32: 84
A33: Tomas Plekanec, MON | B33: 78 | C33: 15 | D33: 40 | E33: 55 | F33: 15 | G33: 8 | H33: 0 | I33: 40 | J33: 207 | M33: Tomas | N33: Plekanec | O33: =M33&" "&N33 -> Tomas Plekanec | P33: 55 | R33: Tyler | S33: Johnson | T33: =R33&" "&S33 -> Tyler Johnson | U33: =VLOOKUP(T33,$O$1:$P$511,2,0) -> 60 | V33: 60
A34: Nathan MacKinnon, COL | B34: 78 | C34: 24 | D34: 33 | E34: 58 | F34: -12 | G34: 9 | H34: 0 | I34: 24 | J34: 207 | M34: Nathan | N34: MacKinnon | O34: =M34&" "&N34 -> Nathan MacKinnon | P34: 58 | R34: Milan | S34: Lucic | T34: =R34&" "&S34 -> Milan Lucic | U34: =VLOOKUP(T34,$O$1:$P$511,2,0) -> 49 | V34: 49
A35: Rickard Rakell, ANA | B35: 78 | C35: 25 | D35: 27 | E35: 53 | F35: 15 | G35: 5 | H35: 0 | I35: 17 | J35: 205 | M35: Rickard | N35: Rakell | O35: =M35&" "&N35 -> Rickard Rakell | P35: 53 | R35: Aleksander | S35: Barkov | T35: =R35&" "&S35 -> Aleksander Barkov | U35: =VLOOKUP(T35,$O$1:$P$511,2,0) -> 65 | V35: 65
A36: Nazem Kadri, TOR | B36: 78 | C36: 20 | D36: 30 | E36: 51 | F36: -19 | G36: 9 | H36: 0 | I36: 94 | J36: 200 | M36: Nazem | N36: Kadri | O36: =M36&" "&N36 -> Nazem Kadri | P36: 51 | R36: Filip | S36: Forsberg | T36: =R36&" "&S36 -> Filip Forsberg | U36: =VLOOKUP(T36,$O$1:$P$511,2,0) -> 64 | V36: 64
... A39: Paul Stastny, STL | B39: 78 | C39: 13 | D39: 47 | E39: 60 | F39: 7 | G39: 8 | H39: 0 | I39: 42 | J39: 198 | M39: Paul | N39: Stastny | O39: =M39&" "&N39 -> Paul Stastny | P39: 60 | R39: Sidney | S39: Crosby | T39: =R39&" "&S39 -> Sidney Crosby | U39: =VLOOKUP(T39,$O$1:$P$511,2,0) -> 89 | V39: 89
A40: Ryan Spooner, BOS | B40: 78 | C40: 14 | D40: 38 | E40: 52 | F40: 13 | G40: 10 | H40: 0 | I40: 33 | J40: 198 | M40: Ryan | N40: Spooner | O40: =M40&" "&N40 -> Ryan Spooner | P40: 52 | R40: Ryan | S40: Nugent-Hopki… | T40: =R40&" "&S40 -> Ryan Nugent-Hopki… | U40: =VLOOKUP(T40,$O$1:$P$511,2,0) -> #N/A | V40: #N/A
A41: Nick Bonino, PIT | B41: 78 | C41: 13 | D41: 34 | E41: 48 | F41: 37 | G41: 2 | H41: 1 | I41: 47 | J41: 196 | M41: Nick | N41: Bonino | O41: =M41&" "&N41 -> Nick Bonino | P41: 48 | R41: Thomas | S41: Vanek | T41: =R41&" "&S41 -> Thomas Vanek | U41: =VLOOKUP(T41,$O$1:$P$511,2,0) -> 44 | V41: 44
A42: Artem Anisimov, CHI | B42: 78 | C42: 24 | D42: 22 | E42: 47 | F42: 29 | G42: 5 | H42: 2 | I42: 15 | J42: 193 | M42: Artem | N42: Anisimov | O42: =M42&" "&N42 -> Artem Anisimov | P42: 47 | R42: Sean | S42: Couturier | T42: =R42&" "&S42 -> Sean Couturier | U42: =VLOOKUP(T42,$O$1:$P$511,2,0) -> 52 | V42: 52
A43: Vincent Trocheck, FLA | B43: 78 | C43: 25 | D43: 29 | E43: 55 | F43: -14 | G43: 7 | H43: 0 | I43: 43 | J43: 186 | M43: Vincent | N43: Trocheck | O43: =M43&" "&N43 -> Vincent Trocheck | P43: 55 | R43: Patrick | S43: Marleau | T43: =R43&" "&S43 -> Patrick Marleau | U43: =VLOOKUP(T43,$O$1:$P$511,2,0) -> 47 | V43: 47
A44: Dylan Larkin, DET | B44: 78 | C44: 24 | D44: 22 | E44: 47 | F44: 3 | G44: 2 | H44: 0 | I44: 47 | J44: 184 | M44: Dylan | N44: Larkin | O44: =M44&" "&N44 -> Dylan Larkin | P44: 47 | R44: John | S44: Carlson | T44: =R44&" "&S44 -> John Carlson | U44: =VLOOKUP(T44,$O$1:$P$511,2,0) -> 63 | V44: 63
A45: Adam Henrique, NJ | B45: 78 | C45: 34 | D45: 22 | E45: 56 | F45: -12 | G45: 5 | H45: 1 | I45: 23 | J45: 182 | M45: Adam | N45: Henrique | O45: =M45&" "&N45 -> Adam Henrique | P45: 56 | R45: Evgeny | S45: Kuznetsov | T45: =R45&" "&S45 -> Evgeny Kuznetsov | U45: =VLOOKUP(T45,$O$1:$P$511,2,0) -> 71 | V45: 71
A46: Mike Ribeiro, NSH | B46: 78 | C46: 6 | D46: 43 | E46: 50 | F46: 22 | G46: 8 | H46: 0 | I46: 64 | J46: 178 | M46: Mike | N46: Ribeiro | O46: =M46&" "&N46 -> Mike Ribeiro | P46: 50 | R46: Eric | S46: Staal | T46: =R46&" "&S46 -> Eric Staal | U46: =VLOOKUP(T46,$O$1:$P$511,2,0) -> 36 | V46: 36
A47: Zack Smith, OTT | B47: 78 | C47: 26 | D47: 12 | E47: 38 | F47: 18 | G47: 3 | H47: 3 | I47: 82 | J47: 176 | M47: Zack | N47: Smith | O47: =M47&" "&N47 -> Zack Smith | P47: 38 | R47: Connor | S47: McDavid | T47: =R47&" "&S47 -> Connor McDavid | U47: =VLOOKUP(T47,$O$1:$P$511,2,0) -> 82 | V47: 82
A48: Robby Fabbri, STL | B48: 78 | C48: 21 | D48: 28 | E48: 50 | F48: 10 | G48: 5 | H48: 0 | I48: 28 | J48: 176 | M48: Robby | N48: Fabbri | O48: =M48&" "&N48 -> Robby Fabbri | P48: 50 | R48: Rick | S48: Nash | T48: =R48&" "&S48 -> Rick Nash | U48: =VLOOKUP(T48,$O$1:$P$511,2,0) -> 51 | V48: 51
A49: J.T. Miller, NYR | B49: 78 | C49: 22 | D49: 23 | E49: 45 | F49: 18 | G49: 2 | H49: 0 | I49: 50 | J49: 176 | M49: J.T. | N49: Miller | O49: =M49&" "&N49 -> J.T. Miller | P49: 45 | R49: Kyle | S49: Okposo | T49: =R49&" "&S49 -> Kyle Okposo | U49: =VLOOKUP(T49,$O$1:$P$511,2,0) -> 54 | V49: 54
A50: Mathieu Perreault, WPG | B50: 78 | C50: 11 | D50: 40 | E50: 51 | F50: -8 | G50: 12 | H50: 0 | I50: 37 | J50: 172 | M50: Mathieu | N50: Perreault | O50: =M50&" "&N50 -> Mathieu Perreault | P50: 51 | R50: Sam | S50: Reinhart | T50: =R50&" "&S50 -> Sam Reinhart | U50: =VLOOKUP(T50,$O$1:$P$511,2,0) -> 41 | V50: 41
A51: Sean Couturier, PHI | B51: 78 | C51: 15 | D51: 36 | E51: 52 | F51: 1 | G51: 4 | H51: 0 | I51: 37 | J51: 172 | M51: Sean | N51: Couturier | O51: =M51&" "&N51 -> Sean Couturier | P51: 52 | R51: Brendan | S51: Gallagher | T51: =R51&" "&S51 -> Brendan Gallagher | U51: =VLOOKUP(T51,$O$1:$P$511,2,0) -> 57 | V51: 57
A52: Brandon Dubinsky, CLB | B52: 78 | C52: 19 | D52: 33 | E52: 52 | F52: -18 | G52: 6 | H52: 0 | I52: 75 | J52: 171 | M52: Brandon | N52: Dubinsky | O52: =M52&" "&N52 -> Brandon Dubinsky | P52: 52 | R52: Tyler | S52: Seguin | T52: =R52&" "&S52 -> Tyler Seguin | U52: =VLOOKUP(T52,$O$1:$P$511,2,0) -> 82 | V52: 82
... A79: Vladislav Namestnikov, TB | B79: 78 | C79: 14 | D79: 22 | E79: 36 | F79: 24 | G79: 2 | H79: 0 | I79: 37 | J79: 146 | M79: Vladislav | N79: Namestnikov | O79: =M79&" "&N79 -> Vladislav Namestnikov | P79: 36 | R79: Henrik | S79: Sedin | T79: =R79&" "&S79 -> Henrik Sedin | U79: =VLOOKUP(T79,$O$1:$P$511,2,0) -> 69 | V79: 69
A80: Joe Colborne, COL | B80: 78 | C80: 20 | D80: 24 | E80: 45 | F80: -3 | G80: 3 | H80: 0 | I80: 33 | J80: 145 | M80: Joe | N80: Colborne | O80: =M80&" "&N80 -> Joe Colborne | P80: 45 | R80: James | S80: van Riemsdyk | T80: =R80&" "&S80 -> James van Riemsdyk | U80: =VLOOKUP(T80,$O$1:$P$511,2,0) -> #N/A | V80: #N/A
A81: Ryan Nugent-Hopkins, EDM | B81: 78 | C81: 18 | D81: 31 | E81: 50 | F81: -29 | G81: 8 | H81: 0 | I81: 31 | J81: 143 | M81: Ryan | N81: Nugent-Hopkins | O81: =M81&" "&N81 -> Ryan Nugent-Hopkins | P81: 50 | R81: Nino | S81: Niederreiter | T81: =R81&" "&S81 -> Nino Niederreiter | U81: =VLOOKUP(T81,$O$1:$P$511,2,0) -> 44 | V81: 44
A82: Bo Horvat, VAN | B82: 78 | C82: 18 | D82: 26 | E82: 44 | F82: -16 | G82: 7 | H82: 0 | I82: 19 | J82: 141 | M82: Bo | N82: Horvat | O82: =M82&" "&N82 -> Bo Horvat | P82: 44 | R82: John | S82: Tavares | T82: =R82&" "&S82 -> John Tavares | U82: =VLOOKUP(T82,$O$1:$P$511,2,0) -> 76 | V82: 76
A83: Frank Vatrano, BOS | B83: 78 | C83: 20 | D83: 4 | E83: 24 | F83: 12 | G83: 0 | H83: 0 | I83: 24 | J83: 136 | M83: Frank | N83: Vatrano | O83: =M83&" "&N83 -> Frank Vatrano | P83: 24 | R83: Ryan | S83: Getzlaf | T83: =R83&" "&S83 -> Ryan Getzlaf | U83: =VLOOKUP(T83,$O$1:$P$511,2,0) -> 75 | V83: 75
A84: Tyler Ennis, BUF | B84: 78 | C84: 12 | D84: 31 | E84: 43 | F84: -34 | G84: 7 | H84: 0 | I84: 61 | J84: 133 | M84: Tyler | N84: Ennis | O84: =M84&" "&N84 -> Tyler Ennis | P84: 43 | R84: Jakob | S84: Silfverberg | T84: =R84&" "&S84 -> Jakob Silfverberg | U84: =VLOOKUP(T84,$O$1:$P$511,2,0) -> 45 | V84: 45
A85: Alexander Wennberg, CLB | B85: 78 | C85: 9 | D85: 39 | E85: 49 | F85: -14 | G85: 8 | H85: 0 | I85: 2 | J85: 133 | M85: Alexander | N85: Wennberg | O85: =M85&" "&N85 -> Alexander Wennberg | P85: 49 | R85: Alex | S85: Pietrangelo | T85: =R85&" "&S85 -> Alex Pietrangelo | U85: =VLOOKUP(T85,$O$1:$P$511,2,0) -> 41 | V85: 41
A86: Brian Boyle, TB | B86: 78 | C86: 18 | D86: 7 | E86: 25 | F86: 16 | G86: 1 | H86: 0 | I86: 66 | J86: 132 | M86: Brian | N86: Boyle | O86: =M86&" "&N86 -> Brian Boyle | P86: 25 | R86: Daniel | S86: Sedin | T86: =R86&" "&S86 -> Daniel Sedin | U86: =VLOOKUP(T86,$O$1:$P$511,2,0) -> 68 | V86: 68
A87: Jori Lehtera, STL | B87: 78 | C87: 10 | D87: 26 | E87: 36 | F87: 12 | G87: 3 | H87: 0 | I87: 39 | J87: 132 | M87: Jori | N87: Lehtera | O87: =M87&" "&N87 -> Jori Lehtera | P87: 36 | R87: James | S87: Neal | T87: =R87&" "&S87 -> James Neal | U87: =VLOOKUP(T87,$O$1:$P$511,2,0) -> 61 | V87: 61
A88: Radek Faksa, DAL | B88: 78 | C88: 11 | D88: 11 | E88: 23 | F88: 38 | G88: 0 | H88: 0 | I88: 29 | J88: 132 | M88: Radek | N88: Faksa | O88: =M88&" "&N88 -> Radek Faksa | P88: 23 | R88: Bryan | S88: Little | T88: =R88&" "&S88 -> Bryan Little | U88: =VLOOKUP(T88,$O$1:$P$511,2,0) -> 63 | V88: 63
A89: Patrik Berglund, STL | B89: 78 | C89: 18 | D89: 12 | E89: 31 | F89: 7 | G89: 2 | H89: 0 | I89: 24 | J89: 131 | M89: Patrik | N89: Berglund | O89: =M89&" "&N89 -> Patrik Berglund | P89: 31 | R89: Joe | S89: Pavelski | T89: =R89&" "&S89 -> Joe Pavelski | U89: =VLOOKUP(T89,$O$1:$P$511,2,0) -> 78 | V89: 78
A90: Mike Fisher, NSH | B90: 78 | C90: 18 | D90: 12 | E90: 30 | F90: 9 | G90: 3 | H90: 0 | I90: 28 | J90: 131 | M90: Mike | N90: Fisher | O90: =M90&" "&N90 -> Mike Fisher | P90: 30 | R90: Anze | S90: Kopitar | T90: =R90&" "&S90 -> Anze Kopitar | U90: =VLOOKUP(T90,$O$1:$P$511,2,0) -> 75 | V90: 75
A91: Linden Vey, CGY | B91: 78 | C91: 10 | D91: 27 | E91: 38 | F91: 6 | G91: 9 | H91: 0 | I91: 15 | J91: 129 | M91: Linden | N91: Vey | O91: =M91&" "&N91 -> Linden Vey | P91: 38 | R91: Brayden | S91: Schenn | T91: =R91&" "&S91 -> Brayden Schenn | U91: =VLOOKUP(T91,$O$1:$P$511,2,0) -> 64 | V91: 64
A92: Eric Staal, MIN | B92: 78 | C92: 12 | D92: 24 | E92: 36 | F92: -15 | G92: 3 | H92: 0 | I92: 43 | J92: 128 | M92: Eric | N92: Staal | O92: =M92&" "&N92 -> Eric Staal | P92: 36 | R92: Nikolaj | S92: Ehlers | T92: =R92&" "&S92 -> Nikolaj Ehlers | U92: =VLOOKUP(T92,$O$1:$P$511,2,0) -> 42 | V92: 42
... A128: Andy Andreoff, LA | B128: 78 | C128: 11 | D128: 2 | E128: 14 | F128: 0 | G128: 0 | H128: 0 | I128: 83 | J128: 75 | M128: Andy | N128: Andreoff | O128: =M128&" "&N128 -> Andy Andreoff | P128: 14 | R128: Dustin | S128: Byfuglien | T128: =R128&" "&S128 -> Dustin Byfuglien | U128: =VLOOKUP(T128,$O$1:$P$511,2,0) -> 56 | V128: 56
A129: Marcus Kruger, CHI | B129: 78 | C129: 0 | D129: 8 | E129: 8 | F129: 18 | G129: 0 | H129: 0 | I129: 41 | J129: 69 | M129: Marcus | N129: Kruger | O129: =M129&" "&N129 -> Marcus Kruger | P129: 8 | R129: Alexander | S129: Ovechkin | T129: =R129&" "&S129 -> Alexander Ovechkin | U129: =VLOOKUP(T129,$O$1:$P$511,2,0) -> #N/A | V129: #N/A
A130: Joakim Nordstrom, CAR | B130: 78 | C130: 11 | D130: 16 | E130: 28 | F130: -25 | G130: 0 | H130: 0 | I130: 16 | J130: 68 | M130: Joakim | N130: Nordstrom | O130: =M130&" "&N130 -> Joakim Nordstrom | P130: 28 | R130: Jaromir | S130: Jagr | T130: =R130&" "&S130 -> Jaromir Jagr | U130: =VLOOKUP(T130,$O$1:$P$511,2,0) -> 60 | V130: 60
A131: Phillip Danault, MON | B131: 78 | C131: 6 | D131: 9 | E131: 15 | F131: 0 | G131: 0 | H131: 0 | I131: 26 | J131: 67 | M131: Phillip | N131: Danault | O131: =M131&" "&N131 -> Phillip Danault | P131: 15 | R131: Alexander | S131: Steen | T131: =R131&" "&S131 -> Alexander Steen | U131: =VLOOKUP(T131,$O$1:$P$511,2,0) -> 62 | V131: 62
A132: Laurent Dauphin, ARI | B132: 78 | C132: 12 | D132: 12 | E132: 25 | F132: -33 | G132: 3 | H132: 0 | I132: 31 | J132: 66 | M132: Laurent | N132: Dauphin | O132: =M132&" "&N132 -> Laurent Dauphin | P132: 25 | R132: Robby | S132: Fabbri | T132: =R132&" "&S132 -> Robby Fabbri | U132: =VLOOKUP(T132,$O$1:$P$511,2,0) -> 50 | V132: 50
A133: Mark Letestu, EDM | B133: 78 | C133: 10 | D133: 14 | E133: 25 | F133: -32 | G133: 6 | H133: 1 | I133: 10 | J133: 65 | M133: Mark | N133: Letestu | O133: =M133&" "&N133 -> Mark Letestu | P133: 25 | R133: Paul | S133: Stastny | T133: =R133&" "&S133 -> Paul Stastny | U133: =VLOOKUP(T133,$O$1:$P$511,2,0) -> 60 | V133: 60
A134: Stephen Gionta, NYI | B134: 78 | C134: 1 | D134: 13 | E134: 14 | F134: 8 | G134: 0 | H134: 0 | I134: 42 | J134: 62 | M134: Stephen | N134: Gionta | O134: =M134&" "&N134 -> Stephen Gionta | P134: 14 | R134: Jonathan | S134: Toews | T134: =R134&" "&S134 -> Jonathan Toews | U134: =VLOOKUP(T134,$O$1:$P$511,2,0) -> 64 | V134: 64
A135: Nick Shore, LA | B135: 78 | C135: 3 | D135: 8 | E135: 12 | F135: -3 | G135: 1 | H135: 0 | I135: 39 | J135: 62 | M135: Nick | N135: Shore | O135: =M135&" "&N135 -> Nick Shore | P135: 12 | R135: Max | S135: Domi | T135: =R135&" "&S135 -> Max Domi | U135: =VLOOKUP(T135,$O$1:$P$511,2,0) -> 51 | V135: 51
A136: Brian Flynn, MON | B136: 78 | C136: 6 | D136: 8 | E136: 14 | F136: -2 | G136: 0 | H136: 1 | I136: 10 | J136: 60 | M136: Brian | N136: Flynn | O136: =M136&" "&N136 -> Brian Flynn | P136: 14 | R136: Joe | S136: Thornton | T136: =R136&" "&S136 -> Joe Thornton | U136: =VLOOKUP(T136,$O$1:$P$511,2,0) -> 77 | V136: 77
A137: Marko Dano, WPG | B137: 78 | C137: 11 | D137: 10 | E137: 22 | F137: -34 | G137: 1 | H137: 0 | I137: 33 | J137: 59 | M137: Marko | N137: Dano | O137: =M137&" "&N137 -> Marko Dano | P137: 22 | R137: Jarome | S137: Iginla | T137: =R137&" "&S137 -> Jarome Iginla | U137: =VLOOKUP(T137,$O$1:$P$511,2,0) -> 47 | V137: 47
A138: Kyle Brodziak, STL | B138: 78 | C138: 8 | D138: 3 | E138: 11 | F138: 5 | G138: 0 | H138: 1 | I138: 36 | J138: 58 | M138: Kyle | N138: Brodziak | O138: =M138&" "&N138 -> Kyle Brodziak | P138: 11 | R138: Justin | S138: Faulk | T138: =R138&" "&S138 -> Justin Faulk | U138: =VLOOKUP(T138,$O$1:$P$511,2,0) -> 48 | V138: 48
A139: Jacob Josefson, NJ | B139: 78 | C139: 6 | D139: 14 | E139: 20 | F139: -34 | G139: 5 | H139: 0 | I139: 27 | J139: 56 | M139: Jacob | N139: Josefson | O139: =M139&" "&N139 -> Jacob Josefson | P139: 20 | R139: Ryan | S139: Spooner | T139: =R139&" "&S139 -> Ryan Spooner | U139: =VLOOKUP(T139,$O$1:$P$511,2,0) -> 52 | V139: 52
A140: Teuvo Teravainen, CAR | B140: 78 | C140: 10 | D140: 18 | E140: 29 | F140: -54 | G140: 3 | H140: 0 | I140: 20 | J140: 56 | M140: Teuvo | N140: Teravainen | O140: =M140&" "&N140 -> Teuvo Teravainen | P140: 29 | R140: Blake | S140: Wheeler | T140: =R140&" "&S140 -> Blake Wheeler | U140: =VLOOKUP(T140,$O$1:$P$511,2,0) -> 80 | V140: 80
A141: Chris VandeVelde, PHI | B141: 78 | C141: 3 | D141: 12 | E141: 15 | F141: 0 | G141: 0 | H141: 0 | I141: 24 | J141: 55 | M141: Chris | N141: VandeVelde | O141: =M141&" "&N141 -> Chris VandeVelde | P141: 15 | R141: Patrick | S141: Kane | T141: =R141&" "&S141 -> Patrick Kane | U141: =VLOOKUP(T141,$O$1:$P$511,2,0) -> 112 | V141: 112
... A157: Corey Perry, ANA | B157: 78 | C157: 36 | D157: 32 | E157: 68 | F157: 11 | G157: 13 | H157: 0 | I157: 60 | J157: 275 | M157: Corey | N157: Perry | O157: =M157&" "&N157 -> Corey Perry | P157: 68 | R157: Wayne | S157: Simmonds | T157: =R157&" "&S157 -> Wayne Simmonds | U157: =VLOOKUP(T157,$O$1:$P$511,2,0) -> 65 | V157: 65
A158: James Neal, NSH | B158: 78 | C158: 32 | D158: 28 | E158: 61 | F158: 29 | G158: 7 | H158: 0 | I158: 58 | J158: 275 | M158: James | N158: Neal | O158: =M158&" "&N158 -> James Neal | P158: 61 | R158: Oliver | S158: Ekman-Lars… | T158: =R158&" "&S158 -> Oliver Ekman-Lars… | U158: =VLOOKUP(T158,$O$1:$P$511,2,0) -> #N/A | V158: #N/A
A159: Wayne Simmonds, PHI | B159: 78 | C159: 34 | D159: 30 | E159: 65 | F159: 0 | G159: 11 | H159: 0 | I159: 143 | J159: 271 | M159: Wayne | N159: Simmonds | O159: =M159&" "&N159 -> Wayne Simmonds | P159: 65 | R159: Jack | S159: Eichel | T159: =R159&" "&S159 -> Jack Eichel | U159: =VLOOKUP(T159,$O$1:$P$511,2,0) -> 54 | V159: 54
A160: Blake Wheeler, WPG | B160: 78 | C160: 27 | D160: 53 | E160: 80 | F160: -6 | G160: 11 | H160: 2 | I160: 46 | J160: 270 | M160: Blake | N160: Wheeler | O160: =M160&" "&N160 -> Blake Wheeler | P160: 80 | R160: Mark | S160: Giordano | T160: =R160&" "&S160 -> Mark Giordano | U160: =VLOOKUP(T160,$O$1:$P$511,2,0) -> 52 | V160: 52
A161: Patric Hornqvist, PIT | B161: 78 | C161: 27 | D161: 27 | E161: 55 | F161: 35 | G161: 9 | H161: 0 | I161: 43 | J161: 263 | M161: Patric | N161: Hornqvist | O161: =M161&" "&N161 -> Patric Hornqvist | P161: 55 | R161: Tomas | S161: Tatar | T161: =R161&" "&S161 -> Tomas Tatar | U161: =VLOOKUP(T161,$O$1:$P$511,2,0) -> 48 | V161: 48
A162: Mark Stone, OTT | B162: 78 | C162: 26 | D162: 44 | E162: 71 | F162: 12 | G162: 11 | H162: 1 | I162: 41 | J162: 249 | M162: Mark | N162: Stone | O162: =M162&" "&N162 -> Mark Stone | P162: 71 | R162: T.J. | S162: Oshie | T162: =R162&" "&S162 -> T.J. Oshie | U162: =VLOOKUP(T162,$O$1:$P$511,2,0) -> 56 | V162: 56
A163: Jakub Voracek, PHI | B163: 78 | C163: 15 | D163: 50 | E163: 66 | F163: 6 | G163: 13 | H163: 0 | I163: 40 | J163: 237 | M163: Jakub | N163: Voracek | O163: =M163&" "&N163 -> Jakub Voracek | P163: 66 | R163: Mikkel | S163: Boedker | T163: =R163&" "&S163 -> Mikkel Boedker | U163: =VLOOKUP(T163,$O$1:$P$511,2,0) -> 58 | V163: 58
A164: Brendan Gallagher, MON | B164: 78 | C164: 28 | D164: 29 | E164: 57 | F164: 7 | G164: 8 | H164: 0 | I164: 46 | J164: 236 | M164: Brendan | N164: Gallagher | O164: =M164&" "&N164 -> Brendan Gallagher | P164: 57 | R164: Brandon | S164: Saad | T164: =R164&" "&S164 -> Brandon Saad | U164: =VLOOKUP(T164,$O$1:$P$511,2,0) -> 54 | V164: 54
A165: T.J. Oshie, WAS | B165: 78 | C165: 29 | D165: 27 | E165: 56 | F165: 24 | G165: 9 | H165: 0 | I165: 41 | J165: 236 | M165: T.J. | N165: Oshie | O165: =M165&" "&N165 -> T.J. Oshie | P165: 56 | R165: Mark | S165: Stone | T165: =R165&" "&S165 -> Mark Stone | U165: =VLOOKUP(T165,$O$1:$P$511,2,0) -> 71 | V165: 71
A166: Mats Zuccarello, NYR | B166: 78 | C166: 27 | D166: 34 | E166: 62 | F166: 15 | G166: 11 | H166: 0 | I166: 39 | J166: 234 | M166: Mats | N166: Zuccarello | O166: =M166&" "&N166 -> Mats Zuccarello | P166: 62 | R166: Nicklas | S166: Backstrom | T166: =R166&" "&S166 -> Nicklas Backstrom | U166: =VLOOKUP(T166,$O$1:$P$511,2,0) -> 78 | V166: 78
A167: Marian Hossa, CHI | B167: 78 | C167: 21 | D167: 28 | E167: 49 | F167: 31 | G167: 7 | H167: 3 | I167: 30 | J167: 233 | M167: Marian | N167: Hossa | O167: =M167&" "&N167 -> Marian Hossa | P167: 49 | R167: Duncan | S167: Keith | T167: =R167&" "&S167 -> Duncan Keith | U167: =VLOOKUP(T167,$O$1:$P$511,2,0) -> 58 | V167: 58
A168: Tyler Toffoli, LA | B168: 78 | C168: 30 | D168: 26 | E168: 57 | F168: 19 | G168: 5 | H168: 0 | I168: 20 | J168: 230 | M168: Tyler | N168: Toffoli | O168: =M168&" "&N168 -> Tyler Toffoli | P168: 57 | R168: Chris | S168: Kreider | T168: =R168&" "&S168 -> Chris Kreider | U168: =VLOOKUP(T168,$O$1:$P$511,2,0) -> 46 | V168: 46
A169: P.A. Parenteau, NYI | B169: 78 | C169: 25 | D169: 24 | E169: 50 | F169: 25 | G169: 7 | H169: 0 | I169: 76 | J169: 223 | M169: P.A. | N169: Parenteau | O169: =M169&" "&N169 -> P.A. Parenteau | P169: 50 | R169: Justin | S169: Williams | T169: =R169&" "&S169 -> Justin Williams | U169: =VLOOKUP(T169,$O$1:$P$511,2,0) -> 53 | V169: 53
A170: Jiri Hudler, DAL | B170: 78 | C170: 19 | D170: 34 | E170: 54 | F170: 44 | G170: 8 | H170: 0 | I170: 36 | J170: 222 | M170: Jiri | N170: Hudler | O170: =M170&" "&N170 -> Jiri Hudler | P170: 54 | R170: Mats | S170: Zuccarello | T170: =R170&" "&S170 -> Mats Zuccarello | U170: =VLOOKUP(T170,$O$1:$P$511,2,0) -> 62 | V170: 62
... A176: Shane Doan, ARI | B176: 78 | C176: 31 | D176: 20 | E176: 51 | F176: -17 | G176: 8 | H176: 0 | I176: 90 | J176: 194 | M176: Shane | N176: Doan | O176: =M176&" "&N176 -> Shane Doan | P176: 51 | R176: Marian | S176: Hossa | T176: =R176&" "&S176 -> Marian Hossa | U176: =VLOOKUP(T176,$O$1:$P$511,2,0) -> 49 | V176: 49
A177: Jakob Silfverberg, ANA | B177: 78 | C177: 21 | D177: 24 | E177: 45 | F177: 18 | G177: 2 | H177: 0 | I177: 31 | J177: 191 | M177: Jakob | N177: Silfverberg | O177: =M177&" "&N177 -> Jakob Silfverberg | P177: 45 | R177: Tobias | S177: Rieder | T177: =R177&" "&S177 -> Tobias Rieder | U177: =VLOOKUP(T177,$O$1:$P$511,2,0) -> #N/A | V177: #N/A
A178: Jaromir Jagr, FLA | B178: 78 | C178: 24 | D178: 36 | E178: 60 | F178: -15 | G178: 6 | H178: 0 | I178: 48 | J178: 187 | M178: Jaromir | N178: Jagr | O178: =M178&" "&N178 -> Jaromir Jagr | P178: 60 | R178: Troy | S178: Brouwer | T178: =R178&" "&S178 -> Troy Brouwer | U178: =VLOOKUP(T178,$O$1:$P$511,2,0) -> 41 | V178: 41
A179: Teddy Purcell, LA | B179: 78 | C179: 17 | D179: 29 | E179: 47 | F179: 24 | G179: 7 | H179: 0 | I179: 13 | J179: 187 | M179: Teddy | N179: Purcell | O179: =M179&" "&N179 -> Teddy Purcell | P179: 47 | R179: Jori | S179: Lehtera | T179: =R179&" "&S179 -> Jori Lehtera | U179: =VLOOKUP(T179,$O$1:$P$511,2,0) -> 36 | V179: 36
A180: Ryan Hartman, CHI | B180: 78 | C180: 16 | D180: 24 | E180: 40 | F180: 38 | G180: 4 | H180: 0 | I180: 27 | J180: 183 | M180: Ryan | N180: Hartman | O180: =M180&" "&N180 -> Ryan Hartman | P180: 40 | R180: William | S180: Nylander | T180: =R180&" "&S180 -> William Nylander | U180: =VLOOKUP(T180,$O$1:$P$511,2,0) -> 52 | V180: 52
A181: David Pastrnak, BOS | B181: 78 | C181: 25 | D181: 17 | E181: 42 | F181: 22 | G181: 1 | H181: 0 | I181: 32 | J181: 180 | M181: David | N181: Pastrnak | O181: =M181&" "&N181 -> David Pastrnak | P181: 42 | R181: Drew | S181: Stafford | T181: =R181&" "&S181 -> Drew Stafford | U181: =VLOOKUP(T181,$O$1:$P$511,2,0) -> 40 | V181: 40
A182: Jordan Eberle, EDM | B182: 78 | C182: 31 | D182: 27 | E182: 59 | F182: -28 | G182: 8 | H182: 0 | I182: 16 | J182: 179 | M182: Jordan | N182: Eberle | O182: =M182&" "&N182 -> Jordan Eberle | P182: 59 | R182: Jake | S182: Muzzin | T182: =R182&" "&S182 -> Jake Muzzin | U182: =VLOOKUP(T182,$O$1:$P$511,2,0) -> 41 | V182: 41
A183: Cam Atkinson, CLB | B183: 78 | C183: 27 | D183: 25 | E183: 53 | F183: -18 | G183: 6 | H183: 0 | I183: 20 | J183: 177 | M183: Cam | N183: Atkinson | O183: =M183&" "&N183 -> Cam Atkinson | P183: 53 | R183: Brent | S183: Seabrook | T183: =R183&" "&S183 -> Brent Seabrook | U183: =VLOOKUP(T183,$O$1:$P$511,2,0) -> 50 | V183: 50
...
